question,RMV,REM,RGLAD,RLFC,truth,AND,OR
5cf83ba344578a0664d67122,1,1,1,1,1,1,1
5cf83c6044578a0664f36573,0,0,0,0,0,0,0
5cf83ce744578a06640706a7,1,1,1,1,1,1,1
5cf83d1244578a06640dbc22,0,0,0,0,0,0,0
5cf83df944578a066431b2b8,0,0,0,0,0,0,0
5cf83e1944578a0664369b61,0,0,0,0,0,0,0
5cf83e3444578a066439c5a4,1,1,1,1,1,1,1
5cf83e4a44578a06643d3f3e,0,0,0,0,0,0,0
5cf83f2044578a066457120c,1,1,1,1,1,1,1
5cf83f3f44578a066459e8d1,1,1,1,1,1,1,1
5cf83f4844578a06645ab505,0,0,0,0,0,0,0
5cf83f5544578a06645be578,1,1,1,1,1,1,1
5cf83fc144578a066465a640,0,0,0,0,0,0,0
5cf8467244578a066484fa9c,0,0,0,0,0,0,0
5cf846ff44578a066496bd56,0,0,0,0,0,0,0
5cf848c344578a0664c8adfd,0,0,0,0,0,0,0
5cf848e844578a0664cc68d3,1,1,1,1,1,1,1
5cf848ee44578a0664cd0a71,0,0,0,0,0,0,0
5cf84b1e44578a06640556e6,0,0,0,0,0,0,0
5cf84c0244578a0664187ca7,0,0,0,0,0,0,0
5cf84c4544578a06641e92d0,1,1,1,1,1,1,1
5cf84f6644578a06647332d5,1,1,1,1,1,1,1
5cf851e944578a0664bbbe82,1,1,1,1,1,1,1
5cf8529344578a0664cbbc9b,1,1,1,1,1,1,1
5cf8537044578a0664e0393d,1,1,1,1,1,1,1
5cf8537444578a0664e08d93,1,1,1,1,1,1,1
5cf8577c44578a066421a894,0,0,0,0,0,0,0
5cf857a844578a06642518f1,0,0,0,0,0,0,0
5cf8590044578a06643e93b8,0,0,0,0,0,0,0
5cf8596344578a066445f75d,0,0,0,0,0,0,0
5cf85a3d44578a0664566651,1,1,1,1,1,1,1
5cf85af344578a066463dec1,0,0,0,0,0,0,0
5cf85cdc44578a066487a137,1,1,1,1,1,1,1
5cf85dc444578a066498a16f,1,1,1,1,1,1,1
5cf85f6144578a0664cd5360,0,0,0,0,0,0,0
5cf85ff544578a0664dfab44,1,1,1,1,1,1,1
5cf8607644578a0664f0b963,1,0,1,0,1,0,1
5cf8607e44578a0664f1dd0e,0,0,0,0,0,0,0
5cf860ab44578a0664f77e11,1,1,1,1,1,1,1
5cf8616d44578a066409440c,1,0,1,0,1,0,1
5cf861c044578a066413f7ba,1,1,1,1,1,1,1
5cf861c144578a0664141717,1,0,1,0,1,0,1
5cf861c644578a066414ba39,0,0,0,0,0,0,0
5cf861c844578a0664151865,0,0,0,0,0,0,0
5cf8626944578a0664299add,1,1,1,1,1,1,1
5cf8626c44578a06642a194d,0,0,0,0,0,0,0
5cf8636044578a066447222c,1,1,1,1,1,1,1
5cf863f344578a06644d531e,1,1,1,1,1,1,1
5cf86b5e44578a066465b215,1,1,1,1,1,1,1
5cf86e0044578a066484f074,0,0,0,0,0,0,0
5cf86ece44578a06649a6136,0,0,0,0,0,0,0
5cf86ee844578a06649d7b9c,0,0,0,0,0,0,0
5cf871e344578a0664d71608,0,0,0,0,0,0,0
5cf8726a44578a0664e63030,1,1,1,1,1,1,1
5cf8733244578a0664f406fc,1,1,1,1,1,1,1
5cf8733244578a0664f419d6,1,1,1,1,1,1,1
5cf873eb44578a0664077ce4,1,1,1,1,1,1,1
5cf873eb44578a0664079688,0,0,0,0,0,0,0
5cf8748e44578a06641b221e,0,0,0,0,0,0,0
5cf8750944578a066423248c,0,0,0,0,0,0,0
5cf875b744578a066437a339,1,1,1,1,1,1,1
5cf875bf44578a0664386349,0,0,0,0,0,0,0
5cf875cd44578a06643a67e6,0,0,0,0,0,0,0
5cf8761444578a066442d364,1,1,1,1,1,1,1
5cf8781644578a066469449c,1,1,1,1,1,1,1
5cf878c544578a06647a3a6e,1,1,1,1,1,1,1
5cf878db44578a06647bde9a,0,0,0,0,0,0,0
5cf87a6344578a0664948812,0,0,0,0,0,0,0
5cf924ff44578a0664b27a0c,1,1,1,1,1,1,1
5cf925ab44578a0664b59b2c,1,0,1,0,1,0,1
5cf9260344578a0664b7e62a,1,0,1,0,1,0,1
5cf92afc44578a0664f3e78a,0,0,0,0,0,0,0
5cf92bae44578a0664fbc818,0,0,0,0,0,0,0
5cf92ddd44578a06641348fa,1,1,1,1,1,1,1
5cf92df444578a06641454d1,1,1,1,1,1,1,1
5cf92e1044578a06641671b7,0,0,0,0,0,0,0
5cf92f3844578a066426af1c,1,1,1,1,1,1,1
5cf92f5a44578a0664296a65,1,1,1,1,1,1,1
5cf92f6f44578a06642b3a4d,0,0,0,0,0,0,0
5cf9309c44578a06643bbbb9,0,0,0,0,0,0,0
5cf932db44578a0664651dc6,1,1,1,1,1,1,1
5cf965df44578a0664750cec,0,0,0,0,0,0,0
5cf965f944578a0664779052,0,0,0,0,0,0,0
5cf9664c44578a06647cdace,1,1,1,1,1,1,1
5cf9667e44578a06647dd820,1,1,1,1,1,1,1
5cf9671644578a066481c34f,0,0,0,0,0,0,0
5cf967c244578a06648d474f,0,0,0,0,0,0,0
5cf96a6a44578a0664bc61b6,0,0,0,0,0,0,0
5cf96a8d44578a0664c0e2c6,0,0,0,0,0,0,0
5cf96b2a44578a0664c719c4,0,0,0,0,0,0,0
5cf96f4844578a0664d7a3b5,1,1,1,1,1,1,1
5cf96fa444578a0664da6ace,0,0,0,0,0,0,0
5cf96fd644578a0664dc506d,0,0,0,0,0,0,0
5cf970c044578a0664e21c78,1,1,1,1,1,1,1
5cf9713444578a0664eb031b,0,0,0,0,0,0,0
5cf972d344578a0664f75b8e,0,0,0,0,0,0,0
5cf974b744578a066406d58a,1,1,1,1,1,1,1
5cf976a044578a06640e3d4f,0,0,0,0,0,0,0
5cf9790244578a066429d5db,0,0,0,0,0,0,0
5cf9792e44578a06642d1ee2,1,1,1,1,1,1,1
5cf9798744578a06642ebe27,0,0,0,0,0,0,0
5cf97a5844578a0664375462,0,0,0,0,0,0,0
5cf97b8244578a06644196ff,0,0,0,0,0,0,0
5cf97bd844578a066446eec3,1,1,1,1,1,1,1
5cf97cee44578a066453eef7,1,1,1,1,1,1,1
5cf97ecd44578a06646807c7,1,1,1,1,1,1,1
5cf9802644578a0664753ff2,0,0,0,0,0,0,0
5cf9811944578a0664816e93,0,0,0,0,0,0,0
5cf981d244578a06648f9ec6,0,0,0,0,0,0,0
5cf9831c44578a06649c2e36,0,0,0,0,0,0,0
5cf9839444578a06649e8d5f,1,1,1,1,1,1,1
5cf9874a44578a0664bae7a2,0,0,0,0,0,0,0
5cf9878944578a0664bdb728,1,1,1,1,1,1,1
5cf98a8b44578a0664eed60b,0,0,0,0,0,0,0
5cf98aa944578a0664f01d22,0,0,0,0,0,0,0
5cf98aaa44578a0664f02db9,1,1,1,1,1,1,1
5cf98c3c44578a066401b25e,0,0,0,0,0,0,0
5cf98c4444578a066402a8b7,0,0,0,0,0,0,0
5cf98d8144578a06641e177f,0,0,0,0,0,0,0
5cf98f4144578a066432fc8c,0,0,0,0,0,0,0
5cf98f9b44578a06643aff99,1,1,1,1,1,1,1
5cf98fff44578a0664435f35,0,0,0,0,0,0,0
5cf9900544578a06644418a8,1,1,1,1,1,1,1
5cf9902a44578a06644685de,0,0,0,0,0,0,0
5cf9908f44578a06644b6e8b,0,0,0,0,0,0,0
5cf9983344578a066489a01c,1,1,1,1,1,1,1
5cf99d1c44578a0664b0b39e,1,1,1,1,1,1,1
5cf99eee44578a0664c83499,0,0,0,0,0,0,0
5cf99f7c44578a0664d11b0f,0,0,0,0,0,0,0
5cf99fe944578a0664d591ce,1,1,1,1,1,1,1
5cf9a02044578a0664dc2b72,1,1,1,1,1,1,1
5cf9a19944578a0664eb158e,0,0,0,0,0,0,0
5cf9a2a944578a0664fbd84a,0,0,0,0,0,0,0
5cf9a78844578a06642def77,0,0,0,0,0,0,0
5cf9a92744578a066447f1fe,0,0,0,0,0,0,0
5cf9aac144578a0664510fd7,0,0,0,0,0,0,0
5cf9ab9844578a0664576f86,0,0,0,0,0,0,0
5cf9ac4644578a06645ec123,0,0,0,0,0,0,0
5cf9ac4c44578a06645f4107,1,1,1,1,1,1,1
5cf9ac8444578a0664614113,1,1,1,1,1,1,1
5cf9aea544578a06646cfc06,0,0,0,0,0,0,0
5cf9b28d44578a0664864cff,1,1,1,1,1,1,1
5cf9b39e44578a06648eeec4,1,1,1,1,1,1,1
5cf9b3ca44578a0664909a80,0,0,0,0,0,0,0
5cf9b4e544578a06649866dc,1,1,1,1,1,1,1
5cf9b53044578a06649b0535,0,0,0,0,0,0,0
5cf9b59744578a06649f72ab,1,1,1,1,1,1,1
5cf9b70c44578a0664aa40f7,1,1,1,1,1,1,1
5cf9b83544578a0664b5234e,1,1,1,1,1,1,1
5cf9b83e44578a0664b5b38e,1,1,1,1,1,1,1
5cf9b86c44578a0664bb246f,0,0,0,0,0,0,0
5cf9c0fc44578a0664fc61f5,0,0,0,0,0,0,0
5cf9c3ab44578a0664107102,1,1,1,1,1,1,1
5cf9c4bf44578a0664183fdd,0,0,0,0,0,0,0
5cf9c56f44578a066421d2a7,1,1,1,1,1,1,1
5cf9c66644578a06642c1d7b,1,1,1,1,1,1,1
5cf9c6a344578a06642f27d9,0,0,0,0,0,0,0
5cf9c6cc44578a066431c79f,1,1,1,1,1,1,1
5cf9c77244578a06643c2d31,1,1,1,1,1,1,1
5cf9c7ff44578a066442c4ba,0,0,0,0,0,0,0
5cf9cb2144578a066467e913,1,1,1,1,1,1,1
5cf9cb3344578a066468fb7e,0,0,0,0,0,0,0
5cf9cb3d44578a0664698d38,1,1,1,1,1,1,1
5cf9cc3b44578a06647b00a6,0,0,0,0,0,0,0
5cf9cd9244578a066489b1b9,1,1,1,1,1,1,1
5cf9d18544578a0664a8a7a7,1,1,1,1,1,1,1
5cf9d1c844578a0664abab65,1,1,1,1,1,1,1
5cf9d2f544578a0664b0807f,1,1,1,1,1,1,1
5cfd474a44578a0664c8da6e,0,0,0,0,0,0,0
5cfd4bf644578a0664e908a8,0,0,0,0,0,0,0
5cfd52a344578a06641b4fa4,1,1,1,1,1,1,1
5cfd52b644578a06641d4652,1,1,1,1,1,1,1
5cfd536f44578a06642166b0,0,0,0,0,0,0,0
5cfd550944578a0664259a67,0,0,0,0,0,0,0
5cfd559144578a066429314d,1,1,1,1,1,1,1
5cfd55a044578a06642a5cf5,0,0,0,0,0,0,0
5cfd582744578a06643b3faa,0,0,0,0,0,0,0
5cfd5b1344578a0664487ce1,1,0,1,0,0,0,1
5cfd5ba944578a06644f90fa,1,1,1,1,1,1,1
5cfd610044578a06647b8a5b,1,1,1,1,1,1,1
5cfd611c44578a06647d3bae,1,1,1,1,1,1,1
5cfd615044578a06647ea188,1,0,1,0,1,0,1
5cfd61aa44578a066483a89d,0,0,0,0,0,0,0
5cfd63cf44578a06648f9a17,1,1,1,1,1,1,1
5cfd65cd44578a0664a48556,0,0,0,0,0,0,0
5cfd66a144578a0664ab34b8,1,1,1,1,1,1,1
5cfd675e44578a0664b14eca,0,0,0,0,0,0,0
5cfd683544578a0664b83e94,1,0,1,0,1,0,1
5cfd688644578a0664b95c80,1,1,1,1,1,1,1
5cfd694b44578a0664c1b6df,0,0,0,0,0,0,0
5cfd6af344578a0664d29310,0,0,0,0,0,0,0
5cfd6c6c44578a0664db21c7,1,1,1,1,1,1,1
5cfd6cb744578a0664dd4201,0,0,0,0,0,0,0
5cff032744578a0664f45488,0,0,0,0,0,0,0
5d09990744578a00e069fc5e,0,0,0,0,0,0,0
5d099aed44578a00e07c82fd,1,1,1,1,1,1,1
5d099b0e44578a00e07dc5f6,0,0,0,0,0,0,0
5d09a22f44578a00e0a527dc,0,0,0,0,0,0,0
5d09a5e644578a00e0c0a902,1,0,1,0,1,0,1
5d09ab5444578a00e0d7ca07,0,0,0,0,0,0,0
5d09afbb44578a00e00e7092,0,0,0,0,0,0,0
5d09b17044578a00e032ded7,0,0,0,0,0,0,0
5d09b19844578a00e0374511,1,1,1,1,1,1,1
5d09b1f644578a00e04237fd,0,0,0,0,0,0,0
5d09b1fa44578a00e042cf84,0,0,0,0,0,0,0
5d09b20444578a00e043f491,1,1,1,1,1,1,1
5d09b3dd44578a00e06ffefa,1,1,1,1,1,1,1
5d09b47244578a00e07be9ae,1,1,1,1,1,1,1
5d09b52f44578a00e07e1fd4,0,1,0,1,1,0,1
5d09b5d444578a00e08ad350,0,0,0,0,0,0,0
5d09b5d444578a00e08ad6d6,1,1,1,1,1,1,1
5d09b96f44578a00e09f01e6,0,0,0,0,0,0,0
5d09bb0f44578a00e0ab22dd,0,0,0,0,0,0,0
5d09bec444578a00e0de6a89,0,0,0,0,0,0,0
5d09bf1244578a00e0e3b180,1,1,1,1,1,1,1
5d09c07b44578a00e0eb37c3,0,0,0,0,0,0,0
5d09c22344578a00e0f50200,0,0,0,0,0,0,0
5d09c58a44578a00e017155a,1,1,1,1,1,1,1
5d09c9e544578a00e036831b,1,1,1,1,1,1,1
5d09ca5744578a00e03ad08d,0,0,0,0,0,0,0
5d09cae144578a00e03e868b,1,1,1,1,1,1,1
5d09caf744578a00e040daba,0,0,0,0,0,0,0
5d09ce8144578a00e059e336,0,0,0,0,0,0,0
5d09cf1344578a00e05dafb0,0,0,0,0,0,0,0
5d09d0a744578a00e06814cc,0,0,0,0,0,0,0
5d09d51144578a00e081653d,0,0,0,0,0,0,0
5d09d74b44578a00e08d582d,0,0,0,0,0,0,0
5d09d85d44578a00e097aad3,1,0,1,0,0,0,1
5d09d90444578a00e09ac9f9,0,0,0,0,0,0,0
5d09da6444578a00e0a7acc3,0,0,0,0,0,0,0
5d09db3944578a00e0b2f57d,1,1,1,1,1,1,1
5d09dc3244578a00e0c44a20,1,1,1,1,1,1,1
5d09dce144578a00e0ccd4a4,1,1,1,1,1,1,1
5d09df4444578a00e0de17e3,0,0,0,0,0,0,0
5d09dfe944578a00e0ec8eff,0,1,0,1,1,0,1
5d09e0ab44578a00e0f615c1,0,0,0,0,0,0,0
5d09e46844578a00e014ee2b,1,1,1,1,1,1,1
5d09e7f044578a00e038b8ff,1,0,1,0,1,0,1
5d09eaf944578a00e0518c1b,0,0,0,0,0,0,0
5d09f17044578a00e07b7074,0,0,0,0,0,0,0
5d09f1fa44578a00e07f12f4,0,0,0,0,0,0,0
5d09f2c644578a00e086a688,1,0,1,0,0,0,1
5d09f88844578a00e0a2f147,1,1,1,1,1,1,1
5d09fcd044578a00e0bf6335,1,1,1,1,1,1,1
5d09fcf844578a00e0c08241,1,1,1,1,1,1,1
5d09ff4444578a00e0d0d89d,0,0,0,0,0,0,0
5d09ffd344578a00e0d5253b,0,0,0,0,0,0,0
5d0a002f44578a00e0d83cc9,1,1,1,1,1,1,1
5d0a006044578a00e0db79cc,0,0,0,0,0,0,0
5d0a01e644578a00e0ee26ef,0,0,0,0,0,0,0
5d0a022244578a00e0f2fe9c,0,1,0,1,0,0,1
5d0a027944578a00e0f4bf78,0,1,0,1,0,0,1
5d0a04b944578a00e005df49,1,1,1,1,1,1,1
5d0a04f744578a00e0091c80,0,0,0,0,0,0,0
5d0a059744578a00e00e75a5,1,1,1,1,1,1,1
5d0a062a44578a00e0135cea,0,0,0,0,0,0,0
5d0a063c44578a00e01527ba,0,0,0,0,0,0,0
5d0a0a5d44578a00e04cf35a,0,0,0,0,0,0,0
5d0a0b7844578a00e05d023c,0,0,0,0,0,0,0
5d0a0bbe44578a00e061ced2,0,0,0,0,0,0,0
5d0a0c0044578a00e065f0c3,0,0,0,0,0,0,0
5d0a0d2444578a00e07aa039,1,1,1,1,1,1,1
5d0a0d4044578a00e07dba23,1,1,1,1,1,1,1
5d0a0d8d44578a00e084dfe5,0,0,0,0,0,0,0
5d0a112344578a00e09d21f2,1,1,1,1,1,1,1
5d0a117a44578a00e09ff432,0,0,0,0,0,0,0
5d0a123044578a00e0a54b18,0,1,0,1,0,0,1
5d0a128444578a00e0a8b034,0,0,0,0,0,0,0
5d0a16a344578a00e0cedaf0,0,0,0,0,0,0,0
5d0a1a3244578a00e0e7f622,1,1,1,1,1,1,1
5d0a1cd044578a00e001bfeb,0,0,0,0,0,0,0
5d0a1da044578a00e0074125,0,0,0,0,0,0,0
5d0a224144578a00e0292255,0,0,0,0,0,0,0
5d0a275644578a00e05482ef,0,0,0,0,0,0,0
5d0a28df44578a00e05f3225,0,0,0,0,0,0,0
5d0a2b8f44578a00e06f87d0,0,0,0,0,0,0,0
5d0a2cf144578a00e07be6e8,0,0,0,0,0,0,0
5d0a2d2644578a00e07ddff9,0,0,0,0,0,0,0
5d0a2e0244578a00e086cfc7,0,0,0,0,0,0,0
5d0a30eb44578a00e0a829cd,1,1,1,1,1,1,1
5d0a30fd44578a00e0a91ebc,0,1,0,1,0,0,1
5d0a311744578a00e0ab44d1,0,0,0,0,0,0,0
5d0a319844578a00e0ae2590,1,1,1,1,1,1,1
5d0a319c44578a00e0ae9035,1,1,1,1,1,1,1
5d0a320344578a00e0b90651,0,0,0,0,0,0,0
5d0a348544578a00e0d6122f,1,0,1,0,0,0,1
5d0a37bf44578a00e0f13c57,0,0,0,0,0,0,0
5d0a3ecb44578a00e01e6859,0,0,0,0,0,0,0
5d0a416444578a00e0339b71,1,1,1,1,1,1,1
5d0a428244578a00e052a9b3,0,0,0,0,0,0,0
5d0a45cb44578a00e0848347,1,1,1,1,1,1,1
5d0a476d44578a00e0975789,0,0,0,0,0,0,0
5d0d73bf44578a0ea45e606b,0,0,0,0,0,0,0
5d0d76b144578a0ea46428c1,0,0,0,0,0,0,0
5d0d770644578a0ea465cdc8,1,1,1,1,1,1,1
5d0d786f44578a0ea474bf6c,0,0,0,0,0,0,0
5d0d78b644578a0ea479b30b,0,1,0,1,1,0,1
5d0d7da144578a0ea49a04b3,0,0,0,0,0,0,0
5d0d7df544578a0ea49d04e7,1,1,1,1,1,1,1
5d0d7e3844578a0ea4a09977,0,0,0,0,0,0,0
5d0d7fcd44578a0ea4aa78dc,0,0,0,0,0,0,0
5d0d886044578a0ea4d3ccc8,0,0,0,0,0,0,0
5d0d8c1844578a0ea40e18e0,1,1,1,1,1,1,1
5d0d8c4044578a0ea4101858,0,0,0,0,0,0,0
5d0d8dc644578a0ea42b09ef,1,0,1,0,0,0,1
5d0d8de844578a0ea42c8aa7,0,0,0,0,0,0,0
5d0d8ec244578a0ea43857b9,0,0,0,0,0,0,0
5d0d8f2a44578a0ea4445205,1,1,1,1,1,1,1
5d0d8f4e44578a0ea4484e4c,0,0,0,0,0,0,0
5d0d8f9744578a0ea4519751,0,0,0,0,0,0,0
5d0d8fa944578a0ea4541cd5,0,0,0,0,0,0,0
5d0d90d744578a0ea472b7e3,1,1,1,1,1,1,1
5d0d911c44578a0ea479b777,0,0,0,0,0,0,0
5d0d91e944578a0ea48d37a8,0,0,0,0,0,0,0
5d0d929644578a0ea49f5688,1,1,1,1,1,1,1
5d0d929944578a0ea49f9c73,1,1,1,1,1,1,1
5d0d94e644578a0ea4d4e87c,0,0,0,0,0,0,0
5d0d966d44578a0ea4dfb48f,0,0,0,0,0,0,0
5d0d980b44578a0ea4051499,0,0,0,0,0,0,0
5d0d982044578a0ea407efb4,0,0,0,0,0,0,0
5d0d991444578a0ea42203a3,1,1,1,1,1,1,1
5d0d9af644578a0ea4422f0f,0,0,0,0,0,0,0
5d0d9b4144578a0ea44ac719,1,1,1,1,1,1,1
5d0d9b9b44578a0ea456a35e,1,0,1,0,0,0,1
5d0d9ba344578a0ea457bfa0,0,0,0,0,0,0,0
5d0d9bad44578a0ea4593a41,0,1,0,1,0,0,1
5d0d9bf944578a0ea4610b20,1,1,1,1,1,1,1
5d0d9ee344578a0ea46f1942,1,1,1,1,1,1,1
5d0d9f0144578a0ea4714d51,0,0,0,0,0,0,0
5d0d9f3744578a0ea4758ae8,0,0,0,0,0,0,0
5d0da0c644578a0ea48151e6,1,1,1,1,1,1,1
5d0da41c44578a0ea49bc78f,0,0,0,0,0,0,0
5d0da4a144578a0ea4a191e9,0,0,0,0,0,0,0
5d0da56d44578a0ea4acd29a,1,0,1,0,0,0,1
5d0da5f744578a0ea4b28ea4,0,0,0,0,0,0,0
5d0da6de44578a0ea4c239e6,0,0,0,0,0,0,0
5d0da70444578a0ea4c4f58e,1,1,1,1,1,1,1
5d0da86c44578a0ea4db74cc,0,0,0,0,0,0,0
5d0da97144578a0ea4ec753f,0,0,0,0,0,0,0
5d0da9c744578a0ea4f2a2ff,0,0,0,0,0,0,0
5d0da9cb44578a0ea4f2fc27,1,1,1,1,1,1,1
5d0da9e144578a0ea4f4debe,0,0,0,0,0,0,0
5d0dac6644578a0ea40e43f3,1,1,1,1,1,1,1
5d0daf3944578a0ea432d41e,1,1,1,1,1,1,1
5d0db04344578a0ea4431324,0,0,0,0,0,0,0
5d0db0dd44578a0ea4506e18,0,0,0,0,0,0,0
5d0db35e44578a0ea48577d3,0,0,0,0,0,0,0
5d0db40144578a0ea491be58,1,1,1,1,1,1,1
5d0db4f644578a0ea49fe10d,1,1,1,1,1,1,1
5d0dba4b44578a0ea4f51ac6,0,0,0,0,0,0,0
5d0dbc0144578a0ea4076270,1,1,1,1,1,1,1
5d0dbc9144578a0ea4103931,1,1,1,1,1,1,1
5d0dbcad44578a0ea4125dc3,0,0,0,0,0,0,0
5d0dbe7c44578a0ea4269063,1,1,1,1,1,1,1
5d0dbecc44578a0ea4305de4,0,0,0,0,0,0,0
5d0dbf7744578a0ea43fc169,0,0,0,0,0,0,0
5d0dbf8d44578a0ea442996d,0,0,0,0,0,0,0
5d0dbfe644578a0ea44dc1ab,1,1,1,1,1,1,1
5d0dc06244578a0ea45cb498,0,0,0,0,0,0,0
5d0dc0b444578a0ea465a879,1,1,1,1,1,1,1
5d0dc16a44578a0ea4750956,0,0,0,0,0,0,0
5d0dc26a44578a0ea4826591,1,1,1,1,1,1,1
5d0dc34d44578a0ea497d156,0,0,0,0,0,0,0
5d0dc3af44578a0ea4a1a666,1,1,1,1,1,1,1
5d0dc3c244578a0ea4a313b0,0,0,0,0,0,0,0
5d0dc41e44578a0ea4aa3ff7,1,1,1,1,1,1,1
5d0dc44144578a0ea4ae6201,0,0,0,0,0,0,0
5d0dc48044578a0ea4b3feb4,1,1,1,1,1,1,1
5d0dc54544578a0ea4c5c49e,1,1,1,1,1,1,1
5d0dc59a44578a0ea4cdb173,0,0,0,0,0,0,0
5d0dc5b844578a0ea4d09286,0,0,0,0,0,0,0
5d0dc5e944578a0ea4d54967,0,0,0,0,0,0,0
5d0dc67544578a0ea4e2eb90,1,1,1,1,1,1,1
5d0dc84a44578a0ea402e46d,1,1,1,1,1,1,1
5d0dc8ac44578a0ea40f11fd,0,0,0,0,0,0,0
5d0dc95d44578a0ea4237639,0,1,0,1,1,0,1
5d0dca5d44578a0ea43ce012,1,1,1,1,1,1,1
5d0dcad744578a0ea4493e30,1,1,1,1,1,1,1
5d0dcc6244578a0ea466b5dd,0,0,0,0,0,0,0
5d0dcd3144578a0ea475f2e9,1,1,1,1,1,1,1
5d0dcdb844578a0ea47ec6af,1,1,1,1,1,1,1
5d0dcdbe44578a0ea47f8645,0,0,0,0,0,0,0
5d0dd09044578a0ea4b7a817,0,0,0,0,0,0,0
5d0dd12c44578a0ea4cb1464,1,1,1,1,1,1,1
5d0dd13844578a0ea4cca688,0,0,0,0,0,0,0
5d0dd13844578a0ea4ccaa38,0,0,0,0,0,0,0
5d0dd20a44578a0ea4e5fa0d,0,0,0,0,0,0,0
5d0dd21944578a0ea4e71cef,1,1,1,1,1,1,1
5d0dd26744578a0ea4ee0b7b,0,0,0,0,0,0,0
5d0dd2ca44578a0ea4fafce1,0,0,0,0,0,0,0
5d0dd2d044578a0ea4fbc67d,1,1,1,1,1,1,1
5d0dd2d444578a0ea4fc7562,1,1,1,1,1,1,1
5d0dd2fc44578a0ea401ee77,0,0,0,0,0,0,0
5d0dd30144578a0ea4027c39,0,0,0,0,0,0,0
5d0dd53d44578a0ea446ba30,0,0,0,0,0,0,0
5d0dd60a44578a0ea45acc30,0,0,0,0,0,0,0
5d0dd66344578a0ea4670c9d,1,0,1,0,1,0,1
5d0dd68a44578a0ea46ac975,0,0,0,0,0,0,0
5d0dd6f344578a0ea477b4ed,0,0,0,0,0,0,0
5d0dd77544578a0ea485a988,0,0,0,0,0,0,0
5d0dd79c44578a0ea488e8e7,1,0,1,0,1,0,1
5d0dd7f144578a0ea48da2f7,1,1,1,1,1,1,1
5d0dd8b644578a0ea49cb6da,0,0,0,0,0,0,0
5d0dd94c44578a0ea4ad6d65,1,1,1,1,1,1,1
5d0dd9ba44578a0ea4bb8bc5,1,1,1,1,1,1,1
5d0dda5044578a0ea4ca9679,0,0,0,0,0,0,0
5d0ddafb44578a0ea4db97ae,1,1,1,1,1,1,1
5d0ddb2944578a0ea4df15de,0,0,0,0,0,0,0
5d0ddbae44578a0ea4e63e30,1,1,1,1,1,1,1
5d0ddc0c44578a0ea4ed2a84,0,0,0,0,0,0,0
5d0ddc6544578a0ea4f90ccf,1,1,1,1,1,1,1
5d0ddd0144578a0ea4059524,0,0,0,0,0,0,0
5d0ddd6a44578a0ea4135ff8,0,0,0,0,0,0,0
5d0dde4d44578a0ea42f03f5,1,1,1,1,1,1,1
5d0ddee144578a0ea43f4408,1,1,1,1,1,1,1
5d0de0bc44578a0ea4536888,1,1,1,1,1,1,1
5d0de0d444578a0ea4566174,1,1,1,1,1,1,1
5d0de0f644578a0ea459d222,1,1,1,1,1,1,1
5d0de10a44578a0ea45c9a77,0,0,0,0,0,0,0
5d0de6e244578a0ea490ddce,1,1,1,1,1,1,1
5d0de82f44578a0ea4ab8e0e,1,1,1,1,1,1,1
5d0de93844578a0ea4b99b3f,0,0,0,0,0,0,0
5d0dea2144578a0ea4c92735,0,0,0,0,0,0,0
5d0dea7144578a0ea4d00af5,1,1,1,1,1,1,1
5d0dec2e44578a0ea4f22b4e,0,0,0,0,0,0,0
5d0dec7144578a0ea4fb0f7c,0,0,0,0,0,0,0
5d0dec9d44578a0ea400f457,0,0,0,0,0,0,0
5d0decc044578a0ea403e8b6,1,1,1,1,1,1,1
5d0decf944578a0ea40ba7d5,1,1,1,1,1,1,1
5d0ded1644578a0ea40f7453,1,1,1,1,1,1,1
5d0ded5b44578a0ea418eecf,1,1,1,1,1,1,1
5d0dee7544578a0ea431ae30,1,1,1,1,1,1,1
5d0dee8144578a0ea43326f5,1,1,1,1,1,1,1
5d0def8b44578a0ea45315dd,0,0,0,0,0,0,0
5d0def9c44578a0ea454c50f,0,1,0,1,0,0,1
5d0defe444578a0ea45c0a00,0,0,0,0,0,0,0
5d0df03744578a0ea46676bb,0,1,0,1,1,0,1
5d0df08144578a0ea470173f,0,0,0,0,0,0,0
5d0df0a944578a0ea4754215,0,0,0,0,0,0,0
5d0df0d544578a0ea47ade60,0,0,0,0,0,0,0
5d0df15744578a0ea48c6390,0,0,0,0,0,0,0
5d0df15844578a0ea48c84a3,0,0,0,0,0,0,0
5d0df24844578a0ea49c7c61,0,0,0,0,0,0,0
5d0df4b544578a0ea4c6f3d8,1,1,1,1,1,1,1
5d0df51944578a0ea4d13dea,0,0,0,0,0,0,0
5d0df59a44578a0ea4dc6e37,0,0,0,0,0,0,0
5d0df64444578a0ea4f2779a,1,0,1,0,0,0,1
5d0df6f644578a0ea40a329b,1,1,1,1,1,1,1
5d0df79f44578a0ea41fe8e9,0,0,0,0,0,0,0
5d0df7c144578a0ea424479c,0,0,0,0,0,0,0
5d0df7d944578a0ea42755d3,1,1,1,1,1,1,1
5d0dfa8444578a0ea45ea6c7,1,1,1,1,1,1,1
5d0dfb8144578a0ea46da26e,0,0,0,0,0,0,0
5d0dfbdb44578a0ea474081d,0,0,0,0,0,0,0
5d0dfe2944578a0ea48e54bf,1,1,1,1,1,1,1
5d0ea01444578a148050fd50,0,0,0,0,0,0,0
5d0ea08944578a14805445b3,1,1,1,1,1,1,1
5d0ea31944578a14806828ab,0,0,0,0,0,0,0
5d0ea59644578a14807c6664,0,0,0,0,0,0,0
5d0ea5cd44578a14807f83d9,1,1,1,1,1,1,1
5d0ea75e44578a1480960803,0,0,0,0,0,0,0
5d0ea82044578a1480a146bb,0,0,0,0,0,0,0
5d0ea8b844578a1480a9bdc3,0,0,0,0,0,0,0
5d0ea99e44578a1480b70fde,0,0,0,0,0,0,0
5d0eac5644578a1480dd656d,0,0,0,0,0,0,0
5d0ead1044578a1480e816ed,0,0,0,0,0,0,0
5d0ead5344578a1480ec0f75,0,0,0,0,0,0,0
5d0ead9944578a1480f0a59d,0,0,0,0,0,0,0
5d0eada144578a1480f11cb2,0,0,0,0,0,0,0
5d0eae0444578a1480f697e5,0,1,0,1,1,0,1
5d0eae4944578a1480fa0c49,0,0,0,0,0,0,0
5d0eae5f44578a1480fb6b94,0,0,0,0,0,0,0
5d0eaf4044578a148009a65c,0,0,0,0,0,0,0
5d0eb06b44578a14801ec660,1,1,1,1,1,1,1
5d0eb06f44578a14801f1a44,0,0,0,0,0,0,0
5d0eb20944578a148034bece,0,0,0,0,0,0,0
5d0eb3cb44578a148045f67d,0,0,0,0,0,0,0
5d0eb86d44578a1480a6a59c,0,0,0,0,0,0,0
5d0eb8f244578a1480afa0f7,0,0,0,0,0,0,0
5d0eba6844578a1480d500d3,0,0,0,0,0,0,0
5d0ebc2744578a1480f27794,0,0,0,0,0,0,0
5d0ebdcc44578a148012b41e,0,0,0,0,0,0,0
5d0ebe4444578a14801eb385,1,1,1,1,1,1,1
5d0ebf0544578a14802f209d,0,0,0,0,0,0,0
5d0ebf9c44578a1480370418,0,0,0,0,0,0,0
5d0ec04e44578a14804957c8,0,0,0,0,0,0,0
5d0ec05944578a14804a7ebd,0,1,0,1,1,0,1
5d0ec26444578a14807530db,0,0,0,0,0,0,0
5d0ec27944578a148076e047,0,0,0,0,0,0,0
5d0ec60644578a1480a1a7d5,0,0,0,0,0,0,0
5d0ec61a44578a1480a35e0e,0,0,0,0,0,0,0
5d0ec6af44578a1480b0c868,0,0,0,0,0,0,0
5d0ec7cd44578a1480cb0be1,0,0,0,0,0,0,0
5d0ec80d44578a1480d16258,0,0,0,0,0,0,0
5d0ec87744578a1480da65dd,0,0,0,0,0,0,0
5d0ec89c44578a1480dda44e,0,0,0,0,0,0,0
5d0ecab744578a1480077c48,0,0,0,0,0,0,0
5d0ecaf944578a14800db7f9,0,0,0,0,0,0,0
5d0ecb3b44578a148013d442,0,0,0,0,0,0,0
5d0ecb4c44578a148014aab9,0,0,0,0,0,0,0
5d0ecc0d44578a1480200e3a,0,1,0,1,1,0,1
5d0ecc1144578a1480208c4e,1,1,1,1,1,1,1
5d0ecc2844578a1480225969,0,0,0,0,0,0,0
5d0ecc9544578a14802bbabe,1,1,1,1,1,1,1
5d0eccb744578a14802e838c,0,0,0,0,0,0,0
5d0ecd8344578a1480468d1c,0,0,0,0,0,0,0
5d0ecd8a44578a14804778fb,0,0,0,0,0,0,0
5d0ecfdb44578a14805c17ed,0,0,0,0,0,0,0
5d0ed04944578a14805e3151,0,1,0,1,0,0,1
5d0ed25444578a148078cff6,0,0,0,0,0,0,0
5d0ed26b44578a14807b76d4,1,1,1,1,1,1,1
5d0ed27744578a14807c9c09,1,1,1,1,1,1,1
5d0ed27e44578a14807d601f,0,0,0,0,0,0,0
5d0ed2ce44578a148086aaab,0,0,0,0,0,0,0
5d0ed47944578a1480961f49,0,0,0,0,0,0,0
5d0ed6a744578a1480b6c4a9,0,0,0,0,0,0,0
5d0ed7db44578a1480d3d6b9,0,1,0,1,0,0,1
5d0ed99144578a1480f0a9d6,0,0,0,0,0,0,0
5d0eda7244578a148004334e,0,0,0,0,0,0,0
5d0edcdd44578a148023eaf5,0,0,0,0,0,0,0
5d0edd2944578a14802af39d,0,0,0,0,0,0,0
5d0eddc744578a14803b96aa,0,0,0,0,0,0,0
5d0ede8244578a1480421cbe,0,0,0,0,0,0,0
5d0edf8344578a148057975c,1,1,1,1,1,1,1
5d0ee06744578a14806dde90,1,0,1,0,0,0,1
5d0ee0e544578a148076ceaa,1,1,1,1,1,1,1
5d0ee0fc44578a14807876ea,1,1,1,1,1,1,1
5d0ee12b44578a14807a6c19,1,1,1,1,1,1,1
5d0ee29e44578a14809d6cd3,1,0,1,0,0,0,1
5d0ee46144578a1480b9fd72,0,0,0,0,0,0,0
5d0ee4de44578a1480c65dea,1,1,1,1,1,1,1
5d0ee52844578a1480cd4044,0,0,0,0,0,0,0
5d0ee5b944578a1480de4707,0,0,0,0,0,0,0
5d0ee62a44578a1480e8a5e4,1,1,1,1,1,1,1
5d0ee7cb44578a1480f6b719,0,1,0,1,0,0,1
5d0eeb9844578a148034db88,0,0,0,0,0,0,0
5d0ef1ff44578a14805f485f,0,0,0,0,0,0,0
5d0ef24244578a1480671aae,0,0,0,0,0,0,0
5d0ef24c44578a14806855c5,1,1,1,1,1,1,1
5d0ef2a444578a14807073ee,0,0,0,0,0,0,0
5d0ef3ae44578a14808fecc9,0,0,0,0,0,0,0
5d0ef4c644578a1480af5fbe,0,0,0,0,0,0,0
5d0ef4ee44578a1480b423f5,1,1,1,1,1,1,1
5d0ef63d44578a1480d82573,0,1,0,1,0,0,1
5d0ef64c44578a1480d98b9b,0,0,0,0,0,0,0
5d0ef6bc44578a1480e5ab54,0,0,0,0,0,0,0
5d0ef71a44578a1480ef38d4,1,1,1,1,1,1,1
5d0ef72944578a1480f0a6e1,0,0,0,0,0,0,0
5d0ef74d44578a1480f456af,0,0,0,0,0,0,0
5d0ef76844578a1480f70036,1,1,1,1,1,1,1
5d0ef7ff44578a148004ce89,1,1,1,1,1,1,1
5d0ef8e944578a14801eb8be,1,1,1,1,1,1,1
5d0ef90844578a148021e82f,0,0,0,0,0,0,0
5d0ef9d444578a1480330ebd,0,0,0,0,0,0,0
5d0efa0c44578a1480391c21,0,0,0,0,0,0,0
5d0efca144578a148052f0f7,0,0,0,0,0,0,0
5d0efcee44578a14805a662d,0,0,0,0,0,0,0
5d0efcef44578a14805a8897,0,0,0,0,0,0,0
5d0effad44578a1480958e23,0,0,0,0,0,0,0
5d0f005444578a1480a5de4f,0,0,0,0,0,0,0
5d0f039a44578a1480d8f831,0,0,0,0,0,0,0
5d0fb0fc44578a1480f09226,1,1,1,1,1,1,1
5d0fb53d44578a14801a0355,0,0,0,0,0,0,0
5d0fbb0d44578a14803aec1c,0,0,0,0,0,0,0
5d0fbb7444578a148041672b,0,0,0,0,0,0,0
5d0fbb9744578a1480439e4d,0,0,0,0,0,0,0
5d0fd05d44578a1e14585d6f,0,0,0,0,0,0,0
5d0feea344578a0ddc259488,1,1,1,1,1,1,1
5d0ff35a44578a0ddc38ee33,0,0,0,0,0,0,0
5d0ff3b344578a0ddc3b7e0b,0,0,0,0,0,0,0
5d0ff4c044578a0ddc469234,0,0,0,0,0,0,0
5d0ff7ca44578a0ddc678168,0,0,0,0,0,0,0
5d0ffa0244578a0ddc82dae1,0,0,0,0,0,0,0
5d0ffa1444578a0ddc83c382,0,1,0,1,0,0,1
5d101b6f44578a0ddc8c5a7c,0,1,0,1,0,0,1
5d10210e44578a0ddc97ee63,0,0,0,0,0,0,0
5d10242c44578a0ddca7f78c,0,1,0,1,0,0,1
5d10259844578a0ddcb207d7,0,0,0,0,0,0,0
5d102a9e44578a0ddccc0c98,0,0,0,0,0,0,0
5d102c3d44578a0ddcd2721b,0,1,0,1,0,0,1
5d1031da44578a0ddceedb60,0,1,0,1,0,0,1
5d1031fa44578a0ddcef922e,0,0,0,0,0,0,0
5d10326844578a0ddcf1edb2,0,0,0,0,0,0,0
5d10338544578a0ddcf7aa52,1,1,1,1,1,1,1
5d10350e44578a0ddc023f4a,0,0,0,0,0,0,0
5d10363044578a0ddc0ad18d,0,0,0,0,0,0,0
5d10378544578a0ddc16bc96,0,0,0,0,0,0,0
5d10389244578a0ddc20e482,0,0,0,0,0,0,0
5d1038d044578a0ddc22e68e,0,0,0,0,0,0,0
5d10396144578a0ddc280f7e,1,1,1,1,1,1,1
5d103abd44578a0ddc33f4a3,1,1,1,1,1,1,1
5d103bda44578a0ddc3ceb05,1,1,1,1,1,1,1
5d103e5544578a0ddc5046c0,0,0,0,0,0,0,0
5d103e9444578a0ddc52118f,0,0,0,0,0,0,0
5d10405d44578a0ddc601632,1,1,1,1,1,1,1
5d10406444578a0ddc60589a,0,0,0,0,0,0,0
5d1040bd44578a0ddc63f717,0,0,0,0,0,0,0
5d10413e44578a0ddc69e93e,0,0,0,0,0,0,0
5d10418744578a0ddc6d7835,0,0,0,0,0,0,0
5d10444044578a0ddc98a345,1,1,1,1,1,1,1
5d1044e344578a0ddca4ef95,0,0,0,0,0,0,0
5d10453e44578a0ddcac41df,0,0,0,0,0,0,0
5d10468644578a0ddcc067c3,0,0,0,0,0,0,0
5d1046d844578a0ddcc53ae4,1,1,1,1,1,1,1
5d10474744578a0ddccba948,1,1,1,1,1,1,1
5d10486144578a0ddcd8d233,0,0,0,0,0,0,0
5d11864544578a0ddcff9c0e,0,1,0,1,1,0,1
5d11877744578a0ddc0a05f1,0,0,0,0,0,0,0
5d1188ab44578a0ddc121964,0,0,0,0,0,0,0
5d118bf544578a0ddc2abdd6,0,0,0,0,0,0,0
5d118e0044578a0ddc46667e,0,0,0,0,0,0,0
5d118f1f44578a0ddc635b0a,1,1,1,1,1,1,1
5d11905544578a0ddc7d2b06,0,0,0,0,0,0,0
5d11910344578a0ddc7f6435,1,1,1,1,1,1,1
5d11914944578a0ddc848670,1,1,1,1,1,1,1
5d1194e344578a0ddcaebabd,0,0,0,0,0,0,0
5d12ae7d44578a0ddcbfb647,1,1,1,1,1,1,1
5d12af7d44578a0ddccb9762,0,0,0,0,0,0,0
5d12b02844578a0ddcd2f946,1,1,1,1,1,1,1
5d12b30344578a0ddc0eee6c,1,1,1,1,1,1,1
5d12b53744578a0ddc298d8f,0,0,0,0,0,0,0
5d12b59244578a0ddc2cb21a,0,0,0,0,0,0,0
5d17a5d144578a14a827e8a3,0,0,0,0,0,0,0
5d17a65244578a14a82da559,0,0,0,0,0,0,0
5d17a86844578a14a84ac097,0,0,0,0,0,0,0
5d17a90c44578a14a84ff62d,0,0,0,0,0,0,0
5d17acc344578a14a86c44fb,0,0,0,0,0,0,0
5d17bf6b44578a14a89dd8d7,1,1,1,1,1,1,1
5d17bf7f44578a14a89ed39e,1,1,1,1,1,1,1
5d17c04944578a14a8a96ede,0,0,0,0,0,0,0
5d17c14744578a14a8c11c82,0,0,0,0,0,0,0
5d17c18944578a14a8cac174,0,0,0,0,0,0,0
5d17c19544578a14a8cca3f2,0,0,0,0,0,0,0
5d17c23b44578a14a8e35c72,0,0,0,0,0,0,0
5d17c3c944578a14a80be02a,0,0,0,0,0,0,0
5d17c3eb44578a14a80f61ab,0,0,0,0,0,0,0
5d17c3f344578a14a8103463,0,1,0,1,0,0,1
5d17c40844578a14a8126ae1,0,0,0,0,0,0,0
5d17caf244578a14a82dd6cd,0,0,0,0,0,0,0
5d17cb0f44578a14a8324993,1,1,1,1,1,1,1
5d17cb5e44578a14a83db787,0,0,0,0,0,0,0
5d17cb7244578a14a840bb52,0,0,0,0,0,0,0
5d17cbf944578a14a854974a,0,0,0,0,0,0,0
5d17cc0344578a14a85620f8,0,1,0,1,1,0,1
5d17cc0e44578a14a8576a57,0,0,0,0,0,0,0
5d1934cd44578a14a85d8440,0,0,0,0,0,0,0
5d19352444578a14a8664fb7,0,0,0,0,0,0,0
5d19355c44578a14a86c2ade,0,0,0,0,0,0,0
5d19357a44578a14a86f5e17,0,0,0,0,0,0,0
5d19368d44578a14a88bb79f,1,1,1,1,1,1,1
5d211dfd44578a14a8aec4dd,0,0,0,0,0,0,0
5d21203344578a14a8cad732,0,0,0,0,0,0,0
5d21206344578a14a8ce2602,0,1,0,1,1,0,1
5d21229744578a14a8ec8950,0,0,0,0,0,0,0
5d21249944578a14a8073fa7,0,0,0,0,0,0,0
5d2128e844578a14a83b61d7,0,0,0,0,0,0,0
5d212ac044578a14a84cff40,0,0,0,0,0,0,0
5d212b9744578a14a854a103,0,0,0,0,0,0,0
5d212be644578a14a858b4bf,1,1,1,1,1,1,1
5d212c0b44578a14a85bd728,0,0,0,0,0,0,0
5d212e2844578a14a87ce2b5,1,1,1,1,1,1,1
5d212e4844578a14a87feb87,0,0,0,0,0,0,0
5d212ef544578a14a88b4752,1,1,1,1,1,1,1
5d21303144578a14a894a5eb,0,1,0,1,1,0,1
5d2132bd44578a14a8b34548,0,0,0,0,0,0,0
5d21362544578a14a8c46f1d,1,1,1,1,1,1,1
5d2138a144578a14a8e03d19,0,0,0,0,0,0,0
5d21395b44578a14a8eb10d5,0,0,0,0,0,0,0
5d213ba444578a14a8133198,0,0,0,0,0,0,0
5d213bc944578a14a81495f6,0,0,0,0,0,0,0
5d213c7544578a14a81daefb,0,0,0,0,0,0,0
5d21416f44578a14a82e4123,0,0,0,0,0,0,0
5d21486e44578a14a83c5d75,1,1,1,1,1,1,1
5d21541044578a14a85716f2,1,1,1,1,1,1,1
5d21567344578a14a85db6fd,0,0,0,0,0,0,0
5d2157d944578a14a8644106,0,1,0,1,0,0,1
5d215af144578a14a86b2299,1,1,1,1,1,1,1
5d215f4144578a14a889b999,0,0,0,0,0,0,0
5d215f4744578a14a88a3ebe,0,0,0,0,0,0,0
5d2161b944578a14a89aec80,0,0,0,0,0,0,0
5d21621e44578a14a89f3e41,0,0,0,0,0,0,0
5d21626e44578a14a8a1b8f9,0,0,0,0,0,0,0
5d2162a344578a14a8a68f62,1,1,1,1,1,1,1
5d21647644578a14a8c45ee4,0,0,0,0,0,0,0
5d2166a344578a14a8e49fc1,0,0,0,0,0,0,0
5d2168ba44578a14a80088b3,0,0,0,0,0,0,0
5d2168bb44578a14a8009603,0,0,0,0,0,0,0
5d216a3644578a14a8135ebe,0,0,0,0,0,0,0
5d22281944578a14a84716fe,0,0,0,0,0,0,0
5d2228e444578a14a85031b8,0,1,0,1,1,0,1
5d222acd44578a14a86697be,0,0,0,0,0,0,0
5d22313844578a14a8790240,0,0,0,0,0,0,0
5d22323e44578a14a88c8451,1,1,1,1,1,1,1
5d22349d44578a14a8a7b8ff,0,0,0,0,0,0,0
5d2bafe744578a0d740fef1a,0,0,0,0,0,0,0
5d2bba5944578a0d74228c59,0,0,0,0,0,0,0
5d2bbb6744578a0d7430dc61,1,1,1,1,1,1,1
5d2bbb9f44578a0d74335d03,0,0,0,0,0,0,0
5d2bbc2544578a0d74394dd3,0,0,0,0,0,0,0
5d2bbcfc44578a0d74431e87,0,1,0,1,0,0,1
5d2bbddb44578a0d744d735c,0,0,0,0,0,0,0
5d2bc03944578a0d746987c4,0,0,0,0,0,0,0
5d2bc0ad44578a0d74712a47,0,0,0,0,0,0,0
5d2bc0bb44578a0d747235b6,0,0,0,0,0,0,0
5d2bc0f344578a0d74763af7,0,1,0,1,1,0,1
5d2bc10644578a0d7477926e,0,0,0,0,0,0,0
5d2bc3f544578a0d74798692,0,0,0,0,0,0,0
5d2bc60e44578a0d7481552c,0,1,0,1,1,0,1
5d2bc70044578a0d7485db81,1,1,1,1,1,1,1
5d2bc7ef44578a0d748a8ae4,0,0,0,0,0,0,0
5d2f89cd44578a0d74bdf450,0,0,0,0,0,0,0
5d2f8a2544578a0d74c62ebf,0,0,0,0,0,0,0
5d2f8a3744578a0d74c80d98,0,0,0,0,0,0,0
5d2f8af044578a0d74d7c2be,0,0,0,0,0,0,0
5d2f8c2544578a0d74f262f7,0,0,0,0,0,0,0
5d2f8c3744578a0d74f4e83f,1,1,1,1,1,1,1
5d2f8ce844578a0d74068ff2,1,1,1,1,1,1,1
5d2f8d0744578a0d74090290,0,0,0,0,0,0,0
5d2f8d4e44578a0d740ff5fc,0,0,0,0,0,0,0
5d2f8dbd44578a0d741be30e,0,0,0,0,0,0,0
5d2f8e5f44578a0d742371b6,0,0,0,0,0,0,0
5d2f8f8144578a0d7434ad14,0,0,0,0,0,0,0
5d2f905744578a0d744af780,0,0,0,0,0,0,0
5d2f912744578a0d7459a646,0,0,0,0,0,0,0
5d2f915a44578a0d745edb17,1,1,1,1,1,1,1
5d2f95c544578a0d749ee69a,1,1,1,1,1,1,1
5d34b81d44578a153c7d8032,1,1,1,1,1,1,1
5d34b88144578a153c810c8e,1,1,1,1,1,1,1
5d34b91944578a153c86f664,0,0,0,0,0,0,0
5d34bad944578a153c9e6774,0,0,0,0,0,0,0
5d34bae844578a153c9f117b,0,0,0,0,0,0,0
5d34bb5344578a153ca500c7,0,0,0,0,0,0,0
5d34bc3f44578a153cb269db,0,0,0,0,0,0,0
5d34bce744578a153cbe02ae,1,1,1,1,1,1,1
5d34be9144578a153cda97af,0,0,0,0,0,0,0
5d34bfad44578a153ced1928,0,0,0,0,0,0,0
5d34c02344578a153cf2a535,1,1,1,1,1,1,1
5d34c21644578a153c07f2bb,0,0,0,0,0,0,0
5d34c34144578a153c1a0cbe,0,0,0,0,0,0,0
5d34c46944578a153c2ec1e1,0,0,0,0,0,0,0
5d34d7ae44578a153c579cbd,0,0,0,0,0,0,0
5d34d7c744578a153c59ff57,0,0,0,0,0,0,0
5d34d7cb44578a153c5a62a8,0,1,0,1,1,0,1
5d34d8d644578a153c757ad5,1,1,1,1,1,1,1
5d34d92e44578a153c7e0769,0,0,0,0,0,0,0
5d34d95b44578a153c828f07,1,1,1,1,1,1,1
5d34d98344578a153c867a3d,0,0,0,0,0,0,0
5d34da0d44578a153c946d4b,0,1,0,1,0,0,1
5d34db1444578a153caf5e80,1,1,1,1,1,1,1
5d3ca50d44578a153c00414c,0,0,0,0,0,0,0
5d3ca72744578a153c1875bf,1,1,1,1,1,1,1
5d3ca80044578a153c2282d0,0,0,0,0,0,0,0
5d3ca93644578a153c2f9eb4,1,1,1,1,1,1,1
5d3ca94a44578a153c308b34,1,1,1,1,1,1,1
5d3caa1544578a153c391f34,0,0,0,0,0,0,0
5d3cabd444578a153c4ce192,0,0,0,0,0,0,0
5d3cb01044578a153c8a19ec,0,0,0,0,0,0,0
5d3cb29a44578a153cab9fe8,0,1,0,1,1,0,1
5d3cb5f244578a153ce1f08f,1,1,1,1,1,1,1
5d3cb7e544578a153c16120a,1,1,1,1,1,1,1
5d3cb8b944578a153c2a8ce9,0,0,0,0,0,0,0
5d3cc86644578a153c312e56,0,0,0,0,0,0,0
5d3cc92944578a153c3e5fac,0,0,0,0,0,0,0
5d47ae4544578a1f480caba9,0,0,0,0,0,0,0
5d47ae4c44578a1f480cebd3,1,1,1,1,1,1,1
5d47b05444578a1f482f7dcb,1,1,1,1,1,1,1
5d47b37744578a1f485f966f,1,1,1,1,1,1,1
5d47b7c544578a1f48ae93b5,1,1,1,1,1,1,1
5d47bb1044578a1f48e9eb14,1,1,1,1,1,1,1
5d47bb4e44578a1f48ed7596,0,0,0,0,0,0,0
5d47bba544578a1f48f37bb4,1,1,1,1,1,1,1
5d47bc3044578a1f480310af,1,1,1,1,1,1,1
5d47c18244578a1f48475e63,0,0,0,0,0,0,0
5d47c3b744578a1f4860b432,0,0,0,0,0,0,0
5d52e39b44578a1f48856a1d,0,0,0,0,0,0,0
5d52e6d844578a1f489a8dd3,0,0,0,0,0,0,0
5d52e72844578a1f48a44e20,0,0,0,0,0,0,0
5d52e9d344578a1f48cd48f1,1,1,1,1,1,1,1
5d52ea3944578a1f48d44a37,1,1,1,1,1,1,1
5d52f9fc44578a1f48f0c8ac,0,0,0,0,0,0,0
5d52fc9844578a1f48f69001,0,0,0,0,0,0,0
5d52fccb44578a1f48f69ed4,0,0,0,0,0,0,0
5d52fda044578a1f48fd40bf,1,1,1,1,1,1,1
5d54488d44578a1f4824c1ac,0,1,0,1,0,0,1
5d544b8144578a1f483d3eaa,0,0,0,0,0,0,0
5d544b8944578a1f483e21a9,1,1,1,1,1,1,1
5d544e4f44578a1f4849bfac,0,0,0,0,0,0,0
5d544e7d44578a1f484c16d4,0,0,0,0,0,0,0
5d544eea44578a1f48587eee,0,0,0,0,0,0,0
5d544f9c44578a1f485c84f4,0,0,0,0,0,0,0
5d54509d44578a1f48657931,0,0,0,0,0,0,0
5d54580844578a1f48992d7b,0,0,0,0,0,0,0
5d54586744578a1f489cab78,1,1,1,1,1,1,1
5d54588444578a1f489dd0b7,0,0,0,0,0,0,0
5d54597844578a1f48abaebc,0,0,0,0,0,0,0
5d5459ab44578a1f48b1f8c9,0,1,0,1,0,0,1
5d545aff44578a1f48c9c35a,0,0,0,0,0,0,0
5d54782c44578a1f48d59a01,0,0,0,0,0,0,0
5d54789d44578a1f48dd5587,0,0,0,0,0,0,0
5d547b0044578a1f4804a09d,1,1,1,1,1,1,1
5d547b3944578a1f48071e46,0,0,0,0,0,0,0
5d547b3c44578a1f48074fe2,1,1,1,1,1,1,1
5d58c30b44578a1f481ebdc0,0,0,0,0,0,0,0
5d58c92844578a1f484eda24,1,1,1,1,1,1,1
5d5a13eb44578a1f4866a627,1,1,1,1,1,1,1
5d5a145244578a1f48693c89,1,1,1,1,1,1,1
5d5a17aa44578a1f48704fed,0,1,0,1,0,0,1
5d5a1d7444578a1f48969945,1,1,1,1,1,1,1
5d5a20a044578a1f48a3b4cf,1,1,1,1,1,1,1
5d5a259344578a1f48c2c47b,0,0,0,0,0,0,0
5d5a25d944578a1f48c69322,1,1,1,1,1,1,1
5d5a3a5a44578a1f48f49c41,1,1,1,1,1,1,1
5d5a3d1244578a1f48110a4a,1,1,1,1,1,1,1
5d5a3da844578a1f48141c68,0,0,0,0,0,0,0
5d6da7fc44578a1f48289933,0,0,0,0,0,0,0
5d6dacaa44578a1f48435a70,0,0,0,0,0,0,0
5d6dc0cc44578a1f4884b6f7,0,0,0,0,0,0,0
5d6dc0fa44578a1f48857cf8,0,0,0,0,0,0,0
5d6dc26c44578a1f488c5dde,0,0,0,0,0,0,0
5d6dc48f44578a1f48977ebb,1,1,1,1,1,1,1
5d6dca0f44578a1f48b834e7,0,0,0,0,0,0,0
5d6dcc5044578a1f48c04255,1,1,1,1,1,1,1
5d6dcd0044578a1f48c2e625,0,0,0,0,0,0,0
5d6dd0c844578a1f48c9f901,1,1,1,1,1,1,1
5d6dd0da44578a1f48ca8e2d,0,0,0,0,0,0,0
5d6dd32b44578a1f48cf400e,1,1,1,1,1,1,1
5d6ddd9a44578a1f48e53adb,0,0,0,0,0,0,0
5d6de6ea44578a1f4800439b,0,0,0,0,0,0,0
5d6de8af44578a1f48037925,1,1,1,1,1,1,1
5d6df34944578a1f48277574,0,0,0,0,0,0,0
5d6df43b44578a1f482b3d1f,0,0,0,0,0,0,0
5d6e05c744578a1f484b5100,1,1,1,1,1,1,1
5d6e06af44578a1f484e1c9f,0,0,0,0,0,0,0
5d6e08e744578a1f4853ace1,0,0,0,0,0,0,0
5d6e119d44578a1f48623b01,0,0,0,0,0,0,0
5d6e222d44578a1f487c16ca,0,0,0,0,0,0,0
5d6e227c44578a1f487e6e6e,0,0,0,0,0,0,0
5d6e231644578a1f48800a29,0,0,0,0,0,0,0
5d6e236b44578a1f48820d6d,0,0,0,0,0,0,0
5d6e317744578a1f48a06da8,0,0,0,0,0,0,0
5d6e317844578a1f48a0915b,0,0,0,0,0,0,0
5d6e331c44578a1f48a4fd4a,0,0,0,0,0,0,0
5d6e351444578a1f48a8321d,0,0,0,0,0,0,0
5d6e461344578a1f48ce6c0c,0,0,0,0,0,0,0
5d6e559344578a1f48ea13f7,0,0,0,0,0,0,0
5d6e567e44578a1f48eb5bb7,0,0,0,0,0,0,0
5d6e59c544578a1f48eeb69e,0,0,0,0,0,0,0
5d6e5bbc44578a1f48f05994,0,0,0,0,0,0,0
5d6e6a4d44578a1f481439d9,0,0,0,0,0,0,0
5d6e6ac144578a1f4815c1d3,0,0,0,0,0,0,0
5d6e6bdf44578a1f48180fcb,0,1,0,1,0,0,1
5d6e84a844578a1f48407524,0,0,0,0,0,0,0
5d6e8c9944578a1f484d4cb6,0,0,0,0,0,0,0
5d6e922b44578a1f4858745d,0,0,0,0,0,0,0
5d6e927244578a1f4859eaab,0,0,0,0,0,0,0
5d6ea58844578a1f4876f9cc,1,1,1,1,1,1,1
5d6ea7eb44578a1f487ce8a9,1,1,1,1,1,1,1
5d6eafa544578a1f488669c5,0,0,0,0,0,0,0
5d75891e44578a1f488d7c6f,1,1,1,1,1,1,1
5d75898544578a1f488da3aa,0,0,0,0,0,0,0
5d758fef44578a1f4895bbcc,1,1,1,1,1,1,1
5d7595d144578a1f48af2ecf,1,1,1,1,1,1,1
5d75966e44578a1f48b1d51b,0,0,0,0,0,0,0
5d75971b44578a1f48b404ce,0,0,0,0,0,0,0
5d75998e44578a1f48c36116,0,0,0,0,0,0,0
5d759a6644578a1f48c6f3fc,0,0,0,0,0,0,0
5d759ca144578a1f48d84201,1,1,1,1,1,1,1
5d759d6744578a1f48dc2dc9,0,0,0,0,0,0,0
5d75c68e44578a1f48f0d0bf,1,1,1,1,1,1,1
5d7c27d544578a1f483bba45,1,1,1,1,1,1,1
5d7c2b9844578a1f4854fc19,0,0,0,0,0,0,0
5d7c2d2844578a1f4864afab,0,0,0,0,0,0,0
5d7c2d2f44578a1f4865b8e7,0,0,0,0,0,0,0
5d7c2e3244578a1f48697cea,0,0,0,0,0,0,0
5d7c314244578a1f4873d0c4,0,0,0,0,0,0,0
5d7c3ea444578a1f48a00f6c,0,0,0,0,0,0,0
5d7c402544578a1f48ab4523,1,1,1,1,1,1,1
5d7c436344578a1f48b6ded9,0,0,0,0,0,0,0
5d7c49f144578a1f48c5c1a5,0,0,0,0,0,0,0
5d7c4ae644578a1f48cb5651,0,0,0,0,0,0,0
5d7c530444578a1f48f28c18,0,0,0,0,0,0,0
5d7c531144578a1f48f378df,0,0,0,0,0,0,0
5d7c54a944578a1f48055c92,0,0,0,0,0,0,0
5d7c566544578a1f4811a234,0,0,0,0,0,0,0
5d7c57f844578a1f481c1ef6,1,1,1,1,1,1,1
5d7c58d044578a1f48276fdf,0,0,0,0,0,0,0
5d7c5b2544578a1f4832302b,1,1,1,1,1,1,1
5d7c5ba644578a1f48364a29,0,0,0,0,0,0,0
5d7c70d044578a1f488c3a8f,0,0,0,0,0,0,0
5d7c740144578a1f48940e1a,0,0,0,0,0,0,0
5d7c760144578a1f489ba037,1,1,1,1,1,1,1
5d8faf3044578a1f48a2e108,0,0,0,0,0,0,0
5d8fb47744578a1f48acb051,0,0,0,0,0,0,0
5d8fbf5f44578a1f48c6ad9d,0,0,0,0,0,0,0
5d8fc23244578a1f48cf2616,0,0,0,0,0,0,0
5d8fc46a44578a1f48d2b351,0,0,0,0,0,0,0
5d8fc56a44578a1f48db5fe1,0,1,0,1,0,0,1
5d8fc96f44578a1f48e9c7eb,1,1,1,1,1,1,1
5d8fdf0c44578a1f481afe92,1,1,1,1,1,1,1
5d8fef0744578a1f48281648,0,1,0,1,0,0,1
5d9007a744578a1f4844b45c,0,0,0,0,0,0,0
5d900c2444578a1f484d0270,1,1,1,1,1,1,1
5d900d0244578a1f484f354b,0,0,0,0,0,0,0
5d900d0944578a1f484fd415,0,0,0,0,0,0,0
5d90108744578a1f48542981,0,0,0,0,0,0,0
5d901a3244578a1f48680c75,1,1,1,1,1,1,1
5d901dcf44578a1f48700e35,1,1,1,1,1,1,1
5d901e6e44578a1f4871394c,0,0,0,0,0,0,0
5d904e1d44578a1f48b3cb01,0,0,0,0,0,0,0
5d905d2944578a1f48cc380b,0,0,0,0,0,0,0
5d905df444578a1f48cd527a,0,0,0,0,0,0,0
5d90664f44578a1f48ddfffa,0,0,0,0,0,0,0
5d906b1944578a1f48e8c97e,0,0,0,0,0,0,0
5d906b4744578a1f48e9e936,1,1,1,1,1,1,1
5d906f8744578a1f48f0f271,0,0,0,0,0,0,0
5d9084d944578a1f4811a345,0,0,0,0,0,0,0
5d908c7a44578a1f481c3f16,1,1,1,1,1,1,1
5d9090bd44578a1f48240570,0,1,0,1,1,0,1
5d9098d144578a1f483a6632,1,1,1,1,1,1,1
5d90b7b744578a1f4865c4b9,0,0,0,0,0,0,0
5d90baa444578a1f486af953,0,0,0,0,0,0,0
5d90bf7844578a1f4876121f,1,1,1,1,1,1,1
5d90c8e044578a1f488c96e5,0,0,0,0,0,0,0
5d91262944578a1f48b13731,0,0,0,0,0,0,0
5d9138f544578a1f48d2449a,0,0,0,0,0,0,0
5d913e0844578a1f48dbec1c,0,0,0,0,0,0,0
5d913e4b44578a1f48dc950b,0,1,0,1,0,0,1
5d913fa944578a1f48dfb0af,1,1,1,1,1,1,1
5d9142dc44578a1f48e22e33,0,0,0,0,0,0,0
5d914f9d44578a1f48ef1c4f,0,0,0,0,0,0,0
5d915f6944578a1f48029699,0,0,0,0,0,0,0
5d916fa744578a1f4815d1e5,0,0,0,0,0,0,0
5d9177dd44578a1f481f9c19,0,0,0,0,0,0,0
5d91af7244578a1f486b73ef,1,1,1,1,1,1,1
5d91ced144578a1f489b7434,0,0,0,0,0,0,0
5d99366644578a1f48b075b3,0,0,0,0,0,0,0
5d99371c44578a1f48b435bf,0,0,0,0,0,0,0
5d993bc944578a1f48ca4cae,0,0,0,0,0,0,0
5d99533e44578a1f48d9388a,0,0,0,0,0,0,0
5d9954e944578a1f48e411ca,0,0,0,0,0,0,0
5d99577b44578a1f48e9e93b,1,1,1,1,1,1,1
5d9957c744578a1f48eaffb3,0,0,0,0,0,0,0
5d99580844578a1f48eb2ebd,1,1,1,1,1,1,1
5d995d6d44578a1f4808d247,1,1,1,1,1,1,1
5d99638944578a1f4816b1e6,0,0,0,0,0,0,0
5d99664d44578a1f4821a91f,0,0,0,0,0,0,0
5d99668e44578a1f4823f29b,0,0,0,0,0,0,0
5d9966e444578a1f4825dbd3,0,0,0,0,0,0,0
5d996c4544578a1f483e89e8,0,0,0,0,0,0,0
5d996c7744578a1f4842ff3a,0,0,0,0,0,0,0
5d99735944578a1f485fb1fa,0,0,0,0,0,0,0
5d99783f44578a1f486eb8d2,0,0,0,0,0,0,0
5d99794144578a1f487c0f18,0,0,0,0,0,0,0
5d997dfe44578a1f489b3e9b,0,1,0,1,0,0,1
5d997e0444578a1f489ba264,0,1,0,1,1,0,1
5d997ff944578a1f48a87f34,0,0,0,0,0,0,0
5d9981b744578a1f48b4dca8,0,0,0,0,0,0,0
5d998b5e44578a1f48d9125e,0,0,0,0,0,0,0
5d9a4fdc44578a1f48eb4625,0,0,0,0,0,0,0
5d9a53dc44578a1f4805cc84,0,0,0,0,0,0,0
5d9f760744578a1f483b77f2,0,0,0,0,0,0,0
5d9f771844578a1f483fc170,0,0,0,0,0,0,0
5d9f792d44578a1f484663be,0,0,0,0,0,0,0
5d9f7ab744578a1f4853bcd3,1,1,1,1,1,1,1
5d9f7cd544578a1f485c71e2,0,0,0,0,0,0,0
5d9f80ea44578a1f48819968,0,0,0,0,0,0,0
5d9f82b944578a1f48880c83,0,0,0,0,0,0,0
5d9f839044578a1f488c9ec8,0,0,0,0,0,0,0
5d9f89c044578a1f489a103f,0,0,0,0,0,0,0
5d9f8b4944578a1f489f25f0,1,1,1,1,1,1,1
5d9f8b5544578a1f489ff137,0,0,0,0,0,0,0
5d9f8ce544578a1f48aea755,0,0,0,0,0,0,0
5d9f900c44578a1f48c89e03,0,0,0,0,0,0,0
5d9f902d44578a1f48cb6cbc,0,0,0,0,0,0,0
5da2236a44578a1f48e4b5c1,1,1,1,1,1,1,1
5da2271f44578a1f48eae89f,0,0,0,0,0,0,0
5da2302544578a1f4800a402,1,1,1,1,1,1,1
5da2326544578a1f4811ba1d,0,0,0,0,0,0,0
5da2327644578a1f4812b346,0,0,0,0,0,0,0
5da23b8f44578a1f4829c532,0,1,0,1,0,0,1
5da23c4344578a1f482ddd31,0,0,0,0,0,0,0
5da2426844578a1f485349fd,0,0,0,0,0,0,0
5da2445d44578a1f485d74f2,0,0,0,0,0,0,0
5da2449844578a1f485ed884,0,0,0,0,0,0,0
5da2498e44578a1f48844b89,0,0,0,0,0,0,0
5da24a4444578a1f488905b0,1,1,1,1,1,1,1
5da24a4644578a1f48894346,1,1,1,1,1,1,1
5da24a7f44578a1f488b9ee5,0,0,0,0,0,0,0
5da252f144578a1f48a23e0f,0,0,0,0,0,0,0
5da2532644578a1f48a2f888,0,0,0,0,0,0,0
5dab5dcf44578a097c7a75a1,0,0,0,0,0,0,0
5dab606844578a097c811306,0,0,0,0,0,0,0
5dab609144578a097c81b608,0,0,0,0,0,0,0
5dab623c44578a097c92931c,0,0,0,0,0,0,0
5dab682c44578a097cda4607,0,0,0,0,0,0,0
5dab696f44578a097cf05fb9,0,0,0,0,0,0,0
5dab7b7544578a097cfdb3f3,0,0,0,0,0,0,0
5dab7bbf44578a097c01873a,1,1,1,1,1,1,1
5dab7c1744578a097c05c0cb,1,1,1,1,1,1,1
5dab7e3044578a097c256a67,0,0,0,0,0,0,0
5dab807b44578a097c43fad9,0,0,0,0,0,0,0
5dabbdee44578a1a24bbdb0d,0,0,0,0,0,0,0
5dabbe1644578a1a24be6c81,0,0,0,0,0,0,0
5dabbf8344578a1a24d76313,0,0,0,0,0,0,0
5dabbfd844578a1a24dd51b2,1,1,1,1,1,1,1
5dabc16544578a1a24f9b29a,0,0,0,0,0,0,0
5dabc1c344578a1a24febee1,0,0,0,0,0,0,0
5dabc1f544578a1a240328a4,0,0,0,0,0,0,0
5dabc23044578a1a24077bda,1,1,1,1,1,1,1
5dabc30344578a1a2414e7d5,0,0,0,0,0,0,0
5dabc30e44578a1a2415a5ae,0,0,0,0,0,0,0
5dabc33d44578a1a241a2e02,1,1,1,1,1,1,1
5dabc35b44578a1a241cbd44,0,0,0,0,0,0,0
5dabcbf544578a1a242cf379,0,1,0,1,0,0,1
5dabcc3644578a1a24313781,0,0,0,0,0,0,0
5dabce3d44578a1a244a8cd2,1,1,1,1,1,1,1
5dabd0d844578a1a246fb6cf,0,0,0,0,0,0,0
5de2a8d844578a1a247fdd89,0,0,0,0,0,0,0
5de2a92f44578a1a24821195,0,0,0,0,0,0,0
5de2aa0244578a1a24861598,1,1,1,1,1,1,1
5de2b1df44578a1a24a151fa,1,1,1,1,1,1,1
5de2b5cf44578a1a24a99756,0,1,0,1,1,0,1
5de2b73f44578a1a24ac0d26,1,1,1,1,1,1,1
5de2e39844578a1a24e60ee4,0,0,0,0,0,0,0
5de2eb3144578a1a24f919c8,0,0,0,0,0,0,0
5de2ed0444578a1a24fed0bd,0,0,0,0,0,0,0
5de2ed6d44578a1a24ff72f6,0,0,0,0,0,0,0
5de312bf44578a1a240a82cb,0,0,0,0,0,0,0
5de314a744578a1a240dfde6,0,0,0,0,0,0,0
5de3329344578a1a243abc63,0,0,0,0,0,0,0
5de348b744578a1a24534c14,0,0,0,0,0,0,0
5de34e8944578a1a245c9c52,0,0,0,0,0,0,0
5de35af344578a1a246d1fee,1,1,1,1,1,1,1
5de35d2f44578a1a246ee91b,0,0,0,0,0,0,0
5de36c6144578a1a248014c2,0,0,0,0,0,0,0
5de374b144578a1a2488155c,1,1,1,1,1,1,1
5de37b2944578a1a248db96a,0,0,0,0,0,0,0
5de3935944578a1a24a95bcd,1,1,1,1,1,1,1
5de395f644578a1a24ab9454,1,1,1,1,1,1,1
5de3971444578a1a24ad5706,1,1,1,1,1,1,1
5de3abe844578a1a24c70cee,0,0,0,0,0,0,0
5de3db5144578a1a24f2d506,0,1,0,1,0,0,1
5de3e2f044578a1a24f8e8d2,0,0,0,0,0,0,0
5de3ec3844578a1a24ffb4ab,0,0,0,0,0,0,0
5de3fd9044578a1a240b33f7,0,0,0,0,0,0,0
5de4031244578a15c8317174,0,0,0,0,0,0,0
5de4036344578a15c83a9892,1,1,1,1,1,1,1
5de4067744578a15c85ec9dd,1,1,1,1,1,1,1
5de407e144578a15c86a528c,0,0,0,0,0,0,0
5de4088844578a15c873d051,0,0,0,0,0,0,0
5de408ee44578a15c879efd7,0,0,0,0,0,0,0
5de4092b44578a15c87d7923,0,0,0,0,0,0,0
5de40a6d44578a15c890b2cb,0,0,0,0,0,0,0
5de40acf44578a15c896bd50,0,0,0,0,0,0,0
5de40b6344578a15c89f5511,0,0,0,0,0,0,0
5de40c7644578a15c8afe48b,0,0,0,0,0,0,0
5de40c8044578a15c8b05d76,0,0,0,0,0,0,0
5de40cbc44578a15c8b41a92,0,0,0,0,0,0,0
5de40d4b44578a15c8bd14b4,1,1,1,1,1,1,1
5de40dec44578a15c8c6e36a,0,0,0,0,0,0,0
5de40ef544578a15c8d61fb4,1,1,1,1,1,1,1
5de4101344578a15c8e6a9bb,0,0,0,0,0,0,0
5de4105344578a15c8ea4b33,1,1,1,1,1,1,1
5de413fe44578a15c81bf58b,0,0,0,0,0,0,0
5de414dc44578a15c826724c,0,0,0,0,0,0,0
5de4155444578a15c82c53c9,0,0,0,0,0,0,0
5de4162044578a15c8367b41,0,0,0,0,0,0,0
5de4191b44578a15c8584273,0,0,0,0,0,0,0
5de419df44578a15c86d339d,1,1,1,1,1,1,1
5de41b0044578a15c87aa155,1,1,1,1,1,1,1
5de41d7144578a15c8a083d1,1,1,1,1,1,1,1
5de41fb044578a15c8ba82a6,0,0,0,0,0,0,0
5de4208e44578a15c8c2fa33,1,1,1,1,1,1,1
5de4209644578a15c8c36a87,1,1,1,1,1,1,1
5de4235444578a15c8ec0a9a,0,0,0,0,0,0,0
5de4235544578a15c8ec2216,1,1,1,1,1,1,1
5de4235b44578a15c8ec7fd9,1,1,1,1,1,1,1
5de4236744578a15c8ed4208,0,1,0,1,0,0,1
5de423fa44578a15c8f5e315,0,0,0,0,0,0,0
5de4245f44578a15c8fb3f56,1,1,1,1,1,1,1
5de424ce44578a15c8019115,0,0,0,0,0,0,0
5de4265644578a15c8131c50,0,0,0,0,0,0,0
5de4272544578a15c81e5367,0,0,0,0,0,0,0
5de428d344578a15c83621b8,0,0,0,0,0,0,0
5de42a0d44578a15c851621a,1,1,1,1,1,1,1
5de42b0d44578a15c85e37de,0,0,0,0,0,0,0
5de42b2844578a15c860e922,0,0,0,0,0,0,0
5de42cd544578a15c885e664,0,0,0,0,0,0,0
5de42cdc44578a15c886a618,1,1,1,1,1,1,1
5de42d5244578a15c890da6b,0,0,0,0,0,0,0
5de42d5f44578a15c891891f,0,0,0,0,0,0,0
5de42df644578a15c89b3d52,1,1,1,1,1,1,1
5de42e0d44578a15c89d863c,1,1,1,1,1,1,1
5de42e2144578a15c89f0869,1,1,1,1,1,1,1
5de430a644578a15c8dc54fe,1,1,1,1,1,1,1
5de4322344578a15c8fff601,1,1,1,1,1,1,1
5de4322444578a15c8000593,0,0,0,0,0,0,0
5de4327e44578a15c809cd7b,1,1,1,1,1,1,1
5de433b844578a15c82c4de0,0,0,0,0,0,0,0
5de4353244578a15c84dc008,1,1,1,1,1,1,1
5de436c844578a15c8789af5,0,0,0,0,0,0,0
5de43ebd44578a15c8c215ae,0,0,0,0,0,0,0
5de4401044578a15c8dd407b,1,1,1,1,1,1,1
5de4405444578a15c8e4292c,1,1,1,1,1,1,1
5de4430a44578a15c800d514,0,0,0,0,0,0,0
5de4451044578a15c812c672,1,1,1,1,1,1,1
5de4453f44578a15c816874f,1,1,1,1,1,1,1
5de4458444578a15c81ba8ec,1,1,1,1,1,1,1
5de4479544578a15c83ece7f,1,1,1,1,1,1,1
5de4495b44578a15c8658e38,0,0,0,0,0,0,0
5de449c644578a15c86b3c31,0,0,0,0,0,0,0
5de449f944578a15c86f093f,1,1,1,1,1,1,1
5de44a0044578a15c86fbe63,1,1,1,1,1,1,1
5de44a1b44578a15c8717f90,0,0,0,0,0,0,0
5de44b0544578a15c8884925,1,1,1,1,1,1,1
5de44b2a44578a15c88afe1e,0,0,0,0,0,0,0
5de44b8f44578a15c8944662,0,0,0,0,0,0,0
5de44bb144578a15c897bcd9,1,1,1,1,1,1,1
5de44d0744578a15c8a97577,0,0,0,0,0,0,0
5de44e8e44578a15c8c49fc7,1,1,1,1,1,1,1
5de450b544578a15c8d37fda,1,1,1,1,1,1,1
5de450d344578a15c8d5d8d6,1,1,1,1,1,1,1
5de451d544578a15c8e68781,1,1,1,1,1,1,1
5de451ef44578a15c8e803a6,0,0,0,0,0,0,0
5de4528344578a15c8f41c9a,0,0,0,0,0,0,0
5de452ed44578a15c8fbcb6b,0,0,0,0,0,0,0
5de455fa44578a15c82fa8a3,1,1,1,1,1,1,1
5de4560344578a15c83088dc,1,1,1,1,1,1,1
5de4562344578a15c8336703,0,0,0,0,0,0,0
5de456cb44578a15c84093e9,1,1,1,1,1,1,1
5de4579744578a15c847fc5e,0,0,0,0,0,0,0
5de458a044578a15c858fbdd,0,0,0,0,0,0,0
5de45b3744578a15c87c1908,1,1,1,1,1,1,1
5de45c0b44578a15c8896aba,1,1,1,1,1,1,1
5de45c1244578a15c88a1697,0,0,0,0,0,0,0
5de45cdc44578a15c898ff79,0,0,0,0,0,0,0
5de45d9244578a15c8a6c215,0,0,0,0,0,0,0
5de46c1844578a15c8c4b3b0,0,1,0,1,0,0,1
5de46c4744578a15c8c92488,1,1,1,1,1,1,1
5de46c4c44578a15c8c9aac4,1,1,1,1,1,1,1
5de70ee444578a15c8fb4ad8,0,0,0,0,0,0,0
5de70f2e44578a15c801769b,0,0,0,0,0,0,0
5de7146544578a15c82e8dda,0,0,0,0,0,0,0
5de7159844578a15c84a4860,0,0,0,0,0,0,0
5de7175f44578a15c853dd11,0,0,0,0,0,0,0
5de7177344578a15c8546d6a,1,1,1,1,1,1,1
5de7195944578a15c86d8532,0,0,0,0,0,0,0
5e38925544578a0948559fd4,0,0,0,0,0,0,0
5e3893e744578a09485efdf2,0,0,0,0,0,0,0
5e38943944578a094862fce7,0,0,0,0,0,0,0
5e38946a44578a0948652545,0,0,0,0,0,0,0
5e38955d44578a0948704264,0,0,0,0,0,0,0
5e3897a944578a09488b09b7,0,0,0,0,0,0,0
5e38981f44578a0948907acf,0,0,0,0,0,0,0
5e38986944578a094893e26d,1,1,1,1,1,1,1
5e3898cb44578a0948987052,1,1,1,1,1,1,1
5e389a0044578a0948a6d7b9,0,1,0,1,0,0,1
5e389e0944578a0948d08f91,0,0,0,0,0,0,0
5e38a36744578a0948eef0d6,1,1,1,1,1,1,1
5e38a4cc44578a0948f97b6d,0,0,0,0,0,0,0
5e38a52544578a0948fde166,1,1,1,1,1,1,1
5e38a54344578a0948ff48a8,0,0,0,0,0,0,0
5e38a80244578a09481d66aa,0,0,0,0,0,0,0
5e38a86f44578a0948227c15,0,0,0,0,0,0,0
5e38a87844578a094822cb09,0,0,0,0,0,0,0
5e38aa8c44578a094846012e,1,1,1,1,1,1,1
5e38ab3944578a094859df3f,0,0,0,0,0,0,0
5e38ab3f44578a09485ad7de,0,0,0,0,0,0,0
5e3da5dd44578a0948a56f0a,0,0,0,0,0,0,0
5e3da61944578a0948a7fa9a,0,0,0,0,0,0,0
5e3da73f44578a0948b3cf76,0,0,0,0,0,0,0
5e3da8a344578a0948c30ea1,0,0,0,0,0,0,0
5e3dacea44578a0948efac70,0,1,0,1,0,0,1
5e3dad7244578a0948f4a2db,1,1,1,1,1,1,1
5e3dae0644578a0948fb1984,1,1,1,1,1,1,1
5e3daef244578a09480520ee,0,1,0,1,1,0,1
5e3db23344578a0948253eea,0,0,0,0,0,0,0
5e3db2fc44578a09482d6c90,0,0,0,0,0,0,0
5e3db32e44578a09482f696f,0,0,0,0,0,0,0
5e3db36144578a09483195ab,0,0,0,0,0,0,0
5e3db3d544578a0948365d50,1,1,1,1,1,1,1
5e3db42e44578a09483a2e75,0,0,0,0,0,0,0
5e3db5bd44578a09484b9a8f,1,1,1,1,1,1,1
5e3db60044578a09484e33eb,0,0,0,0,0,0,0
5e3dbbd044578a094889b079,0,0,0,0,0,0,0
5e3dbc1e44578a09488c2b65,0,0,0,0,0,0,0
5e3dbf6844578a0948a8f4a3,0,0,0,0,0,0,0
5e3dbfec44578a0948b01518,0,0,0,0,0,0,0
5e3dc06e44578a0948b7129a,1,1,1,1,1,1,1
5e3de18444578a0948ec54f0,0,0,0,0,0,0,0
5e3de19b44578a0948ecb296,0,0,0,0,0,0,0
5e3de37544578a0948f47cba,0,0,0,0,0,0,0
5e3de6c444578a0948fdadf0,1,1,1,1,1,1,1
5e3df34a44578a094839c605,1,1,1,1,1,1,1
5e3e012644578a094862be08,1,1,1,1,1,1,1
5e3e02d944578a09486852a5,0,0,0,0,0,0,0
5e3e04e144578a09487a053e,0,0,0,0,0,0,0
5e3e068644578a09488adcf1,0,0,0,0,0,0,0
5e3e073044578a094891be2d,0,1,0,1,0,0,1
5e3e085844578a09489ed0ee,0,0,0,0,0,0,0
5e3e0a1544578a0948b2010c,0,0,0,0,0,0,0
5e3e0b0c44578a0948c45cd6,0,0,0,0,0,0,0
5e3e0b6544578a0948c931ed,1,1,1,1,1,1,1
5e3e0b6544578a0948c93ac6,0,0,0,0,0,0,0
5e3e0ba544578a0948ce6e67,0,0,0,0,0,0,0
5e3e0bb944578a0948cea30f,0,0,0,0,0,0,0
5e3e0c3544578a0948d2f11f,0,0,0,0,0,0,0
5e3e0cc744578a0948df394d,0,1,0,1,0,0,1
5e3e118344578a09482639ba,0,0,0,0,0,0,0
5e3e11a644578a0948288bda,0,1,0,1,1,0,1
5e4aed8b44578a094835c862,1,1,1,1,1,1,1
5e4af22244578a094842276d,0,1,0,1,0,0,1
5e4af48744578a094849ccf3,0,1,0,1,0,0,1
5e4af84f44578a094856fe55,1,1,1,1,1,1,1
5e4b071144578a0948a00534,1,1,1,1,1,1,1
5e4b071644578a0948a042c4,1,1,1,1,1,1,1
5e4b09ec44578a0948ac81eb,1,1,1,1,1,1,1
5e4b0bcf44578a0948b55daf,0,0,0,0,0,0,0
5e4b0c5744578a0948b883f7,1,1,1,1,1,1,1
5e4b162d44578a0948e54887,1,1,1,1,1,1,1
5e4b194044578a0948f77beb,0,0,0,0,0,0,0
5e4b1fe144578a0948160af5,0,0,0,0,0,0,0
5e4b21b644578a094821b52f,0,0,0,0,0,0,0
5e4b22a444578a0948279a5d,1,1,1,1,1,1,1
5e4b260444578a094831bbda,0,0,0,0,0,0,0
5e4b2a8844578a094845dc89,0,0,0,0,0,0,0
5e4b318e44578a0948556d27,0,1,0,1,0,0,1
5e4b31cd44578a094855f7f3,0,1,0,1,1,0,1
5e4b367544578a09485dc406,0,0,0,0,0,0,0
5e4b3ba944578a0948687502,1,1,1,1,1,1,1
5e4b3e3c44578a09486d5c17,0,0,0,0,0,0,0
5e4b422a44578a094875b186,0,0,0,0,0,0,0
5e4b431b44578a0948798b64,1,1,1,1,1,1,1
5e4b531844578a0948b2373c,0,0,0,0,0,0,0
5e4b648d44578a0948ed4b1a,1,1,1,1,1,1,1
5e4b650044578a0948ef7611,1,1,1,1,1,1,1
5e4b697f44578a0948063810,0,0,0,0,0,0,0
5e4b6fd944578a09482a0bf4,0,0,0,0,0,0,0
5e4b75e744578a09484bc055,0,0,0,0,0,0,0
5e4b76cc44578a0948544c68,0,0,0,0,0,0,0
5e4b78e044578a094865256e,1,1,1,1,1,1,1
5e4b7ae644578a09487d6d77,0,0,0,0,0,0,0
5e4b7d0e44578a094891c08f,1,1,1,1,1,1,1
5e4b7d2b44578a094892a28d,1,1,1,1,1,1,1
5e4b7ee044578a09489ce9b4,1,1,1,1,1,1,1
5e4b841044578a0948ba0645,1,1,1,1,1,1,1
5e4b8b0d44578a0948ef0552,0,0,0,0,0,0,0
5e4b905b44578a094806482d,0,0,0,0,0,0,0
5e4b99ca44578a0948413185,0,0,0,0,0,0,0
5e4b9f4844578a09487785fa,1,1,1,1,1,1,1
5e4b9fbe44578a09487ce770,0,0,0,0,0,0,0
5e4ba11644578a09488abcbc,0,0,0,0,0,0,0
5e4ba12c44578a09488bce3f,0,0,0,0,0,0,0
5e4ba3cf44578a0948a5a405,1,1,1,1,1,1,1
5e4ba86144578a0948c651d7,0,0,0,0,0,0,0
5e4bad7c44578a0948f30510,0,1,0,1,0,0,1
5e4bae7744578a0948f7d91a,0,0,0,0,0,0,0
5e4bb35144578a09481c54aa,0,1,0,1,1,0,1
5e4bb3ce44578a09481fd177,0,0,0,0,0,0,0
5e4bb46a44578a0948238b44,0,0,0,0,0,0,0
5e4bb8e644578a09484d0b16,1,1,1,1,1,1,1
5e4bbe5c44578a09486b1d5d,1,1,1,1,1,1,1
5e4bc48b44578a094892b0a2,0,0,0,0,0,0,0
5e4bc4b544578a09489421d2,0,0,0,0,0,0,0
5e4bccb044578a0948c7530f,0,0,0,0,0,0,0
5e4bccbd44578a0948c7e31f,0,0,0,0,0,0,0
5e4bccd344578a0948c85a31,0,0,0,0,0,0,0
5e4bd63f44578a0948eefa5c,0,0,0,0,0,0,0
5e4bd77844578a0948f5c022,0,0,0,0,0,0,0
5e4bd95444578a094807afea,0,0,0,0,0,0,0
5e4bddfd44578a09482cb2f1,0,0,0,0,0,0,0
5e4be1a444578a094858448c,0,0,0,0,0,0,0
5e4be54944578a09486d593d,0,0,0,0,0,0,0
5e4be5b544578a09486f16c9,0,0,0,0,0,0,0
5e4be6ad44578a0948741ed1,0,0,0,0,0,0,0
5e4be72444578a0948780ba2,1,1,1,1,1,1,1
5e4be7cc44578a0948810a3a,0,0,0,0,0,0,0
5e4c040244578a0948a82e88,0,0,0,0,0,0,0
5e4c0a8a44578a0948c58810,0,0,0,0,0,0,0
5e4c0af544578a0948c7a801,1,1,1,1,1,1,1
5e4c177544578a0948f1d4bb,1,1,1,1,1,1,1
5e4c19c244578a094804718e,1,1,1,1,1,1,1
5e4c1e4d44578a09482c76b9,0,0,0,0,0,0,0
5e4c2ef044578a09488dc1db,0,0,0,0,0,0,0
5e4c311044578a0948ab3855,0,1,0,1,0,0,1
5e4c32e944578a0948b5ff17,1,1,1,1,1,1,1
5e4c32f644578a0948b6a17e,0,0,0,0,0,0,0
5e4c346744578a0948bb9fda,0,1,0,1,0,0,1
5e4c350e44578a0948bf2dd0,0,0,0,0,0,0,0
5e4c368844578a0948d0938a,1,1,1,1,1,1,1
5e4c3ab544578a0948ed276d,1,1,1,1,1,1,1
5e50acad44578a09481d1b21,1,1,1,1,1,1,1
5e50ad7b44578a09481f1df2,0,0,0,0,0,0,0
5e50aed844578a0948239cf8,0,1,0,1,0,0,1
5e50afcd44578a09482c9345,1,1,1,1,1,1,1
5e50b64944578a0948407c3f,0,0,0,0,0,0,0
5e50c45744578a0948688b3a,0,0,0,0,0,0,0
5e50d0f444578a0948880a14,1,1,1,1,1,1,1
5e50da2e44578a09489e96f6,0,0,0,0,0,0,0
5e50db3644578a0948a48a35,0,1,0,1,1,0,1
5e50e01f44578a0948b09cc9,0,0,0,0,0,0,0
5e50e14d44578a0948b75b87,0,1,0,1,0,0,1
5e50e52244578a0948c95867,0,0,0,0,0,0,0
5e50e8fe44578a0948dd013f,1,1,1,1,1,1,1
5e50e92c44578a0948de61a9,0,0,0,0,0,0,0
5e50ecad44578a0948f3cad3,0,0,0,0,0,0,0
5e50ed8e44578a0948f82cc9,0,0,0,0,0,0,0
5e50edbf44578a0948faa1dd,1,1,1,1,1,1,1
5e50ef1144578a0948087ce7,0,0,0,0,0,0,0
5e50eff944578a09481152b1,0,0,0,0,0,0,0
5e50f01a44578a0948128021,0,0,0,0,0,0,0
5e50f19c44578a09481ee5c5,0,0,0,0,0,0,0
5e50f21344578a09482267de,1,1,1,1,1,1,1
5e50f60644578a09483ba0f4,0,0,0,0,0,0,0
5e50f64944578a09483ed0ab,0,0,0,0,0,0,0
5e50f91b44578a094854bf6c,1,1,1,1,1,1,1
5e5109fb44578a0948ab05d5,0,1,0,1,0,0,1
5e510c8f44578a0948b5b2e3,0,0,0,0,0,0,0
5e510d9a44578a0948ba23a8,0,1,0,1,0,0,1
5e5116a444578a0948e14db4,0,0,0,0,0,0,0
5e51183744578a0948e94e80,0,1,0,1,1,0,1
5e511ab044578a0948056843,0,0,0,0,0,0,0
5e511ae944578a094807f247,0,0,0,0,0,0,0
5e511c2a44578a094810c964,0,0,0,0,0,0,0
5e511f4844578a09482aa3d2,0,0,0,0,0,0,0
5e51869f44578a09485330b7,0,0,0,0,0,0,0
5e518d1f44578a09485caf5f,0,1,0,1,1,0,1
5e519e2544578a0948866d04,0,0,0,0,0,0,0
5e51af6644578a0948cb3a7a,0,0,0,0,0,0,0
5e51b18244578a0948d4432a,0,0,0,0,0,0,0
5e51b68e44578a0948ebbbb1,1,1,1,1,1,1,1
5e51b7b044578a0948f54778,0,0,0,0,0,0,0
5e51bd1e44578a09482b84ed,0,0,0,0,0,0,0
5e51c27544578a09484e9a3f,0,0,0,0,0,0,0
5e51c53b44578a094862c018,0,0,0,0,0,0,0
5e51c58a44578a0948676c3f,1,1,1,1,1,1,1
5e51c8e844578a09488178cb,0,0,0,0,0,0,0
5e51ca5e44578a0948861cfc,0,0,0,0,0,0,0
5e51cbdd44578a09488d3c3b,0,0,0,0,0,0,0
5e51cee044578a094899acdf,0,0,0,0,0,0,0
5e51d1fb44578a0948ad53e7,0,0,0,0,0,0,0
5e51d4f744578a0948c99b83,0,0,0,0,0,0,0
5e51d71544578a0948dca844,1,1,1,1,1,1,1
5e51da4044578a0948f58bd8,0,0,0,0,0,0,0
5e51e0b744578a09481e9415,0,0,0,0,0,0,0
5e51e2d544578a09482f74e4,0,0,0,0,0,0,0
5e51e36944578a0948303969,1,1,1,1,1,1,1
5e51ea0a44578a0948589b4c,1,1,1,1,1,1,1
5e51ea3244578a094859e045,0,0,0,0,0,0,0
5e51ed6a44578a0948748c48,0,0,0,0,0,0,0
5e51ee6544578a09487c9402,0,0,0,0,0,0,0
5e51f05044578a09488fea20,1,1,1,1,1,1,1
5e51fedaecb9ab1534d684e7,0,0,0,0,0,0,0
5e51ff34ecb9ab1534dd4ed0,1,1,1,1,1,1,1
5e5200d2ecb9ab1534f672ae,0,0,0,0,0,0,0
5e520296ecb9ab15342293ab,0,0,0,0,0,0,0
5e5202fbecb9ab15342eb3d6,0,0,0,0,0,0,0
5e520374ecb9ab15343d69f7,0,0,0,0,0,0,0
5e520486ecb9ab153460084a,1,1,1,1,1,1,1
5e5204bcecb9ab153467959c,0,0,0,0,0,0,0
5e520536ecb9ab1534739ce9,1,1,1,1,1,1,1
5e520553ecb9ab1534763cf4,1,1,1,1,1,1,1
5e5205f8ecb9ab153485dd34,0,0,0,0,0,0,0
5e52061fecb9ab15348b9922,1,1,1,1,1,1,1
5e52077fecb9ab1534b011c0,0,0,0,0,0,0,0
5ebf7c33388f6a36d44d7d47,1,1,1,1,1,1,1
5ebf7c4f388f6a36d4508355,1,1,1,1,1,1,1
5ebf7d34388f6a36d467ed53,0,0,0,0,0,0,0
5ebf7d53388f6a36d46b2ffb,0,0,0,0,0,0,0
5ebf7df1388f6a36d47bb73e,1,1,1,1,1,1,1
5ebf7e48388f6a36d484ab6b,0,0,0,0,0,0,0
5ebf7ea0388f6a36d48d4e98,1,1,1,1,1,1,1
5ebf7ec4388f6a36d490c740,0,0,0,0,0,0,0
5ebf7f36388f6a36d49c7b61,0,0,0,0,0,0,0
5ebf7f39388f6a36d49cd481,1,1,1,1,1,1,1
5ebf80d7388f6a36d4c59afe,0,0,0,0,0,0,0
5ebf81dd388f6a36d4e014f5,0,0,0,0,0,0,0
5ebf81fe388f6a36d4e3a1d2,1,1,1,1,1,1,1
5ebf820a388f6a36d4e4df57,0,0,0,0,0,0,0
5ebf83cf388f6a36d412b5cf,0,0,0,0,0,0,0
5ebf846e388f6a36d423bfb3,0,0,0,0,0,0,0
5ebf8543388f6a36d430c72f,0,0,0,0,0,0,0
5ebf8628388f6a36d440491c,0,0,0,0,0,0,0
5ebf8673388f6a36d44796f2,1,1,1,1,1,1,1
5ebf869d388f6a36d44c5c73,1,1,1,1,1,1,1
5ebf876f388f6a36d45951b5,1,1,1,1,1,1,1
5ebf8814388f6a36d465d1e6,0,0,0,0,0,0,0
5ebf886c388f6a36d46c69e5,1,1,1,1,1,1,1
5ebf886e388f6a36d46c9832,1,1,1,1,1,1,1
5ebf8998388f6a36d4842fa0,0,0,0,0,0,0,0
5ebf8a60388f6a36d4a07d91,1,1,1,1,1,1,1
5ebf8a9c388f6a36d4aa725c,0,0,0,0,0,0,0
5ebf8a9e388f6a36d4aab3e6,1,1,1,1,1,1,1
5ebf8aaa388f6a36d4ace410,1,1,1,1,1,1,1
5ebf8b59388f6a36d4c5f91d,1,1,1,1,1,1,1
5ebf8cdc388f6a36d4f6cf15,1,1,1,1,1,1,1
5ebf8da2388f6a36d40e7448,1,1,1,1,1,1,1
5ebf8dd3388f6a36d4141b16,1,0,1,0,1,0,1
5ebf8df4388f6a36d418e26b,0,0,0,0,0,0,0
5ebf8ed4388f6a36d430ae4d,0,0,0,0,0,0,0
5ebf8fde388f6a36d43d1d06,0,0,0,0,0,0,0
5ebf91a8388f6a36d4519b1f,1,1,1,1,1,1,1
5ebf94af388f6a36d47012e8,1,1,1,1,1,1,1
5ebf94b8388f6a36d470f3bd,1,1,1,1,1,1,1
5ec03924388f6a36d42d60ad,0,0,0,0,0,0,0
5ec03ad6388f6a36d43c2645,1,1,1,1,1,1,1
5ec03bf0388f6a36d4518573,0,0,0,0,0,0,0
5ec03c71388f6a36d4595a8f,0,0,0,0,0,0,0
5ec03e15388f6a36d479b192,0,0,0,0,0,0,0
5ec0424a388f6a36d49d0382,0,0,0,0,0,0,0
5ec042cd388f6a36d4a8cf37,0,0,0,0,0,0,0
5ec042ef388f6a36d4ac46d1,0,0,0,0,0,0,0
5ec04341388f6a36d4b42365,0,0,0,0,0,0,0
5ec043a1388f6a36d4bbb68b,0,0,0,0,0,0,0
5ec043ec388f6a36d4bf3d0b,1,1,1,1,1,1,1
5ec04509388f6a36d4d6d976,1,1,1,1,1,1,1
5ec04512388f6a36d4d8671e,0,0,0,0,0,0,0
5ec04576388f6a36d4e65852,1,1,1,1,1,1,1
5ec0457f388f6a36d4e7442e,1,1,1,1,1,1,1
5ec045a4388f6a36d4ea9b6a,0,0,0,0,0,0,0
5ec0ed4a388f6a36d40a52b2,1,1,1,1,1,1,1
5ec0edd0388f6a36d419a0b5,0,0,0,0,0,0,0
5ec0edd5388f6a36d41a55a8,1,1,1,1,1,1,1
5ec0ee87388f6a36d42fe41b,0,0,0,0,0,0,0
5ec0ee9d388f6a36d431f343,0,0,0,0,0,0,0
5ec0ef6f388f6a36d44d62aa,0,0,0,0,0,0,0
5ec0f01a388f6a36d45e8e8e,1,1,1,1,1,1,1
5ec0f02f388f6a36d461885f,1,1,1,1,1,1,1
5ec0f03a388f6a36d4631304,0,0,0,0,0,0,0
5ec0f1cc388f6a36d49c0561,1,1,1,1,1,1,1
5ec0f273388f6a36d4b64785,0,0,0,0,0,0,0
5ec0f29c388f6a36d4bb5317,0,0,0,0,0,0,0
5ec0f2d9388f6a36d4c1b4bb,0,0,0,0,0,0,0
5ec0f3ad388f6a36d4d59457,1,1,1,1,1,1,1
5ec16942388f6a36d4e6b7cd,1,1,1,1,1,1,1
5ec16cf8388f6a36d42ab9d0,0,0,0,0,0,0,0
5ec16d39388f6a36d43136ed,1,1,1,1,1,1,1
5ec16d49388f6a36d432d37d,0,0,0,0,0,0,0
5ec16d71388f6a36d436d983,1,1,1,1,1,1,1
5ec16e09388f6a36d4460e9e,0,0,0,0,0,0,0
5ec16e62388f6a36d44f7182,1,1,1,1,1,1,1
5ec173d7388f6a36d47db191,0,0,0,0,0,0,0
5ec173dc388f6a36d47dd80f,0,0,0,0,0,0,0
5ec1795e388f6a36d4a4700b,0,0,0,0,0,0,0
5ec179d9388f6a36d4afe6df,0,0,0,0,0,0,0
5ec17a24388f6a36d4b52579,0,0,0,0,0,0,0
5ec180c4388f6a36d4be59e8,1,1,1,1,1,1,1
5ec181c8388f6a36d4cd8235,0,0,0,0,0,0,0
5ec181d6388f6a36d4ce7640,0,0,0,0,0,0,0
5ec19821388f6a36d4ea0762,1,1,1,1,1,1,1
5ec1b3f1388f6a36d4f5e5af,1,1,1,1,1,1,1
5ec1b409388f6a36d4f76c9e,1,1,1,1,1,1,1
5ec1b420388f6a36d4f92124,0,0,0,0,0,0,0
5ec1b4eb388f6a36d4076f04,1,1,1,1,1,1,1
5ec1b56e388f6a36d4108e4c,0,0,0,0,0,0,0
5ec1b58f388f6a36d412e61a,0,1,0,1,1,0,1
5ec1b644388f6a36d41ecb50,1,1,1,1,1,1,1
5ec1b693388f6a36d41f5fdd,1,1,1,1,1,1,1
5ec1b6be388f6a36d420c4b3,0,0,0,0,0,0,0
5ec1b776388f6a36d42ec89a,0,0,0,0,0,0,0
5ec1b7a0388f6a36d431c4fe,1,1,1,1,1,1,1
5ec1b7ac388f6a36d432b5c7,0,0,0,0,0,0,0
5ec1b877388f6a36d43feedb,0,0,0,0,0,0,0
5ec1b87c388f6a36d44039dc,0,0,0,0,0,0,0
5ec1b886388f6a36d440ba5b,0,1,0,1,0,0,1
5ec1b89c388f6a36d441d09d,0,0,0,0,0,0,0
5ec1b907388f6a36d447a02a,1,1,1,1,1,1,1
5ec1c267388f6a36d4781386,1,1,1,1,1,1,1
5ec1c285388f6a36d47a3b33,1,1,1,1,1,1,1
5ec1c2ff388f6a36d4830875,1,1,1,1,1,1,1
5ec1c328388f6a36d485ee26,0,0,0,0,0,0,0
5ec1c32f388f6a36d48687a9,0,0,0,0,0,0,0
5ec1ca4f388f6a36d48af918,0,0,0,0,0,0,0
5ec1ebeb388f6a36d4a21ace,0,0,0,0,0,0,0
5ec1ecaa388f6a36d4b298bb,1,1,1,1,1,1,1
5ec2b6c3388f6a36d4e6e2e2,0,0,0,0,0,0,0
5ec2b799388f6a36d4f3a96e,0,0,0,0,0,0,0
5ec2b7a5388f6a36d4f44341,0,0,0,0,0,0,0
5ec2b912388f6a36d40b9317,1,1,1,1,1,1,1
5ec2ba44388f6a36d42006a9,1,1,1,1,1,1,1
5ec2c9ad388f6a36d436e7d7,0,0,0,0,0,0,0
5ec2d104388f6a36d478f33d,1,1,1,1,1,1,1
5ec2d1c5388f6a36d481291c,0,0,0,0,0,0,0
5ec2d321388f6a36d48ef4b7,1,1,1,1,1,1,1
5ec2d5db388f6a36d4a837e9,0,0,0,0,0,0,0
5ec2d650388f6a36d4ad7a27,0,0,0,0,0,0,0
5ec2d9ec388f6a36d4d50948,1,1,1,1,1,1,1
5ec38bc8388f6a36d4f52335,0,0,0,0,0,0,0
5ec38c63388f6a36d407e69d,1,1,1,1,1,1,1
5ec38cee388f6a36d4168171,1,1,1,1,1,1,1
5ec39008388f6a36d46d2a66,0,0,0,0,0,0,0
5ec3907e388f6a36d47d83e9,1,1,1,1,1,1,1
5ec391e1388f6a36d4a846a4,1,1,1,1,1,1,1
5ec39298388f6a36d4ba2e9d,0,0,0,0,0,0,0
5ec392a4388f6a36d4bb7bac,0,0,0,0,0,0,0
5ec392b9388f6a36d4bded91,0,0,0,0,0,0,0
5ec393e9388f6a36d4e40b24,1,1,1,1,1,1,1
5ec393ff388f6a36d4e5ef21,0,0,0,0,0,0,0
5ec394fc388f6a36d402087b,1,1,1,1,1,1,1
5ec39551388f6a36d40ed351,1,1,1,1,1,1,1
5ec395cf388f6a36d4207bca,0,0,0,0,0,0,0
5ec3960c388f6a36d42a4d24,1,1,1,1,1,1,1
5ec39611388f6a36d42b0e70,0,0,0,0,0,0,0
5ec39630388f6a36d42fff40,0,0,0,0,0,0,0
5ec39831388f6a36d44b1659,1,1,1,1,1,1,1
5ec39925388f6a36d46cc736,0,0,0,0,0,0,0
5ec39972388f6a36d471f46c,0,0,0,0,0,0,0
5ec3999d388f6a36d475bf26,0,0,0,0,0,0,0
5ec39a2d388f6a36d482f52b,0,0,0,0,0,0,0
5ec39a8b388f6a36d48ea956,1,1,1,1,1,1,1
5ec39abb388f6a36d495da04,1,1,1,1,1,1,1
5ec39b43388f6a36d4a9d86b,0,0,0,0,0,0,0
5ec39baa388f6a36d4b9518d,1,1,1,1,1,1,1
5ec39bb0388f6a36d4ba1dc4,1,1,1,1,1,1,1
5ec39cf9388f6a36d4ddc164,0,0,0,0,0,0,0
5ec39dcd388f6a36d4f19815,0,0,0,0,0,0,0
5ec3a2b5388f6a36d41447a0,0,0,0,0,0,0,0
5ec3a3ee388f6a36d430323b,0,0,0,0,0,0,0
5ec3a407388f6a36d432c35a,0,0,0,0,0,0,0
5ec3a46a388f6a36d43eb14d,0,0,0,0,0,0,0
5ec3a568388f6a36d459824c,1,1,1,1,1,1,1
5ec3a707388f6a36d47aec37,1,1,1,1,1,1,1
5ec3a836388f6a36d48c1344,1,1,1,1,1,1,1
5ec3a867388f6a36d48f57f9,0,0,0,0,0,0,0
5ec3a9c5388f6a36d4a40b35,0,0,0,0,0,0,0
5ec3aa3e388f6a36d4b24d8b,0,0,0,0,0,0,0
5ec3ab9c388f6a36d4e0c762,0,0,0,0,0,0,0
5ec3abe6388f6a36d4eaa699,1,1,1,1,1,1,1
5ec3ac3d388f6a36d4f621e7,0,0,0,0,0,0,0
5ec3ac52388f6a36d4f94e8c,0,0,0,0,0,0,0
5ec3ade1388f6a36d41eec54,0,0,0,0,0,0,0
5ec3ae3e388f6a36d424e58a,0,0,0,0,0,0,0
5ec3aeeb388f6a36d435f0b7,1,0,1,0,1,0,1
5ec3aefb388f6a36d4372a20,0,0,0,0,0,0,0
5ec3b038388f6a36d44f44c4,1,1,1,1,1,1,1
5ec3b129388f6a36d46c018b,1,1,1,1,1,1,1
5ec3b129388f6a36d46c145f,1,1,1,1,1,1,1
5ec3b1bc388f6a36d4811ad1,1,1,1,1,1,1,1
5ec3b27f388f6a36d49e5930,1,1,1,1,1,1,1
5ec3b52d388f6a36d4dc3d26,0,0,0,0,0,0,0
5ec3b5a2388f6a36d4ec9268,1,1,1,1,1,1,1
5ec3b604388f6a36d4fa75ea,1,1,1,1,1,1,1
5ec3b607388f6a36d4fadf0a,0,0,0,0,0,0,0
5ec3b6b4388f6a36d40f3b1c,0,0,0,0,0,0,0
5ec3b6e7388f6a36d41479d9,1,1,1,1,1,1,1
5ec3b72a388f6a36d41aace8,0,0,0,0,0,0,0
5ec3b77b388f6a36d42213ae,0,0,0,0,0,0,0
5ec3b85a388f6a36d437f6fd,1,1,1,1,1,1,1
5ec3b877388f6a36d43ab01c,0,0,0,0,0,0,0
5ec3b8ba388f6a36d4410bce,1,1,1,1,1,1,1
5ec3b8c9388f6a36d4424c61,1,1,1,1,1,1,1
5ec3b8d8388f6a36d44387b0,1,1,1,1,1,1,1
5ec5c1bd2e44261eda0113a4,0,0,0,0,0,0,0
5ec5c25f2e44261eda0ab2c4,0,0,0,0,0,0,0
5ec5c31f2e44261eda184b46,1,1,1,1,1,1,1
5ec5e8e02e44261eda30381c,1,1,1,1,1,1,1
5ec5ea682e44261eda308c3e,0,0,0,0,0,0,0
5ec691782e44261eda57f33d,0,1,0,1,0,0,1
5ec691e32e44261eda64b7fa,0,0,0,0,0,0,0
5ec691fc2e44261eda68766f,1,1,1,1,1,1,1
5ec6921d2e44261eda6d03b8,0,0,0,0,0,0,0
5ec6925d2e44261eda76b16c,1,1,1,1,1,1,1
5ec692922e44261eda7e6827,1,1,1,1,1,1,1
5ecb13502e44261edaa8c867,0,0,0,0,0,0,0
5ecb13bc2e44261edaae93ed,0,0,0,0,0,0,0
5ecb14282e44261edab8de0e,0,0,0,0,0,0,0
5ecb14512e44261edabd897d,0,0,0,0,0,0,0
5ecb15002e44261edacca275,1,1,1,1,1,1,1
5ecb150b2e44261edacde0a6,0,0,0,0,0,0,0
5ecb158c2e44261edad67f48,1,1,1,1,1,1,1
5ecb189d2e44261eda0dedc5,0,0,0,0,0,0,0
5ecb18ab2e44261eda0f6efc,0,1,0,1,0,0,1
5ecb19ab2e44261eda283dbb,1,1,1,1,1,1,1
5ecb19e92e44261eda2ce260,0,1,0,1,0,0,1
5ecb1d472e44261eda79ea5c,0,0,0,0,0,0,0
5ecb1f662e44261edaa521c1,0,1,0,1,0,0,1
5ecb21492e44261edac42600,1,1,1,1,1,1,1
5ecb22252e44261edaca729a,1,1,1,1,1,1,1
5ecb224c2e44261edacd503c,1,1,1,1,1,1,1
5ecb228a2e44261edad21036,0,0,0,0,0,0,0
5ecb23dc2e44261edaecb038,1,1,1,1,1,1,1
5ecb24672e44261edaf8986a,0,0,0,0,0,0,0
5ecb36ce2e44261edaff9cde,0,0,0,0,0,0,0
5ecb36f42e44261eda01cc93,0,0,0,0,0,0,0
5ecb37282e44261eda042ff7,0,0,0,0,0,0,0
5ecb37ff2e44261eda0e2c43,0,0,0,0,0,0,0
5ecb38712e44261eda15abdd,1,1,1,1,1,1,1
5ecb39572e44261eda29bed7,0,0,0,0,0,0,0
5ecb398e2e44261eda3182bf,0,0,0,0,0,0,0
5ecb39dd2e44261eda39ea8d,0,0,0,0,0,0,0
5ecb39e52e44261eda3b4cb1,1,1,1,1,1,1,1
5ecb3a9a2e44261eda5653cc,0,0,0,0,0,0,0
5ecb4bbc2e44261edabf826e,0,0,0,0,0,0,0
5ecb4c5f2e44261edada2356,1,1,1,1,1,1,1
5ecb4cb92e44261edae69bc0,1,1,1,1,1,1,1
5ecb54fc2e44261edafe0a45,0,0,0,0,0,0,0
5ecb56412e44261eda1e6516,0,0,0,0,0,0,0
5ecb56562e44261eda20456f,0,0,0,0,0,0,0
5ecb56da2e44261eda2956e3,1,1,1,1,1,1,1
5ecb56db2e44261eda29706b,0,0,0,0,0,0,0
5ecb57362e44261eda2f813f,0,0,0,0,0,0,0
5ecb57b12e44261eda3c06f1,0,0,0,0,0,0,0
5ecb58132e44261eda4891cc,1,1,1,1,1,1,1
5ecb58322e44261eda4cf312,0,0,0,0,0,0,0
5ecb5a042e44261eda841c7c,1,1,1,1,1,1,1
5ecb5af02e44261edaa0cac0,0,0,0,0,0,0,0
5ecb5b7f2e44261edab4a6a6,1,1,1,1,1,1,1
5ecb5bc22e44261edabf9b31,0,0,0,0,0,0,0
5ecb5bd72e44261edac33dfe,0,1,0,1,1,0,1
5ecb5d3b2e44261edae710e1,0,1,0,1,1,0,1
5ecb5db82e44261edaf9a2d4,1,1,1,1,1,1,1
5ecc508db4700f2ddc22c49a,0,0,0,0,0,0,0
5ecc5096b4700f2ddc2468a8,1,1,1,1,1,1,1
5ecc5186b4700f2ddc490b5b,0,0,0,0,0,0,0
5ecc51b6b4700f2ddc5094c6,0,0,0,0,0,0,0
5ecc532ab4700f2ddc8c3ecc,1,1,1,1,1,1,1
5ecc54c6b4700f2ddcabe035,0,0,0,0,0,0,0
5ecc783db4700f2ddcd3ef02,1,1,1,1,1,1,1
5ecc7870b4700f2ddcd95496,1,1,1,1,1,1,1
5ecc7891b4700f2ddcdceb02,0,0,0,0,0,0,0
5ecc79a9b4700f2ddcf9b8db,0,0,0,0,0,0,0
5ecd2865b4700f2ddc12efa1,1,1,1,1,1,1,1
5ece8160f46b2b34fccd99f4,0,0,0,0,0,0,0
5ece8172f46b2b34fcd0c842,0,0,0,0,0,0,0
5ece81edf46b2b34fce41517,1,1,1,1,1,1,1
5ece823ff46b2b34fcf34808,1,1,1,1,1,1,1
5ece83cef46b2b34fc3aaa76,0,0,0,0,0,0,0
5ece8476f46b2b34fc58458a,0,0,0,0,0,0,0
5ece84d2f46b2b34fc67cb38,0,0,0,0,0,0,0
5ece86b2f46b2b34fc85e508,1,1,1,1,1,1,1
5ece86e6f46b2b34fc8f4476,1,0,1,0,1,0,1
5ece86f8f46b2b34fc929da7,1,1,1,1,1,1,1
5ece872ff46b2b34fc9b97c4,1,1,1,1,1,1,1
5ece87a2f46b2b34fcacd229,0,1,0,1,0,0,1
5ece87c4f46b2b34fcb18563,1,1,1,1,1,1,1
5ece87ecf46b2b34fcb7bc71,0,0,0,0,0,0,0
5ece8810f46b2b34fcbcceb9,0,0,0,0,0,0,0
5ece88def46b2b34fcdc7275,1,1,1,1,1,1,1
5ece8946f46b2b34fcead6c8,1,1,1,1,1,1,1
5ece89bef46b2b34fcf6d28f,0,0,0,0,0,0,0
5ece8a56f46b2b34fc05a82e,0,0,0,0,0,0,0
5ece9a23f46b2b34fc1c921f,0,0,0,0,0,0,0
5ece9a8ff46b2b34fc274238,0,0,0,0,0,0,0
5ece9ac0f46b2b34fc2c7d96,0,0,0,0,0,0,0
5ece9c23f46b2b34fc510e4a,0,0,0,0,0,0,0
5ece9d09f46b2b34fc696cd1,0,0,0,0,0,0,0
5ece9f16f46b2b34fc9de98d,0,0,0,0,0,0,0
5ece9f25f46b2b34fc9f82d5,1,1,1,1,1,1,1
5ece9fadf46b2b34fcad6a77,1,1,1,1,1,1,1
5ecea065f46b2b34fcbf92f3,0,0,0,0,0,0,0
5ecea128f46b2b34fcc86daa,1,1,1,1,1,1,1
5ecea5c0f46b2b34fc04a873,0,0,0,0,0,0,0
5ecea683f46b2b34fc24d621,0,0,0,0,0,0,0
5ecea6c9f46b2b34fc2f4647,0,0,0,0,0,0,0
5ecea6dff46b2b34fc32f190,1,0,1,0,0,0,1
5ecea6edf46b2b34fc354d06,0,0,0,0,0,0,0
5ecea6f8f46b2b34fc371972,0,0,0,0,0,0,0
5ecea7cbf46b2b34fc56b282,0,0,0,0,0,0,0
5ecea83cf46b2b34fc67efef,0,0,0,0,0,0,0
5ecea85af46b2b34fc6b4420,0,0,0,0,0,0,0
5ecea890f46b2b34fc7251b5,1,1,1,1,1,1,1
5ecea8c6f46b2b34fc7aa103,1,1,1,1,1,1,1
5ecea8e2f46b2b34fc7ed9b3,0,0,0,0,0,0,0
5ecea91af46b2b34fc8552cc,1,1,1,1,1,1,1
5ecea92af46b2b34fc8707de,1,1,1,1,1,1,1
5eceaa3cf46b2b34fca3418f,0,0,0,0,0,0,0
5ecf0d824d3150ef57db246d,1,1,1,1,1,1,1
5ecf0dbe4d3150ef57e12234,1,1,1,1,1,1,1
5ecf0dc54d3150ef57e1c8ef,0,0,0,0,0,0,0
5ecf0e584d3150ef57f10c58,1,1,1,1,1,1,1
5ecf0eca4d3150ef57fd20d3,1,1,1,1,1,1,1
5ecf0ee34d3150ef57ffc3f0,0,0,0,0,0,0,0
5ecf0fa54d3150ef571498bf,0,0,0,0,0,0,0
5ecf10154d3150ef57204ac6,1,1,1,1,1,1,1
5ecf10ae4d3150ef57305bf1,0,0,0,0,0,0,0
5ecf11354d3150ef573ebf98,1,1,1,1,1,1,1
5ecf11864d3150ef57475754,0,0,0,0,0,0,0
5ecf33bb4d315037d5d902a7,0,0,0,0,0,0,0
5ecf33ea4d315037d5e07158,0,0,0,0,0,0,0
5ecf353e4d315037d5eed3f2,0,0,0,0,0,0,0
5ecf35eb4d315037d503d132,0,0,0,0,0,0,0
5ecf35f94d315037d5061e75,1,1,1,1,1,1,1
5ecf3ea44d315037d525435e,1,1,1,1,1,1,1
5ecf3ef14d315037d52e5139,0,0,0,0,0,0,0
