question,RMV,REM,RGLAD,RLFC,truth,AND,OR,hard
5cf83ba344578a0664d67122,1,1,1,1,1,1,1,0
5cf83c6044578a0664f36573,4,4,4,4,4,4,4,0
5cf83ce744578a06640706a7,1,1,1,1,1,1,1,0
5cf83d1244578a06640dbc22,2,2,2,2,2,2,2,0
5cf83df944578a066431b2b8,2,2,2,2,2,2,2,0
5cf83e1944578a0664369b61,4,4,4,4,4,4,4,0
5cf83e3444578a066439c5a4,1,3,1,3,1,1,3,0
5cf83e4a44578a06643d3f3e,3,3,1,3,4,1,3,0
5cf83f2044578a066457120c,1,1,1,1,1,1,1,0
5cf83f3f44578a066459e8d1,1,1,1,1,1,1,1,0
5cf83f4844578a06645ab505,4,4,4,4,4,4,4,0
5cf83f5544578a06645be578,1,1,1,1,1,1,1,0
5cf83fc144578a066465a640,4,4,4,4,4,4,4,0
5cf83fdf44578a06646846b3,2,2,2,2,1,2,2,0
5cf8467244578a066484fa9c,4,4,4,4,4,4,4,0
5cf846b644578a06648e03f4,1,1,1,1,4,1,1,0
5cf846ff44578a066496bd56,2,4,2,4,4,0,6,0
5cf8470944578a066497f1db,1,1,1,1,2,1,1,0
5cf8475144578a0664a043a7,1,1,1,1,2,1,1,0
5cf847c644578a0664ada0e1,1,1,1,1,4,1,1,0
5cf848c344578a0664c8adfd,4,4,4,4,4,4,4,0
5cf848e844578a0664cc68d3,1,2,1,2,1,0,3,0
5cf848ee44578a0664cd0a71,4,4,4,4,2,4,4,0
5cf8494e44578a0664d73920,1,1,1,1,2,1,1,0
5cf849f444578a0664e848f1,3,3,3,3,1,3,3,0
5cf84b1e44578a06640556e6,4,4,4,4,4,4,4,0
5cf84c0244578a0664187ca7,3,4,1,4,4,0,7,0
5cf84c2d44578a06641b6fbb,3,3,3,3,1,3,3,0
5cf84c4544578a06641e92d0,1,1,1,1,1,1,1,0
5cf84f6644578a06647332d5,1,2,1,2,1,0,3,0
5cf84fdd44578a0664845937,3,3,3,3,1,3,3,0
5cf851e944578a0664bbbe82,1,1,1,1,1,1,1,0
5cf8529344578a0664cbbc9b,1,1,1,1,1,1,1,0
5cf8537044578a0664e0393d,1,1,1,1,1,1,1,0
5cf8537444578a0664e08d93,1,1,1,1,1,1,1,0
5cf8537744578a0664e0cf56,1,1,1,1,3,1,1,0
5cf8577c44578a066421a894,4,4,4,4,4,4,4,0
5cf857a844578a06642518f1,4,4,4,4,4,4,4,0
5cf8590044578a06643e93b8,3,3,3,3,4,3,3,0
5cf8596344578a066445f75d,4,4,4,4,4,4,4,0
5cf85a3d44578a0664566651,1,1,1,1,1,1,1,0
5cf85af344578a066463dec1,4,4,4,4,4,4,4,0
5cf85cdc44578a066487a137,1,3,1,3,1,1,3,0
5cf85d8844578a0664948149,1,1,1,1,2,1,1,0
5cf85dc444578a066498a16f,1,1,1,1,1,1,1,0
5cf85e1844578a0664a14f12,2,1,5,1,1,0,7,0
5cf85f6144578a0664cd5360,4,4,4,4,4,4,4,0
5cf85ff544578a0664dfab44,1,1,1,1,1,1,1,0
5cf8604644578a0664ea6a30,1,1,1,1,2,1,1,0
5cf8607644578a0664f0b963,1,2,1,2,1,0,3,0
5cf8607e44578a0664f1dd0e,2,2,2,2,2,2,2,0
5cf860ab44578a0664f77e11,1,1,1,1,1,1,1,0
5cf8616d44578a066409440c,1,2,1,2,1,0,3,0
5cf861c044578a066413f7ba,1,1,1,1,1,1,1,0
5cf861c144578a0664141717,1,2,1,2,1,0,3,0
5cf861c644578a066414ba39,4,4,4,4,4,4,4,0
5cf861c844578a0664151865,2,2,2,2,4,2,2,0
5cf8626944578a0664299add,1,1,1,1,1,1,1,0
5cf8626c44578a06642a194d,4,4,4,4,4,4,4,0
5cf862a844578a0664323c07,1,1,1,1,4,1,1,0
5cf8636044578a066447222c,1,1,1,1,1,1,1,0
5cf863f344578a06644d531e,1,1,1,1,1,1,1,0
5cf86b5e44578a066465b215,1,1,1,1,1,1,1,0
5cf86e0044578a066484f074,3,3,3,3,3,3,3,0
5cf86ece44578a06649a6136,2,2,2,2,2,2,2,0
5cf86ee844578a06649d7b9c,4,4,2,4,4,0,6,0
5cf871e344578a0664d71608,4,4,4,4,4,4,4,0
5cf8726a44578a0664e63030,1,1,1,1,1,1,1,0
5cf8733244578a0664f406fc,1,1,1,1,1,1,1,0
5cf8733244578a0664f419d6,1,1,1,1,1,1,1,0
5cf873eb44578a0664077ce4,1,1,1,1,1,1,1,0
5cf873eb44578a0664079688,4,4,4,4,4,4,4,0
5cf8748e44578a06641b221e,4,4,4,4,4,4,4,0
5cf8750944578a066423248c,2,2,2,2,2,2,2,0
5cf875b744578a066437a339,1,1,1,1,1,1,1,0
5cf875bf44578a0664386349,5,5,2,5,4,0,7,0
5cf875cd44578a06643a67e6,4,4,4,4,4,4,4,0
5cf8761444578a066442d364,1,3,1,3,1,1,3,0
5cf8781644578a066469449c,1,1,1,1,1,1,1,0
5cf878c544578a06647a3a6e,1,1,1,1,1,1,1,0
5cf878db44578a06647bde9a,4,4,2,4,4,0,6,0
5cf87a6344578a0664948812,4,4,4,4,4,4,4,0
5cf924ff44578a0664b27a0c,1,1,1,1,1,1,1,0
5cf9251544578a0664b302a9,1,1,1,1,2,1,1,0
5cf925ab44578a0664b59b2c,1,2,1,2,1,0,3,0
5cf9260344578a0664b7e62a,1,2,1,2,1,0,3,0
5cf9298f44578a0664e2d370,1,1,1,1,2,1,1,0
5cf92afc44578a0664f3e78a,2,2,2,2,4,2,2,0
5cf92bae44578a0664fbc818,5,2,4,2,2,0,7,0
5cf92ddd44578a06641348fa,1,1,1,1,1,1,1,0
5cf92df444578a06641454d1,1,1,1,1,1,1,1,0
5cf92e1044578a06641671b7,4,4,4,4,4,4,4,0
5cf92f3844578a066426af1c,1,1,1,1,1,1,1,0
5cf92f5a44578a0664296a65,1,1,1,1,1,1,1,0
5cf92f6f44578a06642b3a4d,3,3,2,3,2,2,3,0
5cf9309c44578a06643bbbb9,4,4,4,4,4,4,4,0
5cf9328544578a06645ebbc1,1,1,1,1,2,1,1,0
5cf932db44578a0664651dc6,1,1,1,1,1,1,1,0
5cf9652844578a066469336f,3,3,4,3,1,0,7,0
5cf965df44578a0664750cec,4,4,4,4,4,4,4,0
5cf965f944578a0664779052,3,4,4,4,4,0,7,0
5cf9664c44578a06647cdace,1,1,1,1,1,1,1,0
5cf9667e44578a06647dd820,1,1,1,1,1,1,1,0
5cf9671644578a066481c34f,4,4,4,4,4,4,4,0
5cf967c244578a06648d474f,2,2,2,2,2,2,2,0
5cf969f544578a0664ae95b0,1,1,1,1,2,1,1,0
5cf96a6a44578a0664bc61b6,3,3,3,3,4,3,3,0
5cf96a8d44578a0664c0e2c6,2,2,2,2,2,2,2,0
5cf96b2a44578a0664c719c4,3,3,3,3,4,3,3,0
5cf96f4844578a0664d7a3b5,1,1,1,1,1,1,1,0
5cf96fa444578a0664da6ace,4,4,4,4,4,4,4,0
5cf96fd644578a0664dc506d,3,3,3,3,4,3,3,0
5cf970c044578a0664e21c78,1,1,1,1,1,1,1,0
5cf9713444578a0664eb031b,3,3,3,3,4,3,3,0
5cf972d344578a0664f75b8e,4,4,4,4,2,4,4,0
5cf974b744578a066406d58a,1,1,1,1,1,1,1,0
5cf976a044578a06640e3d4f,4,4,4,4,4,4,4,0
5cf9790244578a066429d5db,1,2,4,2,4,0,7,0
5cf9792e44578a06642d1ee2,1,1,1,1,1,1,1,0
5cf9798744578a06642ebe27,4,4,4,4,4,4,4,0
5cf97a5844578a0664375462,3,3,3,3,3,3,3,0
5cf97b8244578a06644196ff,4,3,3,3,4,0,7,0
5cf97bd844578a066446eec3,1,1,1,1,1,1,1,0
5cf97cee44578a066453eef7,1,1,1,1,1,1,1,0
5cf97db344578a0664590187,1,1,1,1,2,1,1,0
5cf97e2544578a06645ce159,1,2,1,2,2,0,3,0
5cf97ecd44578a06646807c7,1,1,1,1,1,1,1,0
5cf9802644578a0664753ff2,2,2,2,2,2,2,2,0
5cf9811944578a0664816e93,4,4,4,4,4,4,4,0
5cf981d244578a06648f9ec6,2,2,2,2,4,2,2,0
5cf982e444578a06649bab98,4,4,4,4,1,4,4,0
5cf9831c44578a06649c2e36,2,2,2,2,2,2,2,0
5cf9839444578a06649e8d5f,1,3,1,3,1,1,3,0
5cf9874a44578a0664bae7a2,5,3,1,3,2,1,7,0
5cf9878944578a0664bdb728,1,3,1,3,1,1,3,0
5cf98a8b44578a0664eed60b,4,3,4,3,4,0,7,0
5cf98aa944578a0664f01d22,2,2,2,2,2,2,2,0
5cf98aaa44578a0664f02db9,1,1,1,1,1,1,1,0
5cf98c3c44578a066401b25e,4,4,4,4,4,4,4,0
5cf98c4444578a066402a8b7,4,4,4,4,4,4,4,0
5cf98d8144578a06641e177f,4,4,4,4,4,4,4,0
5cf98e0144578a066425be8d,1,1,1,1,2,1,1,0
5cf98f4144578a066432fc8c,4,4,4,4,4,4,4,0
5cf98f9b44578a06643aff99,1,5,1,5,1,1,5,0
5cf98fff44578a0664435f35,3,3,1,3,2,1,3,0
5cf9900544578a06644418a8,1,1,1,1,1,1,1,0
5cf9902a44578a06644685de,4,4,4,4,4,4,4,0
5cf9908f44578a06644b6e8b,4,4,4,4,4,4,4,0
5cf9923f44578a06645e661f,1,2,1,2,2,0,3,0
5cf9936344578a06646c475a,1,2,2,2,1,0,3,0
5cf9983344578a066489a01c,1,3,1,3,1,1,3,0
5cf9989d44578a06648b80bf,2,2,2,2,1,2,2,0
5cf99d1c44578a0664b0b39e,1,1,1,1,1,1,1,0
5cf99eee44578a0664c83499,3,3,3,3,3,3,3,0
5cf99f7c44578a0664d11b0f,4,4,4,4,4,4,4,0
5cf99fe944578a0664d591ce,1,1,1,1,1,1,1,0
5cf9a02044578a0664dc2b72,1,1,1,1,1,1,1,0
5cf9a19944578a0664eb158e,4,4,4,4,4,4,4,0
5cf9a2a944578a0664fbd84a,2,1,2,1,2,0,3,0
5cf9a50944578a066414492a,1,1,1,1,2,1,1,0
5cf9a78844578a06642def77,4,4,4,4,4,4,4,0
5cf9a83e44578a06643b3ffc,1,1,1,1,4,1,1,0
5cf9a92744578a066447f1fe,4,4,4,4,4,4,4,0
5cf9aac144578a0664510fd7,2,4,4,4,4,0,6,0
5cf9ab9844578a0664576f86,4,4,4,4,4,4,4,0
5cf9ac4644578a06645ec123,2,4,4,4,4,0,6,0
5cf9ac4c44578a06645f4107,1,2,1,2,1,0,3,0
5cf9ac8444578a0664614113,1,1,1,1,1,1,1,0
5cf9acc044578a0664640c86,1,1,1,1,2,1,1,0
5cf9aea544578a06646cfc06,5,4,2,4,4,0,7,0
5cf9b28d44578a0664864cff,1,1,1,1,1,1,1,0
5cf9b39e44578a06648eeec4,1,1,1,1,1,1,1,0
5cf9b3ca44578a0664909a80,1,2,1,2,2,0,3,0
5cf9b4e544578a06649866dc,1,2,1,2,1,0,3,0
5cf9b53044578a06649b0535,2,2,2,2,2,2,2,0
5cf9b59744578a06649f72ab,1,1,1,1,1,1,1,0
5cf9b5fc44578a0664a16453,1,1,1,1,2,1,1,0
5cf9b70c44578a0664aa40f7,1,1,1,1,1,1,1,0
5cf9b83544578a0664b5234e,1,5,1,5,1,1,5,0
5cf9b83e44578a0664b5b38e,1,1,1,1,1,1,1,0
5cf9b86c44578a0664bb246f,4,4,4,4,4,4,4,0
5cf9bfb944578a0664f46056,1,1,1,1,4,1,1,0
5cf9c0fc44578a0664fc61f5,4,4,4,4,4,4,4,0
5cf9c3ab44578a0664107102,1,1,1,1,1,1,1,0
5cf9c4bf44578a0664183fdd,2,2,2,2,2,2,2,0
5cf9c56f44578a066421d2a7,1,1,1,1,1,1,1,0
5cf9c66644578a06642c1d7b,1,1,1,1,1,1,1,0
5cf9c6a344578a06642f27d9,3,3,3,3,3,3,3,0
5cf9c6cc44578a066431c79f,1,1,1,1,1,1,1,0
5cf9c77244578a06643c2d31,1,1,1,1,1,1,1,0
5cf9c7ff44578a066442c4ba,4,4,4,4,4,4,4,0
5cf9ca6144578a06645c8bf4,3,3,3,3,1,3,3,0
5cf9cb2144578a066467e913,1,3,1,3,1,1,3,0
5cf9cb3344578a066468fb7e,5,1,5,1,2,1,5,0
5cf9cb3d44578a0664698d38,1,1,1,1,1,1,1,0
5cf9cc3b44578a06647b00a6,4,4,4,4,4,4,4,0
5cf9cd0b44578a066481bcd5,1,1,1,1,2,1,1,0
5cf9cd9244578a066489b1b9,1,1,1,1,1,1,1,0
5cf9d18544578a0664a8a7a7,1,1,1,1,1,1,1,0
5cf9d19e44578a0664aa0f9a,3,3,1,3,1,1,3,0
5cf9d19e44578a0664aa18de,3,5,1,5,1,1,7,0
5cf9d1c844578a0664abab65,1,1,1,1,1,1,1,0
5cf9d2f544578a0664b0807f,1,1,1,1,1,1,1,0
5cfd474a44578a0664c8da6e,3,4,3,4,4,0,7,0
5cfd4bf644578a0664e908a8,2,2,1,2,2,0,3,0
5cfd52a344578a06641b4fa4,1,1,1,1,1,1,1,0
5cfd52b644578a06641d4652,1,1,1,1,1,1,1,0
5cfd536f44578a06642166b0,4,4,4,4,4,4,4,0
5cfd550944578a0664259a67,4,4,4,4,4,4,4,0
5cfd559144578a066429314d,1,1,1,1,1,1,1,0
5cfd55a044578a06642a5cf5,4,4,4,4,4,4,4,0
5cfd582744578a06643b3faa,4,4,4,4,4,4,4,0
5cfd5b1344578a0664487ce1,1,2,1,2,4,0,3,0
5cfd5ba944578a06644f90fa,1,1,1,1,1,1,1,0
5cfd610044578a06647b8a5b,1,1,1,1,1,1,1,0
5cfd611c44578a06647d3bae,1,1,1,1,1,1,1,0
5cfd615044578a06647ea188,1,2,1,2,1,0,3,0
5cfd61aa44578a066483a89d,3,4,1,4,4,0,7,0
5cfd63cf44578a06648f9a17,1,1,1,1,1,1,1,0
5cfd65cd44578a0664a48556,4,4,4,4,4,4,4,0
5cfd667544578a0664aa2c08,1,1,1,1,2,1,1,0
5cfd66a144578a0664ab34b8,1,1,1,1,1,1,1,0
5cfd675e44578a0664b14eca,4,4,4,4,4,4,4,0
5cfd683544578a0664b83e94,1,4,1,4,1,0,5,0
5cfd688644578a0664b95c80,1,1,1,1,1,1,1,0
5cfd694b44578a0664c1b6df,5,4,3,4,4,0,7,0
5cfd6af344578a0664d29310,1,2,2,2,2,0,3,0
5cfd6c6c44578a0664db21c7,1,3,1,3,1,1,3,0
5cfd6cb744578a0664dd4201,4,4,4,4,4,4,4,0
5cff032744578a0664f45488,3,3,3,3,4,3,3,0
5cff06ae44578a066402caba,1,1,1,1,4,1,1,0
5d09990744578a00e069fc5e,2,1,2,1,2,0,3,0
5d099aed44578a00e07c82fd,1,1,1,1,1,1,1,0
5d099b0e44578a00e07dc5f6,4,4,1,4,4,0,5,0
5d099bd344578a00e0831ab5,1,1,1,1,2,1,1,0
5d09a22244578a00e0a420ea,1,1,1,1,2,1,1,0
5d09a22f44578a00e0a527dc,3,3,3,3,4,3,3,0
5d09a5e644578a00e0c0a902,1,1,1,1,1,1,1,0
5d09ab5444578a00e0d7ca07,4,2,4,2,4,0,6,0
5d09afbb44578a00e00e7092,2,2,2,2,2,2,2,0
5d09b10044578a00e026a33f,4,2,4,2,1,0,6,0
5d09b17044578a00e032ded7,1,3,4,3,4,0,7,0
5d09b19844578a00e0374511,1,1,1,1,1,1,1,0
5d09b1f644578a00e04237fd,1,4,1,4,4,0,5,0
5d09b1fa44578a00e042cf84,1,2,1,2,4,0,3,0
5d09b20444578a00e043f491,1,1,1,1,1,1,1,0
5d09b3dd44578a00e06ffefa,1,1,1,1,1,1,1,0
5d09b41744578a00e074a155,1,1,1,1,4,1,1,0
5d09b47244578a00e07be9ae,1,1,1,1,1,1,1,0
5d09b52f44578a00e07e1fd4,1,3,1,3,1,1,3,0
5d09b5d444578a00e08ad350,4,2,5,2,4,0,7,0
5d09b5d444578a00e08ad6d6,1,1,1,1,1,1,1,0
5d09b8bc44578a00e09c1242,1,1,1,1,2,1,1,0
5d09b96f44578a00e09f01e6,4,4,4,4,4,4,4,0
5d09bb0f44578a00e0ab22dd,4,4,4,4,4,4,4,0
5d09bd3144578a00e0cca31d,4,3,1,3,1,0,7,0
5d09bec444578a00e0de6a89,4,4,4,4,4,4,4,0
5d09bf1244578a00e0e3b180,1,1,1,1,1,1,1,0
5d09c07b44578a00e0eb37c3,4,4,4,4,4,4,4,0
5d09c22344578a00e0f50200,4,4,4,4,4,4,4,0
5d09c58a44578a00e017155a,1,1,1,1,1,1,1,0
5d09c9e544578a00e036831b,1,1,1,1,1,1,1,0
5d09ca5744578a00e03ad08d,4,4,4,4,4,4,4,0
5d09cae144578a00e03e868b,1,1,1,1,1,1,1,0
5d09caf744578a00e040daba,4,4,4,4,4,4,4,0
5d09ce8144578a00e059e336,4,4,4,4,4,4,4,0
5d09cf1344578a00e05dafb0,4,2,4,2,4,0,6,0
5d09d0a744578a00e06814cc,4,4,4,4,4,4,4,0
5d09d1bb44578a00e0714644,1,1,1,1,2,1,1,0
5d09d51144578a00e081653d,4,4,4,4,4,4,4,0
5d09d51244578a00e0817e9d,4,4,4,4,1,4,4,0
5d09d74b44578a00e08d582d,4,4,4,4,4,4,4,0
5d09d85d44578a00e097aad3,1,1,1,1,4,1,1,0
5d09d90444578a00e09ac9f9,3,3,3,3,4,3,3,0
5d09da6444578a00e0a7acc3,4,4,2,4,4,0,6,0
5d09db3944578a00e0b2f57d,1,1,1,1,1,1,1,0
5d09dc3244578a00e0c44a20,1,1,1,1,1,1,1,0
5d09dcd644578a00e0cbf6d8,1,1,1,1,4,1,1,0
5d09dce144578a00e0ccd4a4,1,1,1,1,1,1,1,0
5d09df4444578a00e0de17e3,4,4,4,4,4,4,4,0
5d09dfe944578a00e0ec8eff,4,1,4,1,1,0,5,0
5d09e0ab44578a00e0f615c1,4,4,4,4,4,4,4,0
5d09e2ab44578a00e000eddc,3,1,3,1,1,1,3,0
5d09e34d44578a00e010d040,1,1,1,1,4,1,1,0
5d09e44944578a00e013f80f,1,1,1,1,4,1,1,0
5d09e46844578a00e014ee2b,1,1,1,1,1,1,1,0
5d09e7f044578a00e038b8ff,1,1,1,1,1,1,1,0
5d09eaf944578a00e0518c1b,4,4,4,4,4,4,4,0
5d09f17044578a00e07b7074,4,2,4,2,4,0,6,0
5d09f1fa44578a00e07f12f4,4,2,4,2,4,0,6,0
5d09f2c644578a00e086a688,1,3,1,3,2,1,3,0
5d09f2c644578a00e086b378,4,3,2,3,1,0,7,0
5d09f88844578a00e0a2f147,1,1,1,1,1,1,1,0
5d09fcd044578a00e0bf6335,1,1,1,1,1,1,1,0
5d09fcdd44578a00e0bfcf35,4,2,2,2,1,0,6,0
5d09fcf844578a00e0c08241,1,1,1,1,1,1,1,0
5d09ff4444578a00e0d0d89d,1,3,3,3,4,1,3,0
5d09ffd344578a00e0d5253b,2,1,2,1,2,0,3,0
5d0a002f44578a00e0d83cc9,1,1,1,1,1,1,1,0
5d0a006044578a00e0db79cc,4,4,4,4,4,4,4,0
5d0a01e644578a00e0ee26ef,4,4,4,4,4,4,4,0
5d0a022244578a00e0f2fe9c,2,2,2,2,2,2,2,0
5d0a027944578a00e0f4bf78,3,1,1,1,4,1,3,0
5d0a04b944578a00e005df49,1,1,1,1,1,1,1,0
5d0a04f744578a00e0091c80,2,5,2,5,2,0,7,0
5d0a059744578a00e00e75a5,1,1,1,1,1,1,1,0
5d0a062a44578a00e0135cea,2,2,4,2,4,0,6,0
5d0a063c44578a00e01527ba,2,2,4,2,4,0,6,0
5d0a0a5d44578a00e04cf35a,4,4,4,4,4,4,4,0
5d0a0b2e44578a00e05a0042,1,1,1,1,2,1,1,0
5d0a0b7844578a00e05d023c,4,4,4,4,4,4,4,0
5d0a0bbe44578a00e061ced2,1,4,4,4,4,0,5,0
5d0a0c0044578a00e065f0c3,4,1,1,1,4,0,5,0
5d0a0d2444578a00e07aa039,1,1,1,1,1,1,1,0
5d0a0d4044578a00e07dba23,1,2,1,2,1,0,3,0
5d0a0d4c44578a00e07efca9,1,1,1,1,2,1,1,0
5d0a0d8d44578a00e084dfe5,4,3,4,3,4,0,7,0
5d0a112344578a00e09d21f2,1,1,1,1,1,1,1,0
5d0a117a44578a00e09ff432,4,4,4,4,2,4,4,0
5d0a123044578a00e0a54b18,5,3,1,3,2,1,7,0
5d0a128444578a00e0a8b034,4,2,4,2,4,0,6,0
5d0a16a344578a00e0cedaf0,1,2,4,2,2,0,7,0
5d0a174c44578a00e0d6a73b,1,1,1,1,2,1,1,0
5d0a1a3244578a00e0e7f622,1,1,1,1,1,1,1,0
5d0a1cd044578a00e001bfeb,3,4,2,4,4,0,7,0
5d0a1da044578a00e0074125,4,4,4,4,4,4,4,0
5d0a206d44578a00e02127c6,2,5,2,5,1,0,7,0
5d0a224144578a00e0292255,2,2,2,2,4,2,2,0
5d0a275644578a00e05482ef,4,4,4,4,4,4,4,0
5d0a28df44578a00e05f3225,4,4,4,4,4,4,4,0
5d0a2a4744578a00e067de31,1,5,4,5,1,0,5,0
5d0a2b8f44578a00e06f87d0,4,4,4,4,4,4,4,0
5d0a2cf144578a00e07be6e8,4,2,4,2,4,0,6,0
5d0a2d2644578a00e07ddff9,4,2,4,2,4,0,6,0
5d0a2e0244578a00e086cfc7,4,4,4,4,4,4,4,0
5d0a2e5a44578a00e08ccd91,1,3,1,3,1,1,3,0
5d0a30eb44578a00e0a829cd,1,1,1,1,1,1,1,0
5d0a30fd44578a00e0a91ebc,4,4,4,4,4,4,4,0
5d0a311744578a00e0ab44d1,1,4,4,4,4,0,5,0
5d0a319844578a00e0ae2590,1,3,1,3,1,1,3,0
5d0a319c44578a00e0ae9035,1,3,1,3,1,1,3,0
5d0a320344578a00e0b90651,4,4,4,4,4,4,4,0
5d0a327144578a00e0bf799e,1,1,1,1,2,1,1,0
5d0a348544578a00e0d6122f,1,2,1,2,4,0,3,0
5d0a37bf44578a00e0f13c57,4,4,4,4,4,4,4,0
5d0a3ecb44578a00e01e6859,1,2,2,2,4,0,3,0
5d0a416444578a00e0339b71,1,1,1,1,1,1,1,0
5d0a428244578a00e052a9b3,4,4,4,4,4,4,4,0
5d0a433344578a00e05d1a04,1,1,1,1,2,1,1,0
5d0a437d44578a00e0605555,1,1,1,1,2,1,1,0
5d0a43ea44578a00e0659490,1,1,1,1,4,1,1,0
5d0a45cb44578a00e0848347,1,1,1,1,1,1,1,0
5d0a476d44578a00e0975789,4,2,4,2,4,0,6,0
5d0d73bf44578a0ea45e606b,4,4,4,4,4,4,4,0
5d0d76b144578a0ea46428c1,4,4,4,4,4,4,4,0
5d0d770644578a0ea465cdc8,1,1,1,1,1,1,1,0
5d0d785d44578a0ea47389c8,1,1,1,1,2,1,1,0
5d0d786f44578a0ea474bf6c,1,2,2,2,4,0,3,0
5d0d78b644578a0ea479b30b,2,1,1,1,1,0,3,0
5d0d7ae644578a0ea48c8bbf,1,1,1,1,2,1,1,0
5d0d7da144578a0ea49a04b3,4,4,4,4,4,4,4,0
5d0d7df544578a0ea49d04e7,1,1,1,1,1,1,1,0
5d0d7e3844578a0ea4a09977,4,4,4,4,4,4,4,0
5d0d7fcd44578a0ea4aa78dc,4,4,4,4,4,4,4,0
5d0d835944578a0ea4bf5a01,1,3,1,3,4,1,3,0
5d0d886044578a0ea4d3ccc8,4,4,4,4,4,4,4,0
5d0d8c1844578a0ea40e18e0,1,1,1,1,1,1,1,0
5d0d8c3f44578a0ea4100354,3,3,3,3,1,3,3,0
5d0d8c4044578a0ea4101858,4,2,4,2,2,0,6,0
5d0d8dc644578a0ea42b09ef,1,1,1,1,4,1,1,0
5d0d8de844578a0ea42c8aa7,2,4,2,4,2,0,6,0
5d0d8ec244578a0ea43857b9,4,1,4,1,2,0,5,0
5d0d8f2a44578a0ea4445205,1,1,1,1,1,1,1,0
5d0d8f4e44578a0ea4484e4c,2,2,2,2,4,2,2,0
5d0d8f5b44578a0ea44a1ff3,1,1,1,1,2,1,1,0
5d0d8f9744578a0ea4519751,4,4,4,4,4,4,4,0
5d0d8fa944578a0ea4541cd5,4,2,4,2,2,0,6,0
5d0d90b244578a0ea46e7947,4,2,2,2,1,0,6,0
5d0d90d744578a0ea472b7e3,1,1,1,1,1,1,1,0
5d0d911c44578a0ea479b777,4,2,4,2,2,0,6,0
5d0d91e944578a0ea48d37a8,4,4,4,4,4,4,4,0
5d0d929644578a0ea49f5688,1,1,1,1,1,1,1,0
5d0d929944578a0ea49f9c73,1,1,1,1,1,1,1,0
5d0d92e244578a0ea4a6c7f5,4,2,4,2,1,0,6,0
5d0d941744578a0ea4c65853,4,5,4,5,1,4,5,0
5d0d94e644578a0ea4d4e87c,4,2,2,2,2,0,6,0
5d0d966d44578a0ea4dfb48f,3,1,4,1,4,0,7,0
5d0d980b44578a0ea4051499,4,2,4,2,2,0,6,0
5d0d982044578a0ea407efb4,2,2,4,2,4,0,6,0
5d0d989c44578a0ea41360d4,1,1,1,1,2,1,1,0
5d0d991444578a0ea42203a3,1,1,1,1,1,1,1,0
5d0d9a2144578a0ea42e9cf4,4,2,4,2,1,0,6,0
5d0d9af644578a0ea4422f0f,3,3,3,3,4,3,3,0
5d0d9b4144578a0ea44ac719,1,1,1,1,1,1,1,0
5d0d9b9b44578a0ea456a35e,1,1,1,1,4,1,1,0
5d0d9ba344578a0ea457bfa0,4,3,4,3,4,0,7,0
5d0d9bad44578a0ea4593a41,3,1,3,1,2,1,3,0
5d0d9bf944578a0ea4610b20,1,1,1,1,1,1,1,0
5d0d9ee344578a0ea46f1942,1,1,1,1,1,1,1,0
5d0d9f0144578a0ea4714d51,4,3,4,3,4,0,7,0
5d0d9f0b44578a0ea4720fe9,1,1,1,1,2,1,1,0
5d0d9f3744578a0ea4758ae8,4,4,4,4,4,4,4,0
5d0da0c644578a0ea48151e6,1,1,1,1,1,1,1,0
5d0da41c44578a0ea49bc78f,4,4,4,4,4,4,4,0
5d0da4a144578a0ea4a191e9,2,5,2,5,2,0,7,0
5d0da55b44578a0ea4ab83e9,1,1,1,1,2,1,1,0
5d0da56d44578a0ea4acd29a,1,1,1,1,4,1,1,0
5d0da5f744578a0ea4b28ea4,2,2,2,2,2,2,2,0
5d0da6de44578a0ea4c239e6,5,5,5,5,4,5,5,0
5d0da70444578a0ea4c4f58e,1,1,1,1,1,1,1,0
5d0da82b44578a0ea4d8989f,4,4,4,4,1,4,4,0
5d0da86c44578a0ea4db74cc,4,4,4,4,4,4,4,0
5d0da97144578a0ea4ec753f,4,4,4,4,4,4,4,0
5d0da9c744578a0ea4f2a2ff,4,3,4,3,4,0,7,0
5d0da9cb44578a0ea4f2fc27,1,1,1,1,1,1,1,0
5d0da9e144578a0ea4f4debe,4,4,4,4,4,4,4,0
5d0dac6644578a0ea40e43f3,1,1,1,1,1,1,1,0
5d0daf3944578a0ea432d41e,1,1,1,1,1,1,1,0
5d0db04344578a0ea4431324,4,4,4,4,4,4,4,0
5d0db0dd44578a0ea4506e18,4,4,4,4,4,4,4,0
5d0db35e44578a0ea48577d3,4,4,4,4,4,4,4,0
5d0db40144578a0ea491be58,1,1,1,1,1,1,1,0
5d0db4f644578a0ea49fe10d,1,1,1,1,1,1,1,0
5d0dba4b44578a0ea4f51ac6,4,4,4,4,4,4,4,0
5d0dbc0144578a0ea4076270,1,1,1,1,1,1,1,0
5d0dbc9144578a0ea4103931,1,1,1,1,1,1,1,0
5d0dbcad44578a0ea4125dc3,4,2,4,2,4,0,6,0
5d0dbe7c44578a0ea4269063,1,1,1,1,1,1,1,0
5d0dbecc44578a0ea4305de4,2,2,2,2,4,2,2,0
5d0dbf7744578a0ea43fc169,4,4,4,4,4,4,4,0
5d0dbf8d44578a0ea442996d,4,4,4,4,4,4,4,0
5d0dbfde44578a0ea44cb969,1,1,1,1,2,1,1,0
5d0dbfe644578a0ea44dc1ab,1,1,1,1,1,1,1,0
5d0dc06244578a0ea45cb498,1,3,3,3,4,1,3,0
5d0dc0b444578a0ea465a879,1,1,1,1,1,1,1,0
5d0dc16a44578a0ea4750956,1,2,2,2,4,0,3,0
5d0dc26a44578a0ea4826591,1,1,1,1,1,1,1,0
5d0dc34d44578a0ea497d156,3,1,2,1,2,0,3,0
5d0dc39d44578a0ea49f300b,4,4,4,4,1,4,4,0
5d0dc3af44578a0ea4a1a666,1,1,1,1,1,1,1,0
5d0dc3c244578a0ea4a313b0,4,4,4,4,4,4,4,0
5d0dc41e44578a0ea4aa3ff7,1,1,1,1,1,1,1,0
5d0dc44144578a0ea4ae6201,2,2,2,2,2,2,2,0
5d0dc48044578a0ea4b3feb4,1,1,1,1,1,1,1,0
5d0dc54544578a0ea4c5c49e,1,1,1,1,1,1,1,0
5d0dc59a44578a0ea4cdb173,3,3,3,3,3,3,3,0
5d0dc5b844578a0ea4d09286,4,2,2,2,2,0,6,0
5d0dc5e944578a0ea4d54967,1,2,5,2,4,0,7,0
5d0dc67544578a0ea4e2eb90,1,1,1,1,1,1,1,0
5d0dc84a44578a0ea402e46d,1,3,1,3,1,1,3,0
5d0dc8ac44578a0ea40f11fd,3,3,3,3,4,3,3,0
5d0dc95d44578a0ea4237639,2,1,2,1,1,0,3,0
5d0dca5d44578a0ea43ce012,1,1,1,1,1,1,1,0
5d0dcad744578a0ea4493e30,1,1,1,1,1,1,1,0
5d0dcafd44578a0ea44a84de,1,2,4,2,1,0,7,0
5d0dcc6244578a0ea466b5dd,4,4,4,4,4,4,4,0
5d0dcd3144578a0ea475f2e9,1,1,1,1,1,1,1,0
5d0dcdb844578a0ea47ec6af,1,1,1,1,1,1,1,0
5d0dcdbe44578a0ea47f8645,4,4,4,4,4,4,4,0
5d0dcef044578a0ea492f662,1,1,1,1,2,1,1,0
5d0dd01644578a0ea4a9f022,1,1,1,1,4,1,1,0
5d0dd09044578a0ea4b7a817,4,4,4,4,4,4,4,0
5d0dd0df44578a0ea4c19444,1,1,1,1,4,1,1,0
5d0dd12c44578a0ea4cb1464,1,1,1,1,1,1,1,0
5d0dd13844578a0ea4cca688,3,2,3,2,4,2,3,0
5d0dd13844578a0ea4ccaa38,4,2,2,2,2,0,6,0
5d0dd20a44578a0ea4e5fa0d,4,4,4,4,4,4,4,0
5d0dd21944578a0ea4e71cef,1,1,1,1,1,1,1,0
5d0dd26744578a0ea4ee0b7b,4,4,4,4,2,4,4,0
5d0dd2ca44578a0ea4fafce1,4,4,4,4,2,4,4,0
5d0dd2d044578a0ea4fbc67d,1,1,1,1,1,1,1,0
5d0dd2d444578a0ea4fc7562,1,1,1,1,1,1,1,0
5d0dd2f744578a0ea4013c87,2,1,2,1,1,0,3,0
5d0dd2fc44578a0ea401ee77,4,4,4,4,4,4,4,0
5d0dd30144578a0ea4027c39,4,2,4,2,2,0,6,0
5d0dd30a44578a0ea403ace6,1,1,1,1,4,1,1,0
5d0dd53d44578a0ea446ba30,3,3,3,3,3,3,3,0
5d0dd60a44578a0ea45acc30,4,2,3,2,4,0,7,0
5d0dd66344578a0ea4670c9d,1,5,1,5,1,1,5,0
5d0dd68a44578a0ea46ac975,4,2,4,2,4,0,6,0
5d0dd6f344578a0ea477b4ed,2,1,2,1,2,0,3,0
5d0dd77544578a0ea485a988,2,2,2,2,2,2,2,0
5d0dd79c44578a0ea488e8e7,1,3,1,3,1,1,3,0
5d0dd7f144578a0ea48da2f7,1,1,1,1,1,1,1,0
5d0dd7f844578a0ea48e3920,1,1,1,1,4,1,1,0
5d0dd8b644578a0ea49cb6da,4,4,4,4,4,4,4,0
5d0dd94c44578a0ea4ad6d65,1,1,1,1,1,1,1,0
5d0dd9ba44578a0ea4bb8bc5,1,1,1,1,1,1,1,0
5d0dda5044578a0ea4ca9679,4,2,2,2,2,0,6,0
5d0ddafb44578a0ea4db97ae,1,1,1,1,1,1,1,0
5d0ddb2944578a0ea4df15de,4,4,4,4,3,4,4,0
5d0ddbae44578a0ea4e63e30,1,1,1,1,1,1,1,0
5d0ddc0c44578a0ea4ed2a84,4,2,4,2,4,0,6,0
5d0ddc6544578a0ea4f90ccf,1,1,1,1,1,1,1,0
5d0ddd0144578a0ea4059524,4,4,4,4,2,4,4,0
5d0ddd6a44578a0ea4135ff8,4,4,4,4,4,4,4,0
5d0dde4d44578a0ea42f03f5,1,1,1,1,1,1,1,0
5d0ddee144578a0ea43f4408,1,1,1,1,1,1,1,0
5d0de0bc44578a0ea4536888,1,1,1,1,1,1,1,0
5d0de0d444578a0ea4566174,1,1,1,1,1,1,1,0
5d0de0f644578a0ea459d222,1,1,1,1,1,1,1,0
5d0de10a44578a0ea45c9a77,4,4,4,4,4,4,4,0
5d0de4f344578a0ea4770af5,1,1,1,1,4,1,1,0
5d0de6e244578a0ea490ddce,1,1,1,1,1,1,1,0
5d0de82f44578a0ea4ab8e0e,1,1,1,1,1,1,1,0
5d0de87d44578a0ea4b11fd1,1,1,1,1,2,1,1,0
5d0de93844578a0ea4b99b3f,4,4,4,4,4,4,4,0
5d0dea2144578a0ea4c92735,4,1,3,1,4,0,7,0
5d0dea7144578a0ea4d00af5,1,1,1,1,1,1,1,0
5d0dec2e44578a0ea4f22b4e,4,4,4,4,4,4,4,0
5d0dec7144578a0ea4fb0f7c,3,3,3,3,4,3,3,0
5d0dec9d44578a0ea400f457,2,2,2,2,2,2,2,0
5d0decc044578a0ea403e8b6,1,1,1,1,1,1,1,0
5d0decf944578a0ea40ba7d5,1,1,1,1,1,1,1,0
5d0ded1644578a0ea40f7453,1,1,1,1,1,1,1,0
5d0ded2f44578a0ea412d89c,2,2,2,2,1,2,2,0
5d0ded5444578a0ea417f6f6,1,1,1,1,4,1,1,0
5d0ded5744578a0ea41871d6,1,1,1,1,2,1,1,0
5d0ded5b44578a0ea418eecf,1,1,1,1,1,1,1,0
5d0dee7544578a0ea431ae30,1,1,1,1,1,1,1,0
5d0dee8144578a0ea43326f5,1,1,1,1,1,1,1,0
5d0def8b44578a0ea45315dd,4,4,4,4,4,4,4,0
5d0def9c44578a0ea454c50f,1,1,4,1,4,0,5,0
5d0defe444578a0ea45c0a00,4,4,4,4,4,4,4,0
5d0df02944578a0ea464aad1,4,2,4,2,1,0,6,0
5d0df03744578a0ea46676bb,4,1,4,1,1,0,5,0
5d0df08144578a0ea470173f,4,2,4,2,4,0,6,0
5d0df0a944578a0ea4754215,4,2,4,2,4,0,6,0
5d0df0d544578a0ea47ade60,4,2,4,2,4,0,6,0
5d0df15744578a0ea48c6390,4,4,4,4,4,4,4,0
5d0df15844578a0ea48c84a3,4,4,4,4,4,4,4,0
5d0df24844578a0ea49c7c61,4,2,4,2,4,0,6,0
5d0df4b544578a0ea4c6f3d8,1,1,1,1,1,1,1,0
5d0df51944578a0ea4d13dea,4,4,4,4,4,4,4,0
5d0df59a44578a0ea4dc6e37,4,2,4,2,4,0,6,0
5d0df64444578a0ea4f2779a,1,2,1,2,2,0,3,0
5d0df6f644578a0ea40a329b,1,1,1,1,1,1,1,0
5d0df79f44578a0ea41fe8e9,4,4,4,4,4,4,4,0
5d0df7c144578a0ea424479c,4,2,4,2,4,0,6,0
5d0df7d944578a0ea42755d3,1,1,1,1,1,1,1,0
5d0df81b44578a0ea42f5b87,1,1,1,1,4,1,1,0
5d0dfa1644578a0ea45681b4,1,1,1,1,4,1,1,0
5d0dfa8444578a0ea45ea6c7,1,1,1,1,1,1,1,0
5d0dfb8144578a0ea46da26e,4,4,4,4,4,4,4,0
5d0dfbdb44578a0ea474081d,4,4,4,4,4,4,4,0
5d0dfe2944578a0ea48e54bf,1,1,1,1,1,1,1,0
5d0ea01444578a148050fd50,4,4,4,4,4,4,4,0
5d0ea08944578a14805445b3,1,1,1,1,1,1,1,0
5d0ea31944578a14806828ab,4,4,4,4,4,4,4,0
5d0ea59644578a14807c6664,1,3,1,3,4,1,3,0
5d0ea5cd44578a14807f83d9,1,3,1,3,1,1,3,0
5d0ea6e344578a14808f3a9d,4,4,4,4,1,4,4,0
5d0ea75e44578a1480960803,4,4,4,4,4,4,4,0
5d0ea7e244578a14809dd58b,2,5,2,5,1,0,7,0
5d0ea82044578a1480a146bb,4,4,4,4,4,4,4,0
5d0ea8b844578a1480a9bdc3,4,5,4,5,4,4,5,0
5d0ea99e44578a1480b70fde,4,4,4,4,4,4,4,0
5d0eac5644578a1480dd656d,4,4,4,4,4,4,4,0
5d0ead1044578a1480e816ed,4,4,4,4,4,4,4,0
5d0ead5344578a1480ec0f75,4,4,4,4,4,4,4,0
5d0ead9944578a1480f0a59d,4,4,4,4,4,4,4,0
5d0eada144578a1480f11cb2,4,4,4,4,4,4,4,0
5d0eae0444578a1480f697e5,4,2,4,2,1,0,6,0
5d0eae4944578a1480fa0c49,4,4,4,4,4,4,4,0
5d0eae5f44578a1480fb6b94,4,4,4,4,4,4,4,0
5d0eaf4044578a148009a65c,4,4,4,4,4,4,4,0
5d0eb06b44578a14801ec660,1,1,1,1,1,1,1,0
5d0eb06f44578a14801f1a44,3,3,3,3,4,3,3,0
5d0eb20944578a148034bece,1,2,2,2,4,0,3,0
5d0eb3cb44578a148045f67d,4,4,4,4,4,4,4,0
5d0eb7f744578a14809af078,4,2,4,2,1,0,6,0
5d0eb86d44578a1480a6a59c,4,5,4,5,4,4,5,0
5d0eb8f244578a1480afa0f7,4,4,4,4,4,4,4,0
5d0eba6844578a1480d500d3,3,3,3,3,2,3,3,0
5d0ebc2744578a1480f27794,4,4,4,4,4,4,4,0
5d0ebd0244578a1480004245,4,5,2,5,1,0,7,0
5d0ebdcc44578a148012b41e,4,4,4,4,4,4,4,0
5d0ebe4444578a14801eb385,1,1,1,1,1,1,1,0
5d0ebef844578a14802d89c5,1,1,1,1,2,1,1,0
5d0ebf0544578a14802f209d,3,2,3,2,4,2,3,0
5d0ebf9c44578a1480370418,4,3,4,3,2,0,7,0
5d0ec04e44578a14804957c8,4,4,4,4,4,4,4,0
5d0ec05944578a14804a7ebd,1,1,1,1,1,1,1,0
5d0ec0d144578a148054708f,1,1,1,1,2,1,1,0
5d0ec26444578a14807530db,4,4,4,4,4,4,4,0
5d0ec27944578a148076e047,4,3,4,3,4,0,7,0
5d0ec60644578a1480a1a7d5,4,4,4,4,4,4,4,0
5d0ec61a44578a1480a35e0e,2,5,2,5,4,0,7,0
5d0ec6af44578a1480b0c868,4,4,4,4,4,4,4,0
5d0ec72344578a1480bab3de,1,1,1,1,4,1,1,0
5d0ec7cd44578a1480cb0be1,4,5,4,5,4,4,5,0
5d0ec80d44578a1480d16258,4,4,4,4,4,4,4,0
5d0ec87744578a1480da65dd,3,3,3,3,4,3,3,0
5d0ec89c44578a1480dda44e,4,4,4,4,4,4,4,0
5d0ecab744578a1480077c48,4,4,4,4,4,4,4,0
5d0ecaf944578a14800db7f9,4,2,4,2,4,0,6,0
5d0ecb3b44578a148013d442,4,2,4,2,3,0,6,0
5d0ecb4c44578a148014aab9,4,3,4,3,4,0,7,0
5d0ecc0d44578a1480200e3a,1,1,1,1,1,1,1,0
5d0ecc1144578a1480208c4e,1,1,1,1,1,1,1,0
5d0ecc2844578a1480225969,4,3,4,3,4,0,7,0
5d0ecc9544578a14802bbabe,1,1,1,1,1,1,1,0
5d0ecca544578a14802d7b47,1,1,1,1,4,1,1,0
5d0eccb744578a14802e838c,3,3,3,3,2,3,3,0
5d0ecd8344578a1480468d1c,4,3,4,3,4,0,7,0
5d0ecd8a44578a14804778fb,4,4,4,4,4,4,4,0
5d0ecfdb44578a14805c17ed,4,3,4,3,2,0,7,0
5d0ed04944578a14805e3151,4,1,4,1,2,0,5,0
5d0ed08144578a1480611f68,1,1,1,1,2,1,1,0
5d0ed25444578a148078cff6,2,5,2,5,2,0,7,0
5d0ed26b44578a14807b76d4,1,1,1,1,1,1,1,0
5d0ed27744578a14807c9c09,1,1,1,1,1,1,1,0
5d0ed27e44578a14807d601f,4,4,4,4,4,4,4,0
5d0ed2ce44578a148086aaab,4,4,4,4,4,4,4,0
5d0ed47944578a1480961f49,5,4,4,4,2,4,5,0
5d0ed6a744578a1480b6c4a9,4,4,4,4,4,4,4,0
5d0ed7db44578a1480d3d6b9,4,1,4,1,2,0,5,0
5d0ed99144578a1480f0a9d6,4,4,4,4,4,4,4,0
5d0eda0444578a1480f95db3,4,4,4,4,1,4,4,0
5d0eda2b44578a1480fe2aba,1,1,1,1,2,1,1,0
5d0eda7244578a148004334e,2,5,2,5,4,0,7,0
5d0edcdd44578a148023eaf5,4,4,4,4,2,4,4,0
5d0edd2944578a14802af39d,4,4,4,4,4,4,4,0
5d0eddc744578a14803b96aa,3,3,3,3,2,3,3,0
5d0ede8244578a1480421cbe,4,4,4,4,4,4,4,0
5d0edf8344578a148057975c,1,1,1,1,1,1,1,0
5d0ee06744578a14806dde90,1,1,1,1,4,1,1,0
5d0ee0e544578a148076ceaa,1,1,1,1,1,1,1,0
5d0ee0fc44578a14807876ea,1,1,1,1,1,1,1,0
5d0ee12b44578a14807a6c19,1,1,1,1,1,1,1,0
5d0ee29e44578a14809d6cd3,1,3,1,3,2,1,3,0
5d0ee45a44578a1480b9337b,4,4,4,4,1,4,4,0
5d0ee46144578a1480b9fd72,4,4,4,4,4,4,4,0
5d0ee4de44578a1480c65dea,1,1,1,1,1,1,1,0
5d0ee52844578a1480cd4044,4,4,4,4,4,4,4,0
5d0ee5b944578a1480de4707,4,4,4,4,4,4,4,0
5d0ee62a44578a1480e8a5e4,1,1,1,1,1,1,1,0
5d0ee7cb44578a1480f6b719,4,2,4,2,4,0,6,0
5d0ee8a744578a1480fce572,4,3,4,3,1,0,7,0
5d0eeae444578a14802213e8,1,1,1,1,2,1,1,0
5d0eeb9844578a148034db88,4,4,4,4,4,4,4,0
5d0ef1ff44578a14805f485f,4,5,4,5,2,4,5,0
5d0ef24244578a1480671aae,4,2,4,2,4,0,6,0
5d0ef24c44578a14806855c5,1,1,1,1,1,1,1,0
5d0ef29544578a14806e8ff5,1,3,1,3,2,1,3,0
5d0ef2a444578a14807073ee,5,5,5,5,2,5,5,0
5d0ef3a744578a14808f0ed0,3,3,3,3,1,3,3,0
5d0ef3ae44578a14808fecc9,1,3,3,3,2,1,3,0
5d0ef4c644578a1480af5fbe,1,4,1,4,4,0,5,0
5d0ef4ee44578a1480b423f5,1,1,1,1,1,1,1,0
5d0ef5c344578a1480ca6164,3,3,3,3,1,3,3,0
5d0ef63d44578a1480d82573,1,1,2,1,2,0,3,0
5d0ef64a44578a1480d93d9a,1,1,1,1,2,1,1,0
5d0ef64c44578a1480d98b9b,4,5,4,5,4,4,5,0
5d0ef6bc44578a1480e5ab54,4,3,4,3,2,0,7,0
5d0ef71a44578a1480ef38d4,1,1,1,1,1,1,1,0
5d0ef72944578a1480f0a6e1,3,3,3,3,2,3,3,0
5d0ef74d44578a1480f456af,4,4,4,4,4,4,4,0
5d0ef76844578a1480f70036,1,1,1,1,1,1,1,0
5d0ef7ff44578a148004ce89,1,1,1,1,1,1,1,0
5d0ef8e944578a14801eb8be,1,1,1,1,1,1,1,0
5d0ef90844578a148021e82f,4,4,4,4,4,4,4,0
5d0ef9d444578a1480330ebd,4,4,4,4,4,4,4,0
5d0efa0c44578a1480391c21,4,4,4,4,4,4,4,0
5d0efca144578a148052f0f7,4,4,4,4,4,4,4,0
5d0efcee44578a14805a662d,4,4,4,4,4,4,4,0
5d0efcef44578a14805a8897,4,4,4,4,4,4,4,0
5d0effad44578a1480958e23,4,4,4,4,4,4,4,0
5d0f005444578a1480a5de4f,4,4,4,4,4,4,4,0
5d0f039a44578a1480d8f831,4,4,4,4,4,4,4,0
5d0fb0fc44578a1480f09226,1,1,1,1,1,1,1,0
5d0fb51944578a148017826a,3,3,3,3,1,3,3,0
5d0fb53d44578a14801a0355,2,5,2,5,4,0,7,0
5d0fb66944578a14802df4bf,1,3,3,3,1,1,3,0
5d0fbb0d44578a14803aec1c,4,4,4,4,4,4,4,0
5d0fbb7444578a148041672b,4,4,4,4,4,4,4,0
5d0fbb9744578a1480439e4d,4,4,4,4,4,4,4,0
5d0fd03144578a1e14572be3,3,3,3,3,1,3,3,0
5d0fd05d44578a1e14585d6f,3,3,3,3,2,3,3,0
5d0feea344578a0ddc259488,1,2,1,2,1,0,3,0
5d0fef2f44578a0ddc2b6255,3,3,3,3,1,3,3,0
5d0ff35a44578a0ddc38ee33,4,2,1,2,4,0,7,0
5d0ff3b344578a0ddc3b7e0b,4,3,4,3,4,0,7,0
5d0ff4c044578a0ddc469234,4,4,4,4,4,4,4,0
5d0ff72c44578a0ddc5f9020,4,4,4,4,1,4,4,0
5d0ff7ca44578a0ddc678168,4,4,4,4,4,4,4,0
5d0ffa0244578a0ddc82dae1,4,2,4,2,4,0,6,0
5d0ffa1444578a0ddc83c382,1,1,4,1,4,0,5,0
5d101b6f44578a0ddc8c5a7c,4,4,4,4,2,4,4,0
5d10210e44578a0ddc97ee63,2,5,2,5,4,0,7,0
5d10242c44578a0ddca7f78c,4,2,4,2,4,0,6,0
5d10259844578a0ddcb207d7,4,4,4,4,4,4,4,0
5d102a9e44578a0ddccc0c98,4,4,4,4,4,4,4,0
5d102c3d44578a0ddcd2721b,5,2,5,2,4,0,7,0
5d1031da44578a0ddceedb60,3,3,4,3,2,0,7,0
5d1031fa44578a0ddcef922e,4,4,4,4,4,4,4,0
5d10326844578a0ddcf1edb2,4,2,4,2,4,0,6,0
5d10338544578a0ddcf7aa52,1,1,1,1,1,1,1,0
5d10350e44578a0ddc023f4a,3,3,3,3,2,3,3,0
5d10363044578a0ddc0ad18d,4,5,4,5,4,4,5,0
5d10378544578a0ddc16bc96,3,3,4,3,2,0,7,0
5d10389244578a0ddc20e482,4,4,4,4,4,4,4,0
5d1038d044578a0ddc22e68e,4,4,4,4,4,4,4,0
5d10396144578a0ddc280f7e,1,1,1,1,1,1,1,0
5d103abd44578a0ddc33f4a3,1,1,1,1,1,1,1,0
5d103bda44578a0ddc3ceb05,1,1,1,1,1,1,1,0
5d103e5544578a0ddc5046c0,4,3,4,3,4,0,7,0
5d103e9444578a0ddc52118f,4,4,4,4,4,4,4,0
5d10405d44578a0ddc601632,1,1,1,1,1,1,1,0
5d10406444578a0ddc60589a,3,3,3,3,2,3,3,0
5d1040bd44578a0ddc63f717,4,4,4,4,4,4,4,0
5d10413e44578a0ddc69e93e,4,4,4,4,4,4,4,0
5d10418744578a0ddc6d7835,4,4,4,4,4,4,4,0
5d1042f144578a0ddc828ea0,1,1,1,1,2,1,1,0
5d10444044578a0ddc98a345,1,1,1,1,1,1,1,0
5d1044e344578a0ddca4ef95,4,4,4,4,4,4,4,0
5d10453e44578a0ddcac41df,4,4,4,4,4,4,4,0
5d10468644578a0ddcc067c3,4,2,4,2,4,0,6,0
5d1046d844578a0ddcc53ae4,1,1,1,1,1,1,1,0
5d10474744578a0ddccba948,1,1,1,1,1,1,1,0
5d10486144578a0ddcd8d233,4,4,4,4,4,4,4,0
5d104a3644578a0ddcf51336,1,1,1,1,4,1,1,0
5d11864544578a0ddcff9c0e,1,3,4,3,1,0,7,0
5d11877744578a0ddc0a05f1,4,4,4,4,2,4,4,0
5d1188ab44578a0ddc121964,4,3,4,3,2,0,7,0
5d118bf544578a0ddc2abdd6,4,4,4,4,4,4,4,0
5d118e0044578a0ddc46667e,4,4,4,4,4,4,4,0
5d118f1f44578a0ddc635b0a,1,1,1,1,1,1,1,0
5d11905544578a0ddc7d2b06,4,4,4,4,4,4,4,0
5d11910344578a0ddc7f6435,1,1,1,1,1,1,1,0
5d11914944578a0ddc848670,1,1,1,1,1,1,1,0
5d1194e344578a0ddcaebabd,2,4,2,4,3,0,6,0
5d1194f744578a0ddcb047d8,2,2,2,2,1,2,2,0
5d12ae7d44578a0ddcbfb647,1,1,1,1,1,1,1,0
5d12af7d44578a0ddccb9762,2,5,2,5,4,0,7,0
5d12b02844578a0ddcd2f946,1,1,1,1,1,1,1,0
5d12b30344578a0ddc0eee6c,1,1,1,1,1,1,1,0
5d12b53744578a0ddc298d8f,4,3,4,3,4,0,7,0
5d12b59244578a0ddc2cb21a,4,4,4,4,4,4,4,0
5d17a5d144578a14a827e8a3,4,4,4,4,4,4,4,0
5d17a65244578a14a82da559,2,1,4,1,4,0,7,0
5d17a86844578a14a84ac097,4,3,3,3,2,0,7,0
5d17a90c44578a14a84ff62d,4,3,4,3,4,0,7,0
5d17acc344578a14a86c44fb,3,3,3,3,4,3,3,0
5d17bf6b44578a14a89dd8d7,1,1,1,1,1,1,1,0
5d17bf7f44578a14a89ed39e,1,1,1,1,1,1,1,0
5d17c04944578a14a8a96ede,4,2,4,2,4,0,6,0
5d17c14744578a14a8c11c82,4,4,4,4,4,4,4,0
5d17c18944578a14a8cac174,4,3,4,3,2,0,7,0
5d17c19544578a14a8cca3f2,4,4,4,4,2,4,4,0
5d17c23b44578a14a8e35c72,4,3,4,3,2,0,7,0
5d17c3c944578a14a80be02a,3,3,3,3,2,3,3,0
5d17c3eb44578a14a80f61ab,4,3,4,3,4,0,7,0
5d17c3f344578a14a8103463,3,1,1,1,2,1,3,0
5d17c40844578a14a8126ae1,4,4,4,4,2,4,4,0
5d17cae944578a14a82c7e92,3,3,3,3,1,3,3,0
5d17caf244578a14a82dd6cd,4,2,4,2,4,0,6,0
5d17cb0f44578a14a8324993,1,1,1,1,1,1,1,0
5d17cb5e44578a14a83db787,4,4,4,4,4,4,4,0
5d17cb7244578a14a840bb52,4,2,4,2,4,0,6,0
5d17cbf944578a14a854974a,4,3,3,3,4,0,7,0
5d17cc0344578a14a85620f8,4,1,4,1,1,0,5,0
5d17cc0e44578a14a8576a57,4,4,4,4,2,4,4,0
5d1934cd44578a14a85d8440,4,4,4,4,4,4,4,0
5d19352444578a14a8664fb7,5,4,5,4,2,4,5,0
5d19355c44578a14a86c2ade,4,4,4,4,4,4,4,0
5d19357a44578a14a86f5e17,3,3,3,3,2,3,3,0
5d1935c144578a14a876a7bc,3,3,3,3,1,3,3,0
5d19368d44578a14a88bb79f,1,1,1,1,1,1,1,0
5d211dc744578a14a8abfbf3,1,4,4,4,1,0,5,0
5d211dfd44578a14a8aec4dd,3,3,3,3,2,3,3,0
5d211ebc44578a14a8b7172c,3,1,4,1,1,0,7,0
5d21203344578a14a8cad732,4,3,3,3,4,0,7,0
5d21206344578a14a8ce2602,1,3,3,3,1,1,3,0
5d2120df44578a14a8d68271,1,1,1,1,2,1,1,0
5d21229744578a14a8ec8950,4,4,4,4,3,4,4,0
5d2123fe44578a14a8fd5848,1,1,1,1,2,1,1,0
5d21249944578a14a8073fa7,4,4,4,4,4,4,4,0
5d2128e844578a14a83b61d7,4,4,4,4,4,4,4,0
5d212ac044578a14a84cff40,4,4,4,4,4,4,4,0
5d212b9744578a14a854a103,4,5,4,5,4,4,5,0
5d212be644578a14a858b4bf,1,1,1,1,1,1,1,0
5d212c0b44578a14a85bd728,4,4,4,4,4,4,4,0
5d212e2844578a14a87ce2b5,1,1,1,1,1,1,1,0
5d212e4844578a14a87feb87,4,4,4,4,4,4,4,0
5d212ef544578a14a88b4752,1,1,1,1,1,1,1,0
5d21303144578a14a894a5eb,3,1,3,1,1,1,3,0
5d2132bd44578a14a8b34548,3,5,3,5,4,1,7,0
5d21362544578a14a8c46f1d,1,1,1,1,1,1,1,0
5d2138a144578a14a8e03d19,4,4,4,4,4,4,4,0
5d21395b44578a14a8eb10d5,4,4,4,4,4,4,4,0
5d213ba444578a14a8133198,4,5,4,5,4,4,5,0
5d213bc944578a14a81495f6,4,4,4,4,4,4,4,0
5d213c7544578a14a81daefb,4,4,4,4,4,4,4,0
5d21416f44578a14a82e4123,3,1,2,1,2,0,3,0
5d21486e44578a14a83c5d75,1,1,1,1,1,1,1,0
5d21541044578a14a85716f2,1,1,1,1,1,1,1,0
5d21567344578a14a85db6fd,4,4,4,4,4,4,4,0
5d2157d944578a14a8644106,3,1,3,1,2,1,3,0
5d215af144578a14a86b2299,1,1,1,1,1,1,1,0
5d215f4144578a14a889b999,4,4,4,4,4,4,4,0
5d215f4744578a14a88a3ebe,4,4,4,4,4,4,4,0
5d2161b944578a14a89aec80,4,5,4,5,4,4,5,0
5d21621e44578a14a89f3e41,4,4,4,4,4,4,4,0
5d21626e44578a14a8a1b8f9,3,3,3,3,2,3,3,0
5d2162a344578a14a8a68f62,1,1,1,1,1,1,1,0
5d21647644578a14a8c45ee4,4,4,4,4,4,4,4,0
5d2164f144578a14a8cd67f5,4,4,4,4,1,4,4,0
5d2166a344578a14a8e49fc1,4,4,4,4,4,4,4,0
5d2168ba44578a14a80088b3,4,4,4,4,4,4,4,0
5d2168bb44578a14a8009603,4,3,4,3,4,0,7,0
5d216a3644578a14a8135ebe,4,4,4,4,4,4,4,0
5d22281944578a14a84716fe,4,4,4,4,2,4,4,0
5d2228e444578a14a85031b8,3,2,3,2,1,2,3,0
5d222acd44578a14a86697be,4,5,4,5,4,4,5,0
5d22313844578a14a8790240,4,4,4,4,4,4,4,0
5d22323e44578a14a88c8451,1,4,1,4,1,0,5,0
5d22324944578a14a88da22c,1,1,1,1,4,1,1,0
5d22327344578a14a892136d,1,1,1,1,4,1,1,0
5d22349d44578a14a8a7b8ff,3,3,3,3,2,3,3,0
5d2bafe744578a0d740fef1a,3,3,3,3,2,3,3,0
5d2bba5944578a0d74228c59,4,3,4,3,4,0,7,0
5d2bbb6744578a0d7430dc61,1,1,1,1,1,1,1,0
5d2bbb9f44578a0d74335d03,4,3,4,3,2,0,7,0
5d2bbc0f44578a0d74383d9c,1,1,1,1,2,1,1,0
5d2bbc2544578a0d74394dd3,4,4,4,4,4,4,4,0
5d2bbcfc44578a0d74431e87,3,1,3,1,2,1,3,0
5d2bbddb44578a0d744d735c,4,4,4,4,4,4,4,0
5d2bc03944578a0d746987c4,4,4,4,4,4,4,4,0
5d2bc0ad44578a0d74712a47,4,2,4,2,4,0,6,0
5d2bc0bb44578a0d747235b6,4,3,4,3,4,0,7,0
5d2bc0f344578a0d74763af7,4,1,1,1,1,0,5,0
5d2bc10644578a0d7477926e,4,4,4,4,4,4,4,0
5d2bc3f544578a0d74798692,3,5,3,5,2,1,7,0
5d2bc60e44578a0d7481552c,3,1,1,1,1,1,3,0
5d2bc70044578a0d7485db81,1,1,1,1,1,1,1,0
5d2bc7ef44578a0d748a8ae4,4,4,4,4,2,4,4,0
5d2bc9cc44578a0d74a2a3ab,1,2,1,2,2,0,3,0
5d2f89cd44578a0d74bdf450,4,2,4,2,4,0,6,0
5d2f8a2544578a0d74c62ebf,4,4,4,4,4,4,4,0
5d2f8a3744578a0d74c80d98,4,4,4,4,4,4,4,0
5d2f8ad244578a0d74d54b9f,1,1,1,1,2,1,1,0
5d2f8af044578a0d74d7c2be,4,2,4,2,4,0,6,0
5d2f8c2544578a0d74f262f7,4,4,4,4,4,4,4,0
5d2f8c3744578a0d74f4e83f,1,1,1,1,1,1,1,0
5d2f8ce844578a0d74068ff2,1,1,1,1,1,1,1,0
5d2f8d0744578a0d74090290,4,4,4,4,4,4,4,0
5d2f8d4e44578a0d740ff5fc,4,4,4,4,4,4,4,0
5d2f8dbd44578a0d741be30e,4,3,4,3,2,0,7,0
5d2f8e5f44578a0d742371b6,1,5,1,5,4,1,5,0
5d2f8f8144578a0d7434ad14,2,2,2,2,4,2,2,0
5d2f905744578a0d744af780,4,4,4,4,4,4,4,0
5d2f905844578a0d744b2152,2,5,4,5,1,0,7,0
5d2f912744578a0d7459a646,4,4,4,4,2,4,4,0
5d2f915a44578a0d745edb17,1,1,1,1,1,1,1,0
5d2f953e44578a0d74969efc,2,2,2,2,1,2,2,0
5d2f95c544578a0d749ee69a,1,1,1,1,1,1,1,0
5d34b81d44578a153c7d8032,1,1,1,1,1,1,1,0
5d34b88144578a153c810c8e,1,1,1,1,1,1,1,0
5d34b91944578a153c86f664,4,4,4,4,4,4,4,0
5d34bad944578a153c9e6774,3,3,3,3,2,3,3,0
5d34bae844578a153c9f117b,4,4,4,4,4,4,4,0
5d34bb5344578a153ca500c7,4,4,4,4,2,4,4,0
5d34bc3f44578a153cb269db,3,3,3,3,2,3,3,0
5d34bce744578a153cbe02ae,1,1,1,1,1,1,1,0
5d34be9144578a153cda97af,4,3,4,3,2,0,7,0
5d34bfad44578a153ced1928,4,4,4,4,4,4,4,0
5d34c02344578a153cf2a535,1,1,1,1,1,1,1,0
5d34c21644578a153c07f2bb,4,5,4,5,4,4,5,0
5d34c34144578a153c1a0cbe,4,4,4,4,4,4,4,0
5d34c46944578a153c2ec1e1,4,4,4,4,2,4,4,0
5d34c4f444578a153c3a9e47,1,1,1,1,2,1,1,0
5d34c60d44578a153c4d1e26,1,1,1,1,4,1,1,0
5d34d7ae44578a153c579cbd,4,4,4,4,4,4,4,0
5d34d7c744578a153c59ff57,4,4,4,4,4,4,4,0
5d34d7cb44578a153c5a62a8,4,1,4,1,1,0,5,0
5d34d8d644578a153c757ad5,1,1,1,1,1,1,1,0
5d34d92e44578a153c7e0769,2,2,2,2,4,2,2,0
5d34d95b44578a153c828f07,1,1,1,1,1,1,1,0
5d34d98344578a153c867a3d,4,4,4,4,4,4,4,0
5d34da0d44578a153c946d4b,4,2,4,2,2,0,6,0
5d34db1444578a153caf5e80,1,1,1,1,1,1,1,0
5d34dd9d44578a153cf1f1c9,1,1,1,1,2,1,1,0
5d34de0544578a153cfc6486,1,1,1,1,2,1,1,0
5d3ca50d44578a153c00414c,4,3,4,3,2,0,7,0
5d3ca72744578a153c1875bf,1,1,1,1,1,1,1,0
5d3ca80044578a153c2282d0,3,4,3,4,4,0,7,0
5d3ca93644578a153c2f9eb4,1,1,1,1,1,1,1,0
5d3ca94a44578a153c308b34,1,1,1,1,1,1,1,0
5d3caa1544578a153c391f34,4,3,4,3,4,0,7,0
5d3cabd444578a153c4ce192,5,5,5,5,4,5,5,0
5d3cb01044578a153c8a19ec,3,3,3,3,4,3,3,0
5d3cb29a44578a153cab9fe8,3,1,3,1,1,1,3,0
5d3cb5f244578a153ce1f08f,1,1,1,1,1,1,1,0
5d3cb71944578a153cf865de,3,3,3,3,1,3,3,0
5d3cb7e544578a153c16120a,1,1,1,1,1,1,1,0
5d3cb8b944578a153c2a8ce9,3,3,3,3,2,3,3,0
5d3cc86644578a153c312e56,4,4,4,4,4,4,4,0
5d3cc92944578a153c3e5fac,4,4,4,4,4,4,4,0
5d47ae4544578a1f480caba9,4,4,4,4,4,4,4,0
5d47ae4c44578a1f480cebd3,1,1,1,1,1,1,1,0
5d47affc44578a1f482793ba,3,3,3,3,1,3,3,0
5d47b00444578a1f4828d4f9,1,1,1,1,2,1,1,0
5d47b05444578a1f482f7dcb,1,1,1,1,1,1,1,0
5d47b37744578a1f485f966f,1,1,1,1,1,1,1,0
5d47b7c544578a1f48ae93b5,1,1,1,1,1,1,1,0
5d47bb1044578a1f48e9eb14,1,1,1,1,1,1,1,0
5d47bb4e44578a1f48ed7596,4,3,4,3,2,0,7,0
5d47bba544578a1f48f37bb4,1,1,1,1,1,1,1,0
5d47bc3044578a1f480310af,1,1,1,1,1,1,1,0
5d47c18144578a1f48474f4b,3,3,3,3,1,3,3,0
5d47c18244578a1f48475e63,3,3,3,3,2,3,3,0
5d47c3b744578a1f4860b432,4,4,4,4,4,4,4,0
5d47c48f44578a1f48688858,3,3,3,3,1,3,3,0
5d52e2c744578a1f488240b9,4,4,4,4,1,4,4,0
5d52e39b44578a1f48856a1d,3,3,1,3,2,1,3,0
5d52e5db44578a1f488f22f6,1,1,1,1,2,1,1,0
5d52e6d844578a1f489a8dd3,3,3,3,3,4,3,3,0
5d52e72844578a1f48a44e20,3,1,3,1,2,1,3,0
5d52e80744578a1f48b5419f,1,1,1,1,2,1,1,0
5d52e9d344578a1f48cd48f1,1,1,1,1,1,1,1,0
5d52ea3944578a1f48d44a37,1,1,1,1,1,1,1,0
5d52f9fc44578a1f48f0c8ac,4,4,4,4,4,4,4,0
5d52fc9844578a1f48f69001,1,3,3,3,2,1,3,0
5d52fccb44578a1f48f69ed4,4,4,4,4,4,4,4,0
5d52fda044578a1f48fd40bf,1,1,1,1,1,1,1,0
5d54488d44578a1f4824c1ac,4,1,1,1,2,0,5,0
5d544b0544578a1f4832da4a,4,4,4,4,1,4,4,0
5d544b5144578a1f4838d542,3,1,4,1,1,0,7,0
5d544b8144578a1f483d3eaa,4,5,3,5,4,0,7,0
5d544b8944578a1f483e21a9,1,1,1,1,1,1,1,0
5d544e4f44578a1f4849bfac,4,4,4,4,2,4,4,0
5d544e7d44578a1f484c16d4,3,3,3,3,4,3,3,0
5d544eea44578a1f48587eee,4,4,4,4,4,4,4,0
5d544f9c44578a1f485c84f4,3,3,3,3,2,3,3,0
5d54509d44578a1f48657931,3,3,3,3,2,3,3,0
5d54551b44578a1f4883a0be,1,3,1,3,1,1,3,0
5d54580844578a1f48992d7b,4,4,4,4,4,4,4,0
5d54586744578a1f489cab78,1,1,1,1,1,1,1,0
5d54588444578a1f489dd0b7,4,4,4,4,2,4,4,0
5d54597844578a1f48abaebc,4,4,4,4,4,4,4,0
5d5459ab44578a1f48b1f8c9,4,4,4,4,4,4,4,0
5d545af244578a1f48c8ab85,1,1,1,1,4,1,1,0
5d545aff44578a1f48c9c35a,4,3,4,3,4,0,7,0
5d545b3944578a1f48ce3958,5,3,5,3,1,1,7,0
5d54782c44578a1f48d59a01,1,3,1,3,2,1,3,0
5d54789d44578a1f48dd5587,4,4,4,4,4,4,4,0
5d547b0044578a1f4804a09d,1,3,1,3,1,1,3,0
5d547b3944578a1f48071e46,4,4,4,4,4,4,4,0
5d547b3c44578a1f48074fe2,1,1,1,1,1,1,1,0
5d58c30b44578a1f481ebdc0,4,3,4,3,4,0,7,0
5d58c92844578a1f484eda24,1,1,1,1,1,1,1,0
5d5a13eb44578a1f4866a627,1,1,1,1,1,1,1,0
5d5a145244578a1f48693c89,1,1,1,1,1,1,1,0
5d5a158644578a1f486d0398,3,3,3,3,1,3,3,0
5d5a17aa44578a1f48704fed,4,4,4,4,4,4,4,0
5d5a1d7444578a1f48969945,1,1,1,1,1,1,1,0
5d5a20a044578a1f48a3b4cf,1,1,1,1,1,1,1,0
5d5a259344578a1f48c2c47b,4,3,4,3,4,0,7,0
5d5a25d944578a1f48c69322,1,1,1,1,1,1,1,0
5d5a3a5a44578a1f48f49c41,1,1,1,1,1,1,1,0
5d5a3d1244578a1f48110a4a,1,3,1,3,1,1,3,0
5d5a3da844578a1f48141c68,4,4,4,4,4,4,4,0
5d6da7fc44578a1f48289933,1,3,3,3,2,1,3,0
5d6dacaa44578a1f48435a70,4,4,4,4,4,4,4,0
5d6dc0cc44578a1f4884b6f7,3,2,3,2,2,2,3,0
5d6dc0fa44578a1f48857cf8,3,4,4,4,4,0,7,0
5d6dc26c44578a1f488c5dde,4,4,4,4,4,4,4,0
5d6dc48f44578a1f48977ebb,1,1,1,1,1,1,1,0
5d6dca0f44578a1f48b834e7,4,4,4,4,4,4,4,0
5d6dcc5044578a1f48c04255,1,1,1,1,1,1,1,0
5d6dcd0044578a1f48c2e625,3,3,3,3,4,3,3,0
5d6dd0c844578a1f48c9f901,1,1,1,1,1,1,1,0
5d6dd0da44578a1f48ca8e2d,3,3,3,3,4,3,3,0
5d6dd32b44578a1f48cf400e,1,1,1,1,1,1,1,0
5d6ddd9a44578a1f48e53adb,4,4,4,4,4,4,4,0
5d6de6ea44578a1f4800439b,3,3,3,3,4,3,3,0
5d6de8af44578a1f48037925,1,1,1,1,1,1,1,0
5d6deb5a44578a1f480c50e5,1,1,1,1,4,1,1,0
5d6df34944578a1f48277574,4,4,4,4,4,4,4,0
5d6df43b44578a1f482b3d1f,4,2,4,2,4,0,6,0
5d6e024844578a1f48439522,4,5,4,5,1,4,5,0
5d6e05c744578a1f484b5100,1,1,1,1,1,1,1,0
5d6e06af44578a1f484e1c9f,4,3,4,3,2,0,7,0
5d6e08e744578a1f4853ace1,4,4,4,4,4,4,4,0
5d6e119d44578a1f48623b01,4,5,4,5,4,4,5,0
5d6e217c44578a1f487b2c1f,1,2,1,2,4,0,3,0
5d6e222d44578a1f487c16ca,4,4,4,4,4,4,4,0
5d6e227c44578a1f487e6e6e,4,4,4,4,4,4,4,0
5d6e231644578a1f48800a29,3,3,3,3,2,3,3,0
5d6e236b44578a1f48820d6d,1,3,1,3,2,1,3,0
5d6e317744578a1f48a06da8,4,4,4,4,4,4,4,0
5d6e317844578a1f48a0915b,4,4,4,4,2,4,4,0
5d6e331c44578a1f48a4fd4a,3,3,3,3,2,3,3,0
5d6e351444578a1f48a8321d,4,4,4,4,4,4,4,0
5d6e461344578a1f48ce6c0c,4,4,4,4,4,4,4,0
5d6e559344578a1f48ea13f7,3,3,3,3,2,3,3,0
5d6e567e44578a1f48eb5bb7,4,3,1,3,4,0,7,0
5d6e59c544578a1f48eeb69e,4,4,4,4,4,4,4,0
5d6e5bbc44578a1f48f05994,4,4,4,4,4,4,4,0
5d6e671244578a1f4808e9d1,1,1,1,1,2,1,1,0
5d6e699444578a1f48129a9b,1,1,1,1,4,1,1,0
5d6e6a4d44578a1f481439d9,4,4,4,4,4,4,4,0
5d6e6ac144578a1f4815c1d3,4,4,4,4,4,4,4,0
5d6e6bdf44578a1f48180fcb,3,3,3,3,2,3,3,0
5d6e842b44578a1f483ded81,4,1,3,1,1,0,7,0
5d6e84a844578a1f48407524,4,4,4,4,4,4,4,0
5d6e8c9944578a1f484d4cb6,4,2,4,2,4,0,6,0
5d6e922b44578a1f4858745d,4,4,4,4,4,4,4,0
5d6e927244578a1f4859eaab,4,4,4,4,4,4,4,0
5d6e97f444578a1f4863de65,4,4,4,4,1,4,4,0
5d6ea58844578a1f4876f9cc,1,1,1,1,1,1,1,0
5d6ea7eb44578a1f487ce8a9,1,1,1,1,1,1,1,0
5d6eafa544578a1f488669c5,4,4,4,4,2,4,4,0
5d75891e44578a1f488d7c6f,1,1,1,1,1,1,1,0
5d75898544578a1f488da3aa,4,4,4,4,4,4,4,0
5d758fef44578a1f4895bbcc,1,1,1,1,1,1,1,0
5d7595d144578a1f48af2ecf,1,1,1,1,1,1,1,0
5d75966e44578a1f48b1d51b,5,3,5,3,4,1,7,0
5d75971b44578a1f48b404ce,4,4,4,4,4,4,4,0
5d75998e44578a1f48c36116,4,4,4,4,2,4,4,0
5d759a6644578a1f48c6f3fc,4,4,4,4,4,4,4,0
5d759af444578a1f48c92fcb,3,5,3,5,1,1,7,0
5d759ca144578a1f48d84201,1,1,1,1,1,1,1,0
5d759d6744578a1f48dc2dc9,4,4,4,4,4,4,4,0
5d75c68e44578a1f48f0d0bf,1,1,1,1,1,1,1,0
5d75c8dc44578a1f48f7e674,1,1,1,1,2,1,1,0
5d75ca6344578a1f4802ae05,4,4,4,4,1,4,4,0
5d7c27d544578a1f483bba45,1,1,1,1,1,1,1,0
5d7c2b9844578a1f4854fc19,4,4,4,4,4,4,4,0
5d7c2d2844578a1f4864afab,5,5,5,5,4,5,5,0
5d7c2d2f44578a1f4865b8e7,4,4,4,4,4,4,4,0
5d7c2e3244578a1f48697cea,3,3,3,3,2,3,3,0
5d7c314244578a1f4873d0c4,3,3,3,3,2,3,3,0
5d7c3e8e44578a1f489cf80b,3,3,3,3,1,3,3,0
5d7c3ea444578a1f48a00f6c,3,3,3,3,4,3,3,0
5d7c402544578a1f48ab4523,1,1,1,1,1,1,1,0
5d7c436344578a1f48b6ded9,4,4,4,4,4,4,4,0
5d7c49f144578a1f48c5c1a5,4,3,1,3,4,0,7,0
5d7c4ae644578a1f48cb5651,4,4,4,4,4,4,4,0
5d7c4fac44578a1f48e1ede7,3,3,3,3,1,3,3,0
5d7c530444578a1f48f28c18,4,4,4,4,4,4,4,0
5d7c531144578a1f48f378df,4,4,4,4,4,4,4,0
5d7c54a944578a1f48055c92,4,3,4,3,4,0,7,0
5d7c566544578a1f4811a234,4,4,4,4,4,4,4,0
5d7c57f844578a1f481c1ef6,1,2,1,2,1,0,3,0
5d7c58d044578a1f48276fdf,4,4,4,4,4,4,4,0
5d7c5b2544578a1f4832302b,1,1,1,1,1,1,1,0
5d7c5ba644578a1f48364a29,4,5,4,5,4,4,5,0
5d7c670444578a1f486978b2,3,3,3,3,1,3,3,0
5d7c70d044578a1f488c3a8f,4,4,4,4,3,4,4,0
5d7c740144578a1f48940e1a,4,4,4,4,4,4,4,0
5d7c760144578a1f489ba037,1,1,1,1,1,1,1,0
5d8faf3044578a1f48a2e108,4,4,4,4,4,4,4,0
5d8fb47744578a1f48acb051,4,3,4,3,4,0,7,0
5d8fb6fd44578a1f48b4d53d,4,4,4,4,1,4,4,0
5d8fbf5f44578a1f48c6ad9d,4,4,4,4,4,4,4,0
5d8fc17244578a1f48cd546b,1,2,1,2,4,0,3,0
5d8fc23244578a1f48cf2616,1,1,4,1,4,0,5,0
5d8fc39f44578a1f48d15661,4,3,4,3,1,0,7,0
5d8fc46a44578a1f48d2b351,3,3,3,3,3,3,3,0
5d8fc4a044578a1f48d50d3b,5,1,5,1,1,1,5,0
5d8fc56a44578a1f48db5fe1,3,1,1,1,2,1,3,0
5d8fc96f44578a1f48e9c7eb,1,1,1,1,1,1,1,0
5d8fc9a544578a1f48ed3944,5,5,5,5,1,5,5,0
5d8fdf0c44578a1f481afe92,1,1,1,1,1,1,1,0
5d8fef0744578a1f48281648,5,1,4,1,2,0,5,0
5d90015c44578a1f483c260a,3,3,3,3,1,3,3,0
5d9007a744578a1f4844b45c,4,4,4,4,4,4,4,0
5d900c2444578a1f484d0270,1,2,1,2,1,0,3,0
5d900d0244578a1f484f354b,4,4,4,4,4,4,4,0
5d900d0944578a1f484fd415,2,1,1,1,4,0,3,0
5d90108744578a1f48542981,4,4,4,4,4,4,4,0
5d901a3244578a1f48680c75,1,1,1,1,1,1,1,0
5d901dcf44578a1f48700e35,1,1,1,1,1,1,1,0
5d901e6e44578a1f4871394c,4,1,1,1,4,0,5,0
5d904e1d44578a1f48b3cb01,5,5,5,5,4,5,5,0
5d905d2944578a1f48cc380b,4,4,4,4,4,4,4,0
5d905df444578a1f48cd527a,4,4,4,4,4,4,4,0
5d90664f44578a1f48ddfffa,4,4,4,4,2,4,4,0
5d906b1944578a1f48e8c97e,4,4,4,4,2,4,4,0
5d906b4744578a1f48e9e936,1,1,1,1,1,1,1,0
5d906f8744578a1f48f0f271,4,4,4,4,4,4,4,0
5d9084d944578a1f4811a345,3,3,3,3,2,3,3,0
5d908c7a44578a1f481c3f16,1,1,1,1,1,1,1,0
5d9090bd44578a1f48240570,1,1,5,1,1,1,5,0
5d9093c344578a1f482c53a5,4,4,4,4,1,4,4,0
5d9098d144578a1f483a6632,1,1,1,1,1,1,1,0
5d90b7b744578a1f4865c4b9,4,4,4,4,4,4,4,0
5d90baa444578a1f486af953,4,4,4,4,4,4,4,0
5d90bf7844578a1f4876121f,1,1,1,1,1,1,1,0
5d90c8e044578a1f488c96e5,4,4,4,4,4,4,4,0
5d91262944578a1f48b13731,5,3,3,3,4,1,7,0
5d9138f544578a1f48d2449a,3,4,3,4,2,0,7,0
5d913e0744578a1f48dbcaa1,3,3,3,3,1,3,3,0
5d913e0844578a1f48dbec1c,4,4,4,4,4,4,4,0
5d913e4b44578a1f48dc950b,3,1,3,1,2,1,3,0
5d913fa944578a1f48dfb0af,1,2,1,2,1,0,3,0
5d9142dc44578a1f48e22e33,4,4,4,4,2,4,4,0
5d914f9d44578a1f48ef1c4f,4,4,4,4,4,4,4,0
5d915f6944578a1f48029699,4,4,4,4,4,4,4,0
5d916fa744578a1f4815d1e5,3,3,3,3,2,3,3,0
5d9177dd44578a1f481f9c19,1,1,1,1,4,1,1,0
5d9189f544578a1f4835263c,3,3,4,3,1,0,7,0
5d91a0c744578a1f485c8fc3,4,4,4,4,1,4,4,0
5d91a1f544578a1f485e20e3,4,3,4,3,1,0,7,0
5d91af7244578a1f486b73ef,1,2,1,2,1,0,3,0
5d91ced144578a1f489b7434,3,3,3,3,2,3,3,0
5d992bd844578a1f48a30785,1,2,1,2,2,0,3,0
5d99366644578a1f48b075b3,4,4,4,4,4,4,4,0
5d99371c44578a1f48b435bf,4,4,4,4,4,4,4,0
5d993bc944578a1f48ca4cae,4,4,4,4,4,4,4,0
5d99533e44578a1f48d9388a,3,3,3,3,2,3,3,0
5d9953ff44578a1f48e221d4,1,1,1,1,4,1,1,0
5d9954e944578a1f48e411ca,3,3,3,3,2,3,3,0
5d99577b44578a1f48e9e93b,1,1,1,1,1,1,1,0
5d9957c744578a1f48eaffb3,4,4,4,4,2,4,4,0
5d99580844578a1f48eb2ebd,1,1,1,1,1,1,1,0
5d995d6d44578a1f4808d247,1,1,1,1,1,1,1,0
5d99638944578a1f4816b1e6,4,4,4,4,4,4,4,0
5d99664d44578a1f4821a91f,3,3,3,3,2,3,3,0
5d99668e44578a1f4823f29b,5,5,5,5,4,5,5,0
5d9966e444578a1f4825dbd3,4,4,4,4,4,4,4,0
5d996c4544578a1f483e89e8,3,3,3,3,4,3,3,0
5d996c7744578a1f4842ff3a,4,4,4,4,2,4,4,0
5d99735944578a1f485fb1fa,4,4,4,4,4,4,4,0
5d99783f44578a1f486eb8d2,4,4,4,4,4,4,4,0
5d99794144578a1f487c0f18,3,3,3,3,4,3,3,0
5d997c4044578a1f4895ede0,1,1,1,1,4,1,1,0
5d997dfe44578a1f489b3e9b,2,1,2,1,2,0,3,0
5d997e0444578a1f489ba264,1,1,4,1,1,0,5,0
5d997ff944578a1f48a87f34,4,5,4,5,4,4,5,0
5d9980cc44578a1f48aea78c,5,5,5,5,1,5,5,0
5d9981b744578a1f48b4dca8,3,3,3,3,4,3,3,0
5d99841e44578a1f48bc76bd,4,4,4,4,1,4,4,0
5d998b5e44578a1f48d9125e,3,3,3,3,4,3,3,0
5d9a4fdc44578a1f48eb4625,4,4,4,4,4,4,4,0
5d9a53dc44578a1f4805cc84,4,4,4,4,4,4,4,0
5d9f71ff44578a1f4824a06b,2,1,2,1,1,0,3,0
5d9f731344578a1f48288793,3,3,3,3,1,3,3,0
5d9f760744578a1f483b77f2,4,4,4,4,2,4,4,0
5d9f771844578a1f483fc170,4,4,4,4,4,4,4,0
5d9f792d44578a1f484663be,3,3,3,3,2,3,3,0
5d9f7ab744578a1f4853bcd3,1,1,1,1,1,1,1,0
5d9f7cd544578a1f485c71e2,4,4,4,4,4,4,4,0
5d9f80ea44578a1f48819968,4,3,4,3,4,0,7,0
5d9f82b944578a1f48880c83,4,4,4,4,4,4,4,0
5d9f839044578a1f488c9ec8,3,3,3,3,2,3,3,0
5d9f83fb44578a1f48916047,3,3,5,3,1,1,7,0
5d9f89c044578a1f489a103f,4,3,4,3,4,0,7,0
5d9f8b4944578a1f489f25f0,1,1,1,1,1,1,1,0
5d9f8b5544578a1f489ff137,3,3,3,3,4,3,3,0
5d9f8cc644578a1f48abf538,1,1,4,1,1,0,5,0
5d9f8ce544578a1f48aea755,4,4,4,4,4,4,4,0
5d9f900c44578a1f48c89e03,3,3,3,3,4,3,3,0
5d9f902d44578a1f48cb6cbc,3,3,3,3,2,3,3,0
5da2236a44578a1f48e4b5c1,1,2,1,2,1,0,3,0
5da2271f44578a1f48eae89f,3,3,3,3,4,3,3,0
5da2302544578a1f4800a402,1,2,1,2,1,0,3,0
5da2326544578a1f4811ba1d,3,3,3,3,4,3,3,0
5da2327644578a1f4812b346,3,3,3,3,2,3,3,0
5da2366644578a1f481820f1,1,1,2,1,1,0,3,0
5da23b8f44578a1f4829c532,3,1,3,1,2,1,3,0
5da23c4344578a1f482ddd31,3,3,3,3,2,3,3,0
5da2426844578a1f485349fd,4,3,3,3,2,0,7,0
5da2445d44578a1f485d74f2,4,4,4,4,4,4,4,0
5da2449844578a1f485ed884,4,3,4,3,4,0,7,0
5da2480744578a1f48785607,4,4,4,4,1,4,4,0
5da2498e44578a1f48844b89,4,4,4,4,4,4,4,0
5da24a4444578a1f488905b0,1,1,1,1,1,1,1,0
5da24a4644578a1f48894346,1,1,1,1,1,1,1,0
5da24a7f44578a1f488b9ee5,4,3,4,3,4,0,7,0
5da252f144578a1f48a23e0f,4,4,4,4,4,4,4,0
5da2532644578a1f48a2f888,4,5,4,5,4,4,5,0
5dab5dcf44578a097c7a75a1,4,4,4,4,4,4,4,0
5dab606844578a097c811306,1,3,4,3,4,0,7,0
5dab609144578a097c81b608,2,2,2,2,2,2,2,0
5dab623c44578a097c92931c,2,2,2,2,2,2,2,0
5dab632044578a097c9b5cd0,1,1,2,1,1,0,3,0
5dab682c44578a097cda4607,2,2,2,2,2,2,2,0
5dab696f44578a097cf05fb9,5,5,2,5,4,0,7,0
5dab7b7544578a097cfdb3f3,4,4,4,4,4,4,4,0
5dab7bbf44578a097c01873a,1,1,1,1,1,1,1,0
5dab7c1744578a097c05c0cb,1,1,1,1,1,1,1,0
5dab7e3044578a097c256a67,4,5,4,5,4,4,5,0
5dab807b44578a097c43fad9,4,4,4,4,4,4,4,0
5dabbd0b44578a1a24acb3db,1,1,1,1,2,1,1,0
5dabbda244578a1a24b5fc91,1,1,1,1,2,1,1,0
5dabbdee44578a1a24bbdb0d,4,3,1,3,4,0,7,0
5dabbe1644578a1a24be6c81,2,3,2,3,4,2,3,0
5dabbebd44578a1a24ca3ee6,1,1,1,1,2,1,1,0
5dabbf2e44578a1a24d2f62e,5,5,1,5,1,1,5,0
5dabbf4f44578a1a24d53158,1,1,1,1,2,1,1,0
5dabbf8344578a1a24d76313,4,4,4,4,4,4,4,0
5dabbfcc44578a1a24dc577f,1,1,1,1,2,1,1,0
5dabbfd844578a1a24dd51b2,1,1,1,1,1,1,1,0
5dabc16544578a1a24f9b29a,3,3,3,3,4,3,3,0
5dabc1c344578a1a24febee1,2,2,2,2,2,2,2,0
5dabc1f544578a1a240328a4,4,4,4,4,4,4,4,0
5dabc23044578a1a24077bda,1,1,1,1,1,1,1,0
5dabc30344578a1a2414e7d5,4,5,4,5,4,4,5,0
5dabc30e44578a1a2415a5ae,2,2,2,2,2,2,2,0
5dabc33d44578a1a241a2e02,1,1,1,1,1,1,1,0
5dabc35b44578a1a241cbd44,4,4,4,4,4,4,4,0
5dabcbf544578a1a242cf379,4,1,4,1,4,0,5,0
5dabcc3644578a1a24313781,2,3,2,3,4,2,3,0
5dabccd444578a1a24372841,1,1,1,1,2,1,1,0
5dabcde644578a1a2444a607,1,2,1,2,2,0,3,0
5dabce3d44578a1a244a8cd2,1,1,1,1,1,1,1,0
5dabd0d844578a1a246fb6cf,3,4,3,4,4,0,7,0
5de2a8d844578a1a247fdd89,2,2,2,2,2,2,2,0
5de2a92f44578a1a24821195,2,2,2,2,2,2,2,0
5de2aa0244578a1a24861598,1,1,1,1,1,1,1,0
5de2b1df44578a1a24a151fa,1,2,1,2,1,0,3,0
5de2b5cf44578a1a24a99756,4,2,1,2,1,0,7,0
5de2b73f44578a1a24ac0d26,1,1,1,1,1,1,1,0
5de2e39844578a1a24e60ee4,4,4,4,4,4,4,4,0
5de2eb3144578a1a24f919c8,4,4,4,4,4,4,4,0
5de2ed0444578a1a24fed0bd,4,4,4,4,4,4,4,0
5de2ed6d44578a1a24ff72f6,2,2,2,2,2,2,2,0
5de312bf44578a1a240a82cb,4,4,4,4,4,4,4,0
5de314a744578a1a240dfde6,3,3,3,3,4,3,3,0
5de3329344578a1a243abc63,2,1,2,1,2,0,3,0
5de348b744578a1a24534c14,4,4,4,4,4,4,4,0
5de34e3d44578a1a245a9d11,4,4,4,4,1,4,4,0
5de34e8944578a1a245c9c52,4,4,4,4,4,4,4,0
5de35af344578a1a246d1fee,1,1,1,1,1,1,1,0
5de35d2f44578a1a246ee91b,4,4,4,4,4,4,4,0
5de36c6144578a1a248014c2,2,2,2,2,2,2,2,0
5de374b144578a1a2488155c,1,1,1,1,1,1,1,0
5de37b0f44578a1a248d5ecb,1,3,1,3,4,1,3,0
5de37b2944578a1a248db96a,5,5,2,5,4,0,7,0
5de385df44578a1a2498cb05,1,1,1,1,4,1,1,0
5de38a5644578a1a249fb738,5,2,2,2,1,0,7,0
5de3935944578a1a24a95bcd,1,1,1,1,1,1,1,0
5de395f644578a1a24ab9454,1,1,1,1,1,1,1,0
5de3971444578a1a24ad5706,1,1,1,1,1,1,1,0
5de3abe844578a1a24c70cee,4,4,4,4,4,4,4,0
5de3db5144578a1a24f2d506,1,1,4,1,4,0,5,0
5de3e2f044578a1a24f8e8d2,4,4,4,4,4,4,4,0
5de3ec3844578a1a24ffb4ab,3,3,3,3,4,3,3,0
5de3fd9044578a1a240b33f7,4,4,4,4,4,4,4,0
5de4031244578a15c8317174,2,2,2,2,4,2,2,0
5de4033644578a15c8357a2b,1,1,1,1,2,1,1,0
5de4036344578a15c83a9892,1,1,1,1,1,1,1,0
5de4067744578a15c85ec9dd,1,1,1,1,1,1,1,0
5de407e144578a15c86a528c,1,2,4,2,4,0,7,0
5de4088844578a15c873d051,4,4,4,4,4,4,4,0
5de408ee44578a15c879efd7,2,2,2,2,2,2,2,0
5de4092b44578a15c87d7923,4,3,4,3,4,0,7,0
5de40a1f44578a15c88c1007,1,1,3,1,1,1,3,0
5de40a6d44578a15c890b2cb,2,2,2,2,2,2,2,0
5de40acf44578a15c896bd50,5,3,5,3,2,1,7,0
5de40b6344578a15c89f5511,2,2,2,2,2,2,2,0
5de40c7644578a15c8afe48b,4,4,4,4,2,4,4,0
5de40c8044578a15c8b05d76,3,3,3,3,3,3,3,0
5de40cbc44578a15c8b41a92,4,4,4,4,4,4,4,0
5de40d4b44578a15c8bd14b4,1,1,1,1,1,1,1,0
5de40dec44578a15c8c6e36a,4,4,4,4,4,4,4,0
5de40ef544578a15c8d61fb4,1,1,1,1,1,1,1,0
5de4101344578a15c8e6a9bb,1,2,1,2,4,0,3,0
5de4105344578a15c8ea4b33,1,1,1,1,1,1,1,0
5de413fe44578a15c81bf58b,4,4,4,4,4,4,4,0
5de4149844578a15c8233332,1,1,1,1,2,1,1,0
5de414dc44578a15c826724c,4,3,3,3,4,0,7,0
5de4155444578a15c82c53c9,4,4,4,4,4,4,4,0
5de4162044578a15c8367b41,4,4,4,4,4,4,4,0
5de4190044578a15c8555c1c,1,1,1,1,2,1,1,0
5de4191b44578a15c8584273,2,2,2,2,2,2,2,0
5de419df44578a15c86d339d,1,1,1,1,1,1,1,0
5de41b0044578a15c87aa155,1,1,1,1,1,1,1,0
5de41ba844578a15c880e087,1,1,1,1,2,1,1,0
5de41d7144578a15c8a083d1,1,1,1,1,1,1,1,0
5de41fb044578a15c8ba82a6,4,4,4,4,4,4,4,0
5de4208e44578a15c8c2fa33,1,1,1,1,1,1,1,0
5de4209644578a15c8c36a87,1,1,1,1,1,1,1,0
5de4235444578a15c8ec0a9a,2,2,2,2,2,2,2,0
5de4235544578a15c8ec2216,1,2,1,2,1,0,3,0
5de4235b44578a15c8ec7fd9,1,1,1,1,1,1,1,0
5de4236744578a15c8ed4208,2,2,2,2,2,2,2,0
5de423fa44578a15c8f5e315,2,2,2,2,2,2,2,0
5de4245f44578a15c8fb3f56,1,1,1,1,1,1,1,0
5de424ce44578a15c8019115,4,4,4,4,4,4,4,0
5de4260444578a15c80ea48e,4,4,4,4,1,4,4,0
5de4265644578a15c8131c50,2,2,2,2,2,2,2,0
5de4272544578a15c81e5367,5,5,1,5,4,1,5,0
5de4276c44578a15c8222b7a,4,4,4,4,1,4,4,0
5de428d344578a15c83621b8,5,3,1,3,4,1,7,0
5de42a0d44578a15c851621a,1,1,1,1,1,1,1,0
5de42b0d44578a15c85e37de,4,4,4,4,4,4,4,0
5de42b2844578a15c860e922,2,3,2,3,4,2,3,0
5de42cd544578a15c885e664,4,3,4,3,2,0,7,0
5de42cdc44578a15c886a618,1,1,1,1,1,1,1,0
5de42d5244578a15c890da6b,4,2,2,2,4,0,6,0
5de42d5f44578a15c891891f,4,4,4,4,4,4,4,0
5de42df644578a15c89b3d52,1,1,1,1,1,1,1,0
5de42e0d44578a15c89d863c,1,1,1,1,1,1,1,0
5de42e2144578a15c89f0869,1,1,1,1,1,1,1,0
5de42ecf44578a15c8ae57ff,1,1,1,1,2,1,1,0
5de430a644578a15c8dc54fe,1,1,1,1,1,1,1,0
5de430b244578a15c8dda16e,1,1,1,1,2,1,1,0
5de4322344578a15c8fff601,1,1,1,1,1,1,1,0
5de4322444578a15c8000593,4,4,4,4,4,4,4,0
5de4327e44578a15c809cd7b,1,1,1,1,1,1,1,0
5de4334d44578a15c821eb51,1,1,1,1,2,1,1,0
5de433b844578a15c82c4de0,1,5,4,5,4,0,5,0
5de4352d44578a15c84d0ac6,1,2,1,2,2,0,3,0
5de4353244578a15c84dc008,1,2,1,2,1,0,3,0
5de436c844578a15c8789af5,4,4,4,4,4,4,4,0
5de43e5744578a15c8ba917e,1,1,1,1,4,1,1,0
5de43ea444578a15c8bfe295,1,3,3,3,1,1,3,0
5de43ebd44578a15c8c215ae,4,4,4,4,4,4,4,0
5de43f2744578a15c8cb0cd0,1,3,1,3,4,1,3,0
5de4401044578a15c8dd407b,1,1,1,1,1,1,1,0
5de4405444578a15c8e4292c,1,1,1,1,1,1,1,0
5de4413844578a15c8ecf853,1,1,1,1,4,1,1,0
5de4430a44578a15c800d514,1,4,1,4,4,0,5,0
5de4451044578a15c812c672,1,1,1,1,1,1,1,0
5de4453f44578a15c816874f,1,1,1,1,1,1,1,0
5de4458444578a15c81ba8ec,1,1,1,1,1,1,1,0
5de4475344578a15c838fe01,2,2,2,2,1,2,2,0
5de4479544578a15c83ece7f,1,1,1,1,1,1,1,0
5de447d544578a15c844130f,1,1,1,1,4,1,1,0
5de4495b44578a15c8658e38,2,2,2,2,2,2,2,0
5de449c644578a15c86b3c31,4,4,4,4,4,4,4,0
5de449f944578a15c86f093f,1,1,1,1,1,1,1,0
5de44a0044578a15c86fbe63,1,1,1,1,1,1,1,0
5de44a1b44578a15c8717f90,2,1,2,1,2,0,3,0
5de44b0544578a15c8884925,1,1,1,1,1,1,1,0
5de44b2a44578a15c88afe1e,4,2,4,2,4,0,6,0
5de44b8f44578a15c8944662,2,2,4,2,2,0,6,0
5de44bb144578a15c897bcd9,1,1,1,1,1,1,1,0
5de44d0744578a15c8a97577,5,5,5,5,4,5,5,0
5de44e7544578a15c8c38be2,1,1,1,1,4,1,1,0
5de44e8e44578a15c8c49fc7,1,1,1,1,1,1,1,0
5de450b544578a15c8d37fda,1,1,1,1,1,1,1,0
5de450d344578a15c8d5d8d6,1,1,1,1,1,1,1,0
5de451d544578a15c8e68781,1,1,1,1,1,1,1,0
5de451ef44578a15c8e803a6,4,4,4,4,2,4,4,0
5de4528344578a15c8f41c9a,4,4,4,4,4,4,4,0
5de452ed44578a15c8fbcb6b,2,5,2,5,2,0,7,0
5de4537c44578a15c80616ee,1,1,1,1,4,1,1,0
5de455fa44578a15c82fa8a3,1,1,1,1,1,1,1,0
5de4560344578a15c83088dc,1,2,1,2,1,0,3,0
5de4562344578a15c8336703,2,4,2,4,4,0,6,0
5de456c044578a15c83f8e69,4,4,4,4,1,4,4,0
5de456cb44578a15c84093e9,1,1,1,1,1,1,1,0
5de4579744578a15c847fc5e,4,4,4,4,4,4,4,0
5de458a044578a15c858fbdd,2,2,2,2,4,2,2,0
5de45b3144578a15c87b7da1,1,3,1,3,4,1,3,0
5de45b3744578a15c87c1908,1,1,1,1,1,1,1,0
5de45c0b44578a15c8896aba,1,1,1,1,1,1,1,0
5de45c1244578a15c88a1697,3,3,3,3,3,3,3,0
5de45cdc44578a15c898ff79,2,2,2,2,2,2,2,0
5de45d9244578a15c8a6c215,2,2,2,2,2,2,2,0
5de46c1844578a15c8c4b3b0,5,5,5,5,2,5,5,0
5de46c4744578a15c8c92488,1,1,1,1,1,1,1,0
5de46c4c44578a15c8c9aac4,1,1,1,1,1,1,1,0
5de70ee444578a15c8fb4ad8,2,3,2,3,2,2,3,0
5de70f2e44578a15c801769b,4,4,4,4,4,4,4,0
5de7121644578a15c81b163d,1,1,1,1,4,1,1,0
5de713ef44578a15c827cf6f,1,3,1,3,1,1,3,0
5de7146544578a15c82e8dda,4,4,3,4,4,0,7,0
5de7159844578a15c84a4860,2,2,2,2,4,2,2,0
5de7175f44578a15c853dd11,2,2,2,2,2,2,2,0
5de7177344578a15c8546d6a,1,1,1,1,1,1,1,0
5de7195944578a15c86d8532,2,2,2,2,2,2,2,0
5e38925544578a0948559fd4,2,2,2,2,2,2,2,0
5e3893e744578a09485efdf2,2,2,2,2,2,2,2,0
5e38943944578a094862fce7,2,2,2,2,2,2,2,0
5e38946a44578a0948652545,4,1,4,1,4,0,5,0
5e38955d44578a0948704264,2,2,2,2,2,2,2,0
5e3897a944578a09488b09b7,4,1,2,1,2,0,7,0
5e38981f44578a0948907acf,2,2,2,2,2,2,2,0
5e38986944578a094893e26d,1,1,1,1,1,1,1,0
5e3898cb44578a0948987052,1,1,1,1,1,1,1,0
5e389a0044578a0948a6d7b9,2,1,2,1,2,0,3,0
5e389e0944578a0948d08f91,2,3,5,3,4,0,7,0
5e38a36744578a0948eef0d6,1,1,1,1,1,1,1,0
5e38a4cc44578a0948f97b6d,1,2,2,2,2,0,3,0
5e38a52544578a0948fde166,1,1,1,1,1,1,1,0
5e38a54344578a0948ff48a8,4,4,3,4,4,0,7,0
5e38a80244578a09481d66aa,4,4,4,4,4,4,4,0
5e38a86f44578a0948227c15,4,4,4,4,4,4,4,0
5e38a87844578a094822cb09,4,4,4,4,4,4,4,0
5e38aa8c44578a094846012e,1,1,1,1,1,1,1,0
5e38ab3944578a094859df3f,2,2,2,2,4,2,2,0
5e38ab3f44578a09485ad7de,4,4,4,4,4,4,4,0
5e3da5dd44578a0948a56f0a,4,4,4,4,4,4,4,0
5e3da61944578a0948a7fa9a,3,3,3,3,4,3,3,0
5e3da73f44578a0948b3cf76,4,4,4,4,4,4,4,0
5e3da76644578a0948b548ea,4,4,4,4,1,4,4,0
5e3da8a344578a0948c30ea1,2,2,2,2,2,2,2,0
5e3dac3d44578a0948e9623f,3,3,2,3,1,2,3,0
5e3dacea44578a0948efac70,2,1,2,1,2,0,3,0
5e3dad7244578a0948f4a2db,1,1,1,1,1,1,1,0
5e3dae0644578a0948fb1984,1,1,1,1,1,1,1,0
5e3daef244578a09480520ee,1,3,3,3,1,1,3,0
5e3db23344578a0948253eea,4,4,4,4,4,4,4,0
5e3db2fc44578a09482d6c90,4,2,4,2,4,0,6,0
5e3db32e44578a09482f696f,4,2,4,2,2,0,6,0
5e3db36144578a09483195ab,4,4,4,4,4,4,4,0
5e3db3d544578a0948365d50,1,1,1,1,1,1,1,0
5e3db42e44578a09483a2e75,4,4,4,4,4,4,4,0
5e3db5bd44578a09484b9a8f,1,1,1,1,1,1,1,0
5e3db60044578a09484e33eb,2,2,2,2,2,2,2,0
5e3dbbd044578a094889b079,2,2,2,2,2,2,2,0
5e3dbc1e44578a09488c2b65,4,4,4,4,4,4,4,0
5e3dbc2844578a09488c7e7e,1,1,1,1,2,1,1,0
5e3dbf6844578a0948a8f4a3,4,2,4,2,2,0,6,0
5e3dbfec44578a0948b01518,4,4,4,4,4,4,4,0
5e3dc02844578a0948b38226,1,1,1,1,4,1,1,0
5e3dc06e44578a0948b7129a,1,1,1,1,1,1,1,0
5e3de18444578a0948ec54f0,4,4,4,4,4,4,4,0
5e3de19b44578a0948ecb296,4,4,4,4,4,4,4,0
5e3de37544578a0948f47cba,4,4,4,4,4,4,4,0
5e3de6c444578a0948fdadf0,1,1,1,1,1,1,1,0
5e3de8be44578a094805624b,1,1,1,1,4,1,1,0
5e3df34a44578a094839c605,1,1,1,1,1,1,1,0
5e3df39e44578a09483a816a,4,4,4,4,1,4,4,0
5e3e012644578a094862be08,1,1,1,1,1,1,1,0
5e3e02d944578a09486852a5,2,2,2,2,2,2,2,0
5e3e04e144578a09487a053e,4,4,4,4,4,4,4,0
5e3e04fd44578a09487b53f5,1,1,1,1,2,1,1,0
5e3e05cb44578a0948834262,2,2,2,2,1,2,2,0
5e3e068644578a09488adcf1,4,4,4,4,4,4,4,0
5e3e073044578a094891be2d,4,4,4,4,4,4,4,0
5e3e085844578a09489ed0ee,2,2,2,2,2,2,2,0
5e3e0a1544578a0948b2010c,4,2,4,2,4,0,6,0
5e3e0b0c44578a0948c45cd6,4,2,4,2,4,0,6,0
5e3e0b6544578a0948c931ed,1,1,1,1,1,1,1,0
5e3e0b6544578a0948c93ac6,4,2,4,2,4,0,6,0
5e3e0b9744578a0948cd20cf,1,1,1,1,2,1,1,0
5e3e0ba544578a0948ce6e67,4,4,4,4,4,4,4,0
5e3e0bb944578a0948cea30f,4,4,4,4,4,4,4,0
5e3e0c3544578a0948d2f11f,4,4,4,4,4,4,4,0
5e3e0cc744578a0948df394d,4,1,4,1,4,0,5,0
5e3e0e9b44578a0948f18fab,4,2,4,2,1,0,6,0
5e3e118344578a09482639ba,4,2,4,2,4,0,6,0
5e3e11a644578a0948288bda,5,1,1,1,1,1,5,0
5e4aed8b44578a094835c862,1,1,1,1,1,1,1,0
5e4af22244578a094842276d,1,1,1,1,2,1,1,0
5e4af48744578a094849ccf3,4,4,4,4,4,4,4,0
5e4af84f44578a094856fe55,1,1,1,1,1,1,1,0
5e4b071144578a0948a00534,1,1,1,1,1,1,1,0
5e4b071644578a0948a042c4,1,1,1,1,1,1,1,0
5e4b09ec44578a0948ac81eb,1,1,1,1,1,1,1,0
5e4b0a7844578a0948afca6b,1,2,4,2,1,0,7,0
5e4b0bcf44578a0948b55daf,4,4,4,4,4,4,4,0
5e4b0c5744578a0948b883f7,1,1,1,1,1,1,1,0
5e4b162d44578a0948e54887,1,1,1,1,1,1,1,0
5e4b170e44578a0948ea865e,4,4,4,4,1,4,4,0
5e4b194044578a0948f77beb,4,4,4,4,4,4,4,0
5e4b1fe144578a0948160af5,4,4,4,4,4,4,4,0
5e4b21b644578a094821b52f,2,2,2,2,2,2,2,0
5e4b22a444578a0948279a5d,1,1,1,1,1,1,1,0
5e4b260444578a094831bbda,3,3,3,3,3,3,3,0
5e4b2a8844578a094845dc89,4,4,4,4,4,4,4,0
5e4b318e44578a0948556d27,3,1,3,1,4,1,3,0
5e4b31cd44578a094855f7f3,1,1,1,1,1,1,1,0
5e4b34ec44578a09485abb63,2,2,2,2,1,2,2,0
5e4b367544578a09485dc406,4,4,4,4,4,4,4,0
5e4b3ba944578a0948687502,1,1,1,1,1,1,1,0
5e4b3e3c44578a09486d5c17,4,4,4,4,4,4,4,0
5e4b422a44578a094875b186,4,4,4,4,4,4,4,0
5e4b431b44578a0948798b64,1,1,1,1,1,1,1,0
5e4b531844578a0948b2373c,4,4,4,4,4,4,4,0
5e4b648d44578a0948ed4b1a,1,1,1,1,1,1,1,0
5e4b650044578a0948ef7611,1,1,1,1,1,1,1,0
5e4b697f44578a0948063810,4,4,4,4,2,4,4,0
5e4b6fd944578a09482a0bf4,4,2,4,2,4,0,6,0
5e4b75e744578a09484bc055,4,4,4,4,4,4,4,0
5e4b76cc44578a0948544c68,4,2,4,2,4,0,6,0
5e4b78e044578a094865256e,1,1,1,1,1,1,1,0
5e4b7ae644578a09487d6d77,2,2,2,2,4,2,2,0
5e4b7d0e44578a094891c08f,1,1,1,1,1,1,1,0
5e4b7d2b44578a094892a28d,1,1,1,1,1,1,1,0
5e4b7d4c44578a094893ae18,1,1,1,1,2,1,1,0
5e4b7ee044578a09489ce9b4,1,1,1,1,1,1,1,0
5e4b82f244578a0948b15d68,1,1,1,1,4,1,1,0
5e4b830844578a0948b1ce04,1,1,1,1,2,1,1,0
5e4b841044578a0948ba0645,1,1,1,1,1,1,1,0
5e4b8b0d44578a0948ef0552,4,2,4,2,2,0,6,0
5e4b905b44578a094806482d,2,3,2,3,2,2,3,0
5e4b99ca44578a0948413185,4,2,4,2,4,0,6,0
5e4b9f4844578a09487785fa,1,1,1,1,1,1,1,0
5e4b9fbe44578a09487ce770,4,4,4,4,4,4,4,0
5e4ba11644578a09488abcbc,4,4,4,4,4,4,4,0
5e4ba12c44578a09488bce3f,4,4,4,4,2,4,4,0
5e4ba13644578a09488c5afe,1,1,1,1,2,1,1,0
5e4ba23244578a0948969154,1,1,1,1,2,1,1,0
5e4ba3cf44578a0948a5a405,1,1,1,1,1,1,1,0
5e4ba86144578a0948c651d7,2,2,2,2,2,2,2,0
5e4bad7c44578a0948f30510,1,1,1,1,2,1,1,0
5e4bae7744578a0948f7d91a,4,4,4,4,4,4,4,0
5e4bb35144578a09481c54aa,4,1,2,1,1,0,7,0
5e4bb3ce44578a09481fd177,4,4,4,4,2,4,4,0
5e4bb46a44578a0948238b44,4,4,4,4,4,4,4,0
5e4bb59844578a094830bb71,1,2,4,2,1,0,7,0
5e4bb8e644578a09484d0b16,1,1,1,1,1,1,1,0
5e4bbe5c44578a09486b1d5d,1,1,1,1,1,1,1,0
5e4bbeef44578a094871ac33,4,2,4,2,1,0,6,0
5e4bc48b44578a094892b0a2,4,4,4,4,4,4,4,0
5e4bc4b544578a09489421d2,4,4,4,4,4,4,4,0
5e4bccb044578a0948c7530f,4,3,4,3,4,0,7,0
5e4bccbd44578a0948c7e31f,4,2,4,2,4,0,6,0
5e4bccd344578a0948c85a31,4,2,4,2,4,0,6,0
5e4bd63f44578a0948eefa5c,4,3,4,3,4,0,7,0
5e4bd77844578a0948f5c022,4,4,4,4,4,4,4,0
5e4bd95444578a094807afea,4,4,4,4,4,4,4,0
5e4bddfd44578a09482cb2f1,4,4,4,4,2,4,4,0
5e4bded644578a09483a73d7,4,2,4,2,1,0,6,0
5e4be1a444578a094858448c,4,4,4,4,4,4,4,0
5e4be54944578a09486d593d,4,4,4,4,4,4,4,0
5e4be5b544578a09486f16c9,4,2,4,2,2,0,6,0
5e4be6ad44578a0948741ed1,4,4,4,4,4,4,4,0
5e4be72444578a0948780ba2,1,1,1,1,1,1,1,0
5e4be7cc44578a0948810a3a,4,4,4,4,4,4,4,0
5e4c040244578a0948a82e88,3,3,3,3,4,3,3,0
5e4c0a8a44578a0948c58810,4,4,4,4,2,4,4,0
5e4c0af544578a0948c7a801,1,1,1,1,1,1,1,0
5e4c113844578a0948dbc027,1,1,1,1,2,1,1,0
5e4c177544578a0948f1d4bb,1,3,1,3,1,1,3,0
5e4c19c244578a094804718e,1,1,1,1,1,1,1,0
5e4c1a6744578a0948078762,1,1,1,1,2,1,1,0
5e4c1e4d44578a09482c76b9,4,2,4,2,2,0,6,0
5e4c1ebc44578a09483653b3,4,4,4,4,1,4,4,0
5e4c2ef044578a09488dc1db,4,2,4,2,4,0,6,0
5e4c311044578a0948ab3855,4,1,4,1,4,0,5,0
5e4c32e944578a0948b5ff17,1,1,1,1,1,1,1,0
5e4c32f644578a0948b6a17e,4,4,4,4,4,4,4,0
5e4c346744578a0948bb9fda,2,1,2,1,2,0,3,0
5e4c350e44578a0948bf2dd0,4,4,4,4,2,4,4,0
5e4c368844578a0948d0938a,1,1,1,1,1,1,1,0
5e4c3ab544578a0948ed276d,1,1,1,1,1,1,1,0
5e50acad44578a09481d1b21,1,1,1,1,1,1,1,0
5e50ad7b44578a09481f1df2,4,2,4,2,4,0,6,0
5e50aed844578a0948239cf8,4,1,4,1,4,0,5,0
5e50afcd44578a09482c9345,1,1,1,1,1,1,1,0
5e50b64944578a0948407c3f,4,4,4,4,4,4,4,0
5e50c45744578a0948688b3a,2,2,2,2,4,2,2,0
5e50d0f444578a0948880a14,1,1,1,1,1,1,1,0
5e50da2e44578a09489e96f6,4,4,4,4,4,4,4,0
5e50db3644578a0948a48a35,4,1,1,1,1,0,5,0
5e50e01f44578a0948b09cc9,4,4,4,4,4,4,4,0
5e50e14d44578a0948b75b87,4,2,4,2,2,0,6,0
5e50e52244578a0948c95867,2,2,2,2,2,2,2,0
5e50e71a44578a0948d5b28f,1,1,1,1,2,1,1,0
5e50e8fe44578a0948dd013f,1,1,1,1,1,1,1,0
5e50e92c44578a0948de61a9,4,4,4,4,4,4,4,0
5e50ecad44578a0948f3cad3,4,2,4,2,4,0,6,0
5e50ed8e44578a0948f82cc9,4,2,4,2,4,0,6,0
5e50edbf44578a0948faa1dd,1,1,1,1,1,1,1,0
5e50ef1144578a0948087ce7,4,4,4,4,4,4,4,0
5e50eff944578a09481152b1,4,4,4,4,4,4,4,0
5e50f01a44578a0948128021,4,4,4,4,2,4,4,0
5e50f19c44578a09481ee5c5,4,4,4,4,2,4,4,0
5e50f21344578a09482267de,1,1,1,1,1,1,1,0
5e50f60644578a09483ba0f4,2,2,2,2,4,2,2,0
5e50f64944578a09483ed0ab,4,2,4,2,4,0,6,0
5e50f91b44578a094854bf6c,1,1,1,1,1,1,1,0
5e50fd5444578a094868120d,4,2,4,2,1,0,6,0
5e5109fb44578a0948ab05d5,1,1,1,1,2,1,1,0
5e510c8f44578a0948b5b2e3,4,2,4,2,4,0,6,0
5e510d9a44578a0948ba23a8,4,1,4,1,4,0,5,0
5e5116a444578a0948e14db4,4,2,4,2,2,0,6,0
5e51183744578a0948e94e80,4,1,4,1,1,0,5,0
5e511ab044578a0948056843,4,4,4,4,4,4,4,0
5e511ae944578a094807f247,3,3,3,3,3,3,3,0
5e511b6c44578a09480b93d2,4,4,4,4,1,4,4,0
5e511c0844578a094810629c,4,4,4,4,1,4,4,0
5e511c2a44578a094810c964,4,4,4,4,2,4,4,0
5e511f4844578a09482aa3d2,4,4,4,4,4,4,4,0
5e51869f44578a09485330b7,4,4,4,4,4,4,4,0
5e518d1f44578a09485caf5f,4,1,4,1,1,0,5,0
5e519e2544578a0948866d04,4,2,4,2,4,0,6,0
5e51af6644578a0948cb3a7a,4,4,4,4,4,4,4,0
5e51b18244578a0948d4432a,4,2,4,2,2,0,6,0
5e51b68e44578a0948ebbbb1,1,1,1,1,1,1,1,0
5e51b7b044578a0948f54778,4,4,4,4,4,4,4,0
5e51b7b044578a0948f54fb4,1,3,1,3,1,1,3,0
5e51b7b544578a0948f5d29e,1,1,1,1,4,1,1,0
5e51bbed44578a09481dbffd,4,4,4,4,1,4,4,0
5e51bd1e44578a09482b84ed,4,4,4,4,4,4,4,0
5e51c27544578a09484e9a3f,2,2,2,2,2,2,2,0
5e51c45944578a09485e2ca9,4,5,2,5,1,0,7,0
5e51c53b44578a094862c018,4,2,2,2,4,0,6,0
5e51c58a44578a0948676c3f,1,2,1,2,1,0,3,0
5e51c8e844578a09488178cb,2,2,2,2,2,2,2,0
5e51ca5e44578a0948861cfc,4,4,4,4,4,4,4,0
5e51cbdd44578a09488d3c3b,4,4,4,4,4,4,4,0
5e51ce4544578a0948960dc2,1,1,1,1,4,1,1,0
5e51cee044578a094899acdf,4,4,4,4,4,4,4,0
5e51d1fb44578a0948ad53e7,4,3,4,3,4,0,7,0
5e51d4f744578a0948c99b83,4,4,4,4,2,4,4,0
5e51d71544578a0948dca844,1,1,1,1,1,1,1,0
5e51da4044578a0948f58bd8,4,2,4,2,2,0,6,0
5e51e0b744578a09481e9415,4,4,4,4,4,4,4,0
5e51e2d544578a09482f74e4,4,2,4,2,4,0,6,0
5e51e36944578a0948303969,1,1,1,1,1,1,1,0
5e51ea0a44578a0948589b4c,1,1,1,1,1,1,1,0
5e51ea3244578a094859e045,4,4,4,4,4,4,4,0
5e51ed6a44578a0948748c48,4,4,4,4,4,4,4,0
5e51ee6544578a09487c9402,4,2,4,2,4,0,6,0
5e51f05044578a09488fea20,1,1,1,1,1,1,1,0
5e51fedaecb9ab1534d684e7,2,2,2,2,2,2,2,0
5e51ff34ecb9ab1534dd4ed0,1,1,1,1,1,1,1,0
5e5200d2ecb9ab1534f672ae,2,2,2,2,2,2,2,0
5e520296ecb9ab15342293ab,4,5,4,5,4,4,5,0
5e5202fbecb9ab15342eb3d6,2,4,2,4,4,0,6,0
5e52031eecb9ab1534330921,1,1,1,1,2,1,1,0
5e520374ecb9ab15343d69f7,4,2,4,2,4,0,6,0
5e52045fecb9ab15345a9e53,4,2,1,2,1,0,7,0
5e520486ecb9ab153460084a,1,1,1,1,1,1,1,0
5e5204bcecb9ab153467959c,2,2,4,2,4,0,6,0
5e520536ecb9ab1534739ce9,1,1,1,1,1,1,1,0
5e520553ecb9ab1534763cf4,1,1,1,1,1,1,1,0
5e5205f8ecb9ab153485dd34,4,4,4,4,4,4,4,0
5e52061fecb9ab15348b9922,1,1,1,1,1,1,1,0
5e52077fecb9ab1534b011c0,2,2,2,2,2,2,2,0
5ebf7c33388f6a36d44d7d47,1,1,1,1,1,1,1,0
5ebf7c4f388f6a36d4508355,1,1,1,1,1,1,1,0
5ebf7c7f388f6a36d455ad9c,1,1,1,1,2,1,1,0
5ebf7d34388f6a36d467ed53,4,4,4,4,4,4,4,0
5ebf7d53388f6a36d46b2ffb,4,4,4,4,4,4,4,0
5ebf7dac388f6a36d474708a,1,3,1,3,3,1,3,0
5ebf7df1388f6a36d47bb73e,1,1,1,1,1,1,1,0
5ebf7e48388f6a36d484ab6b,2,2,2,2,2,2,2,0
5ebf7ea0388f6a36d48d4e98,1,1,1,1,1,1,1,0
5ebf7ec4388f6a36d490c740,4,4,4,4,4,4,4,0
5ebf7f36388f6a36d49c7b61,5,1,5,1,4,1,5,0
5ebf7f39388f6a36d49cd481,1,1,1,1,1,1,1,0
5ebf80d7388f6a36d4c59afe,2,2,2,2,2,2,2,0
5ebf81dd388f6a36d4e014f5,2,2,2,2,2,2,2,0
5ebf81fe388f6a36d4e3a1d2,1,1,1,1,1,1,1,0
5ebf820a388f6a36d4e4df57,2,2,2,2,4,2,2,0
5ebf83cf388f6a36d412b5cf,4,4,4,4,4,4,4,0
5ebf846e388f6a36d423bfb3,2,2,2,2,2,2,2,0
5ebf8543388f6a36d430c72f,2,2,1,2,4,0,3,0
5ebf8628388f6a36d440491c,3,3,5,3,3,1,7,0
5ebf8673388f6a36d44796f2,1,1,1,1,1,1,1,0
5ebf869d388f6a36d44c5c73,1,1,1,1,1,1,1,0
5ebf876f388f6a36d45951b5,1,1,1,1,1,1,1,0
5ebf8814388f6a36d465d1e6,3,1,1,1,4,1,3,0
5ebf886c388f6a36d46c69e5,1,1,1,1,1,1,1,0
5ebf886e388f6a36d46c9832,1,1,1,1,1,1,1,0
5ebf8998388f6a36d4842fa0,2,2,2,2,2,2,2,0
5ebf8a60388f6a36d4a07d91,1,1,1,1,1,1,1,0
5ebf8a9c388f6a36d4aa725c,4,2,4,2,4,0,6,0
5ebf8a9e388f6a36d4aab3e6,1,1,1,1,1,1,1,0
5ebf8aaa388f6a36d4ace410,1,1,1,1,1,1,1,0
5ebf8b59388f6a36d4c5f91d,1,1,1,1,1,1,1,0
5ebf8c07388f6a36d4de0554,1,1,1,1,2,1,1,0
5ebf8cdc388f6a36d4f6cf15,1,1,1,1,1,1,1,0
5ebf8da2388f6a36d40e7448,1,1,1,1,1,1,1,0
5ebf8dd3388f6a36d4141b16,1,2,1,2,1,0,3,0
5ebf8df4388f6a36d418e26b,4,2,4,2,3,0,6,0
5ebf8ed4388f6a36d430ae4d,4,4,4,4,4,4,4,0
5ebf8fde388f6a36d43d1d06,4,4,4,4,4,4,4,0
5ebf91a8388f6a36d4519b1f,1,1,1,1,1,1,1,0
5ebf94af388f6a36d47012e8,1,1,1,1,1,1,1,0
5ebf94b8388f6a36d470f3bd,1,1,1,1,1,1,1,0
5ebf95b9388f6a36d4889f27,1,1,1,1,2,1,1,0
5ebf95ca388f6a36d48a0146,1,1,1,1,2,1,1,0
5ec03924388f6a36d42d60ad,5,5,5,5,2,5,5,0
5ec039a9388f6a36d43364d8,1,1,1,1,4,1,1,0
5ec03ad6388f6a36d43c2645,1,1,1,1,1,1,1,0
5ec03bbd388f6a36d44ecced,4,4,4,4,1,4,4,0
5ec03bc2388f6a36d44f0229,4,4,4,4,1,4,4,0
5ec03bf0388f6a36d4518573,4,4,4,4,4,4,4,0
5ec03c71388f6a36d4595a8f,5,2,4,2,2,0,7,0
5ec03cf9388f6a36d46658b1,1,1,1,1,4,1,1,0
5ec03e15388f6a36d479b192,5,5,5,5,4,5,5,0
5ec0424a388f6a36d49d0382,2,2,4,2,4,0,6,0
5ec042cd388f6a36d4a8cf37,4,4,4,4,4,4,4,0
5ec042ef388f6a36d4ac46d1,2,2,2,2,2,2,2,0
5ec04341388f6a36d4b42365,4,2,4,2,4,0,6,0
5ec043a1388f6a36d4bbb68b,4,4,4,4,4,4,4,0
5ec043ec388f6a36d4bf3d0b,1,1,1,1,1,1,1,0
5ec04509388f6a36d4d6d976,1,1,1,1,1,1,1,0
5ec04512388f6a36d4d8671e,2,2,2,2,2,2,2,0
5ec04534388f6a36d4ddc801,1,1,1,1,2,1,1,0
5ec04576388f6a36d4e65852,1,1,1,1,1,1,1,0
5ec0457f388f6a36d4e7442e,1,1,1,1,1,1,1,0
5ec045a4388f6a36d4ea9b6a,4,4,4,4,4,4,4,0
5ec0ed4a388f6a36d40a52b2,1,1,1,1,1,1,1,0
5ec0eda4388f6a36d416294f,1,1,1,1,4,1,1,0
5ec0edd0388f6a36d419a0b5,4,2,1,2,2,0,7,0
5ec0edd5388f6a36d41a55a8,1,1,1,1,1,1,1,0
5ec0ee55388f6a36d427e6e7,4,5,4,5,1,4,5,0
5ec0ee82388f6a36d42f1873,4,4,4,4,1,4,4,0
5ec0ee87388f6a36d42fe41b,4,3,4,3,4,0,7,0
5ec0ee9d388f6a36d431f343,2,2,4,2,2,0,6,0
5ec0ef6f388f6a36d44d62aa,2,2,2,2,4,2,2,0
5ec0f01a388f6a36d45e8e8e,1,1,1,1,1,1,1,0
5ec0f02f388f6a36d461885f,1,1,1,1,1,1,1,0
5ec0f03a388f6a36d4631304,2,2,2,2,4,2,2,0
5ec0f1cc388f6a36d49c0561,1,1,1,1,1,1,1,0
5ec0f273388f6a36d4b64785,2,2,2,2,2,2,2,0
5ec0f29c388f6a36d4bb5317,2,3,2,3,4,2,3,0
5ec0f2d9388f6a36d4c1b4bb,4,4,4,4,4,4,4,0
5ec0f3ad388f6a36d4d59457,1,1,1,1,1,1,1,0
5ec168b8388f6a36d4dc321f,1,1,1,1,2,1,1,0
5ec16942388f6a36d4e6b7cd,1,1,1,1,1,1,1,0
5ec16cf8388f6a36d42ab9d0,4,4,4,4,4,4,4,0
5ec16d39388f6a36d43136ed,1,1,1,1,1,1,1,0
5ec16d49388f6a36d432d37d,4,4,4,4,4,4,4,0
5ec16d52388f6a36d433bf7e,1,1,1,1,2,1,1,0
5ec16d71388f6a36d436d983,1,1,1,1,1,1,1,0
5ec16e09388f6a36d4460e9e,4,4,4,4,4,4,4,0
5ec16e62388f6a36d44f7182,1,1,1,1,1,1,1,0
5ec173d7388f6a36d47db191,2,3,2,3,2,2,3,0
5ec173dc388f6a36d47dd80f,5,5,5,5,4,5,5,0
5ec1795e388f6a36d4a4700b,4,4,4,4,4,4,4,0
5ec179d9388f6a36d4afe6df,2,2,2,2,2,2,2,0
5ec17a24388f6a36d4b52579,2,2,2,2,2,2,2,0
5ec180c4388f6a36d4be59e8,1,1,1,1,1,1,1,0
5ec181c8388f6a36d4cd8235,2,2,2,2,2,2,2,0
5ec181d6388f6a36d4ce7640,4,4,4,4,4,4,4,0
5ec19821388f6a36d4ea0762,1,1,1,1,1,1,1,0
5ec1b3f1388f6a36d4f5e5af,1,1,1,1,1,1,1,0
5ec1b409388f6a36d4f76c9e,1,3,1,3,1,1,3,0
5ec1b418388f6a36d4f891d6,4,2,4,2,1,0,6,0
5ec1b420388f6a36d4f92124,4,4,4,4,4,4,4,0
5ec1b4eb388f6a36d4076f04,1,1,1,1,1,1,1,0
5ec1b56e388f6a36d4108e4c,2,2,2,2,2,2,2,0
5ec1b58f388f6a36d412e61a,3,3,3,3,1,3,3,0
5ec1b644388f6a36d41ecb50,1,1,1,1,1,1,1,0
5ec1b693388f6a36d41f5fdd,1,1,1,1,1,1,1,0
5ec1b6be388f6a36d420c4b3,4,4,4,4,4,4,4,0
5ec1b776388f6a36d42ec89a,2,2,2,2,2,2,2,0
5ec1b7a0388f6a36d431c4fe,1,1,1,1,1,1,1,0
5ec1b7ac388f6a36d432b5c7,2,2,2,2,2,2,2,0
5ec1b835388f6a36d43bde8d,2,2,2,2,1,2,2,0
5ec1b868388f6a36d43efa4b,3,3,3,3,1,3,3,0
5ec1b877388f6a36d43feedb,4,4,4,4,4,4,4,0
5ec1b87c388f6a36d44039dc,2,2,2,2,2,2,2,0
5ec1b886388f6a36d440ba5b,1,1,2,1,2,0,3,0
5ec1b89c388f6a36d441d09d,4,4,4,4,4,4,4,0
5ec1b907388f6a36d447a02a,1,1,1,1,1,1,1,0
5ec1c267388f6a36d4781386,1,2,1,2,1,0,3,0
5ec1c285388f6a36d47a3b33,1,1,1,1,1,1,1,0
5ec1c2ff388f6a36d4830875,1,1,1,1,1,1,1,0
5ec1c328388f6a36d485ee26,2,2,2,2,4,2,2,0
5ec1c32f388f6a36d48687a9,2,2,2,2,2,2,2,0
5ec1ca4f388f6a36d48af918,3,4,1,4,2,0,7,0
5ec1ebeb388f6a36d4a21ace,4,4,4,4,4,4,4,0
5ec1ecaa388f6a36d4b298bb,1,1,1,1,1,1,1,0
5ec1ece6388f6a36d4b8d7d3,1,1,1,1,2,1,1,0
5ec2b6c3388f6a36d4e6e2e2,4,4,4,4,4,4,4,0
5ec2b799388f6a36d4f3a96e,4,4,4,4,2,4,4,0
5ec2b7a5388f6a36d4f44341,4,4,4,4,4,4,4,0
5ec2b81c388f6a36d4fbb5bc,4,4,4,4,1,4,4,0
5ec2b912388f6a36d40b9317,1,1,1,1,1,1,1,0
5ec2ba44388f6a36d42006a9,1,1,1,1,1,1,1,0
5ec2ba73388f6a36d423bc48,2,2,2,2,1,2,2,0
5ec2c9ad388f6a36d436e7d7,3,3,3,3,4,3,3,0
5ec2cf61388f6a36d4691541,1,1,1,1,4,1,1,0
5ec2d104388f6a36d478f33d,1,1,1,1,1,1,1,0
5ec2d1c5388f6a36d481291c,2,3,2,3,4,2,3,0
5ec2d321388f6a36d48ef4b7,1,1,1,1,1,1,1,0
5ec2d43e388f6a36d4966df8,4,4,2,4,1,0,6,0
5ec2d5db388f6a36d4a837e9,4,4,4,4,4,4,4,0
5ec2d650388f6a36d4ad7a27,2,2,2,2,2,2,2,0
5ec2d9ec388f6a36d4d50948,1,1,1,1,1,1,1,0
5ec38bc6388f6a36d4f4e13b,1,1,1,1,2,1,1,0
5ec38bc8388f6a36d4f52335,4,4,4,4,4,4,4,0
5ec38c55388f6a36d405bfb8,1,1,1,1,2,1,1,0
5ec38c63388f6a36d407e69d,1,1,1,1,1,1,1,0
5ec38cee388f6a36d4168171,1,1,1,1,1,1,1,0
5ec38fc1388f6a36d46669a2,1,1,1,1,2,1,1,0
5ec39008388f6a36d46d2a66,4,4,4,4,4,4,4,0
5ec3907e388f6a36d47d83e9,1,1,1,1,1,1,1,0
5ec391e1388f6a36d4a846a4,1,1,1,1,1,1,1,0
5ec39298388f6a36d4ba2e9d,2,4,2,4,4,0,6,0
5ec392a4388f6a36d4bb7bac,2,2,2,2,2,2,2,0
5ec392b9388f6a36d4bded91,4,4,4,4,4,4,4,0
5ec392bb388f6a36d4be555c,4,4,4,4,1,4,4,0
5ec393e9388f6a36d4e40b24,1,3,1,3,1,1,3,0
5ec393ff388f6a36d4e5ef21,2,2,2,2,2,2,2,0
5ec3947b388f6a36d4f27220,2,2,2,2,1,2,2,0
5ec394fc388f6a36d402087b,1,1,1,1,1,1,1,0
5ec39551388f6a36d40ed351,1,1,1,1,1,1,1,0
5ec395cf388f6a36d4207bca,4,2,4,2,4,0,6,0
5ec3960c388f6a36d42a4d24,1,1,1,1,1,1,1,0
5ec39611388f6a36d42b0e70,2,2,2,2,2,2,2,0
5ec39630388f6a36d42fff40,2,2,2,2,2,2,2,0
5ec39831388f6a36d44b1659,1,1,1,1,1,1,1,0
5ec39925388f6a36d46cc736,4,4,4,4,4,4,4,0
5ec39972388f6a36d471f46c,2,2,2,2,2,2,2,0
5ec3999d388f6a36d475bf26,4,4,4,4,4,4,4,0
5ec39a2d388f6a36d482f52b,4,4,4,4,4,4,4,0
5ec39a8b388f6a36d48ea956,1,1,1,1,1,1,1,0
5ec39abb388f6a36d495da04,1,1,1,1,1,1,1,0
5ec39b43388f6a36d4a9d86b,4,2,4,2,4,0,6,0
5ec39baa388f6a36d4b9518d,1,1,1,1,1,1,1,0
5ec39bb0388f6a36d4ba1dc4,1,1,1,1,1,1,1,0
5ec39cf9388f6a36d4ddc164,4,4,4,4,4,4,4,0
5ec39da3388f6a36d4ed4b35,3,3,2,3,1,2,3,0
5ec39dcd388f6a36d4f19815,1,3,4,3,4,0,7,0
5ec3a2b5388f6a36d41447a0,4,4,4,4,4,4,4,0
5ec3a350388f6a36d41d0404,1,1,1,1,2,1,1,0
5ec3a3ee388f6a36d430323b,5,5,5,5,4,5,5,0
5ec3a407388f6a36d432c35a,4,4,4,4,4,4,4,0
5ec3a46a388f6a36d43eb14d,4,4,4,4,4,4,4,0
5ec3a4d0388f6a36d44a9e87,5,3,5,3,1,1,7,0
5ec3a568388f6a36d459824c,1,1,1,1,1,1,1,0
5ec3a707388f6a36d47aec37,1,1,1,1,1,1,1,0
5ec3a836388f6a36d48c1344,1,4,1,4,1,0,5,0
5ec3a867388f6a36d48f57f9,4,4,4,4,4,4,4,0
5ec3a9c5388f6a36d4a40b35,2,2,2,2,2,2,2,0
5ec3aa3e388f6a36d4b24d8b,4,4,4,4,4,4,4,0
5ec3aa47388f6a36d4b32d0c,1,1,1,1,2,1,1,0
5ec3ab90388f6a36d4debea6,1,1,1,1,2,1,1,0
5ec3ab9c388f6a36d4e0c762,4,4,4,4,4,4,4,0
5ec3abe6388f6a36d4eaa699,1,1,1,1,1,1,1,0
5ec3ac3d388f6a36d4f621e7,4,4,4,4,4,4,4,0
5ec3ac52388f6a36d4f94e8c,2,2,2,2,2,2,2,0
5ec3ade1388f6a36d41eec54,4,2,4,2,4,0,6,0
5ec3ae3e388f6a36d424e58a,4,3,4,3,4,0,7,0
5ec3aeeb388f6a36d435f0b7,1,2,1,2,1,0,3,0
5ec3aefb388f6a36d4372a20,2,2,2,2,2,2,2,0
5ec3b038388f6a36d44f44c4,1,3,1,3,1,1,3,0
5ec3b129388f6a36d46c018b,1,1,1,1,1,1,1,0
5ec3b129388f6a36d46c145f,1,1,1,1,1,1,1,0
5ec3b1bc388f6a36d4811ad1,1,4,1,4,1,0,5,0
5ec3b27f388f6a36d49e5930,1,1,1,1,1,1,1,0
5ec3b2d7388f6a36d4a73f8e,1,1,1,1,4,1,1,0
5ec3b52d388f6a36d4dc3d26,4,4,4,4,4,4,4,0
5ec3b5a2388f6a36d4ec9268,1,1,1,1,1,1,1,0
5ec3b604388f6a36d4fa75ea,1,1,1,1,1,1,1,0
5ec3b607388f6a36d4fadf0a,4,4,4,4,4,4,4,0
5ec3b6b4388f6a36d40f3b1c,2,2,2,2,2,2,2,0
5ec3b6c0388f6a36d4105f22,2,2,2,2,1,2,2,0
5ec3b6e7388f6a36d41479d9,1,1,1,1,1,1,1,0
5ec3b72a388f6a36d41aace8,2,2,2,2,2,2,2,0
5ec3b77b388f6a36d42213ae,4,4,4,4,4,4,4,0
5ec3b85a388f6a36d437f6fd,1,1,1,1,1,1,1,0
5ec3b877388f6a36d43ab01c,2,2,2,2,2,2,2,0
5ec3b8ba388f6a36d4410bce,1,1,1,1,1,1,1,0
5ec3b8c9388f6a36d4424c61,1,1,1,1,1,1,1,0
5ec3b8d8388f6a36d44387b0,1,1,1,1,1,1,1,0
5ec5c1bd2e44261eda0113a4,2,2,2,2,2,2,2,0
5ec5c25f2e44261eda0ab2c4,4,4,4,4,4,4,4,0
5ec5c31f2e44261eda184b46,1,1,1,1,1,1,1,0
5ec5e8e02e44261eda30381c,1,1,1,1,1,1,1,0
5ec5ea682e44261eda308c3e,5,5,4,5,4,4,5,0
5ec691782e44261eda57f33d,1,1,4,1,4,0,5,0
5ec691e32e44261eda64b7fa,4,2,4,2,4,0,6,0
5ec691fc2e44261eda68766f,1,1,1,1,1,1,1,0
5ec6921d2e44261eda6d03b8,4,2,4,2,4,0,6,0
5ec6925d2e44261eda76b16c,1,1,1,1,1,1,1,0
5ec692922e44261eda7e6827,1,1,1,1,1,1,1,0
5ecb13502e44261edaa8c867,4,4,4,4,4,4,4,0
5ecb13bc2e44261edaae93ed,2,3,2,3,4,2,3,0
5ecb14282e44261edab8de0e,2,5,2,5,4,0,7,0
5ecb14512e44261edabd897d,4,4,4,4,4,4,4,0
5ecb15002e44261edacca275,1,1,1,1,1,1,1,0
5ecb150b2e44261edacde0a6,4,4,4,4,4,4,4,0
5ecb158c2e44261edad67f48,1,1,1,1,1,1,1,0
5ecb17432e44261edaf54775,1,1,1,1,2,1,1,0
5ecb189d2e44261eda0dedc5,3,2,4,2,2,0,7,0
5ecb18ab2e44261eda0f6efc,1,1,4,1,4,0,5,0
5ecb18b92e44261eda10fc38,4,3,1,3,1,0,7,0
5ecb19ab2e44261eda283dbb,1,1,1,1,1,1,1,0
5ecb19e92e44261eda2ce260,4,1,4,1,2,0,5,0
5ecb1b1e2e44261eda3fdf17,2,2,5,2,1,0,7,0
5ecb1d472e44261eda79ea5c,4,4,4,4,4,4,4,0
5ecb1f662e44261edaa521c1,1,3,2,3,3,0,3,0
5ecb20772e44261edab72800,4,1,4,1,1,0,5,0
5ecb20b22e44261edabd9080,4,5,5,5,1,4,5,0
5ecb20b32e44261edabdb8dd,1,1,1,1,4,1,1,0
5ecb20c32e44261edabf78ab,1,1,1,1,4,1,1,0
5ecb21492e44261edac42600,1,1,1,1,1,1,1,0
5ecb22252e44261edaca729a,1,1,1,1,1,1,1,0
5ecb224c2e44261edacd503c,1,1,1,1,1,1,1,0
5ecb228a2e44261edad21036,4,4,4,4,4,4,4,0
5ecb23dc2e44261edaecb038,1,1,1,1,1,1,1,0
5ecb24672e44261edaf8986a,4,4,4,4,4,4,4,0
5ecb36ce2e44261edaff9cde,2,2,2,2,2,2,2,0
5ecb36f42e44261eda01cc93,3,3,3,3,3,3,3,0
5ecb37282e44261eda042ff7,4,2,4,2,4,0,6,0
5ecb37782e44261eda06bbf6,1,1,1,1,2,1,1,0
5ecb37ff2e44261eda0e2c43,2,4,2,4,4,0,6,0
5ecb382f2e44261eda11cd4a,1,1,1,1,2,1,1,0
5ecb38712e44261eda15abdd,1,1,1,1,1,1,1,0
5ecb39572e44261eda29bed7,2,2,2,2,4,2,2,0
5ecb398e2e44261eda3182bf,4,4,4,4,4,4,4,0
5ecb39dd2e44261eda39ea8d,4,4,4,4,4,4,4,0
5ecb39e52e44261eda3b4cb1,1,1,1,1,1,1,1,0
5ecb3a9a2e44261eda5653cc,4,4,4,4,2,4,4,0
5ecb4bbc2e44261edabf826e,2,2,2,2,4,2,2,0
5ecb4c5f2e44261edada2356,1,1,1,1,1,1,1,0
5ecb4cb92e44261edae69bc0,1,1,1,1,1,1,1,0
5ecb54fc2e44261edafe0a45,3,3,2,3,2,2,3,0
5ecb55b72e44261eda0fc041,1,1,1,1,2,1,1,0
5ecb56412e44261eda1e6516,1,4,4,4,4,0,5,0
5ecb56562e44261eda20456f,4,2,4,2,4,0,6,0
5ecb56da2e44261eda2956e3,1,1,1,1,1,1,1,0
5ecb56db2e44261eda29706b,4,2,4,2,4,0,6,0
5ecb57362e44261eda2f813f,4,2,4,2,4,0,6,0
5ecb57b12e44261eda3c06f1,4,5,4,5,4,4,5,0
5ecb58132e44261eda4891cc,1,1,1,1,1,1,1,0
5ecb58322e44261eda4cf312,4,2,4,2,4,0,6,0
5ecb583f2e44261eda4ef333,4,2,4,2,1,0,6,0
5ecb5a042e44261eda841c7c,1,1,1,1,1,1,1,0
5ecb5af02e44261edaa0cac0,4,4,4,4,4,4,4,0
5ecb5b7f2e44261edab4a6a6,1,1,1,1,1,1,1,0
5ecb5bc22e44261edabf9b31,1,3,2,3,4,0,3,0
5ecb5bd72e44261edac33dfe,1,1,1,1,1,1,1,0
5ecb5d3b2e44261edae710e1,3,3,3,3,1,3,3,0
5ecb5db82e44261edaf9a2d4,1,1,1,1,1,1,1,0
5ecb5dc32e44261edafac683,1,1,1,1,2,1,1,0
5ecc508db4700f2ddc22c49a,4,4,4,4,2,4,4,0
5ecc5096b4700f2ddc2468a8,1,1,1,1,1,1,1,0
5ecc5186b4700f2ddc490b5b,4,4,4,4,2,4,4,0
5ecc51b6b4700f2ddc5094c6,4,2,4,2,2,0,6,0
5ecc532ab4700f2ddc8c3ecc,1,1,1,1,1,1,1,0
5ecc54c6b4700f2ddcabe035,1,2,1,2,2,0,3,0
5ecc77e6b4700f2ddccb1e18,4,4,4,4,1,4,4,0
5ecc783db4700f2ddcd3ef02,1,1,1,1,1,1,1,0
5ecc7870b4700f2ddcd95496,1,1,1,1,1,1,1,0
5ecc7891b4700f2ddcdceb02,2,5,1,5,4,0,7,0
5ecc78c2b4700f2ddce2151a,1,1,1,1,2,1,1,0
5ecc79a9b4700f2ddcf9b8db,4,4,4,4,4,4,4,0
5ecd2865b4700f2ddc12efa1,1,1,1,1,1,1,1,0
5ece8160f46b2b34fccd99f4,4,4,4,4,4,4,4,0
5ece8172f46b2b34fcd0c842,4,4,4,4,2,4,4,0
5ece81edf46b2b34fce41517,1,1,1,1,1,1,1,0
5ece823ff46b2b34fcf34808,1,1,1,1,1,1,1,0
5ece83c0f46b2b34fc381c3a,2,2,2,2,1,2,2,0
5ece83cef46b2b34fc3aaa76,4,4,4,4,4,4,4,0
5ece8476f46b2b34fc58458a,4,4,4,4,2,4,4,0
5ece84d2f46b2b34fc67cb38,4,2,1,2,2,0,7,0
5ece8677f46b2b34fc7d9ddd,1,5,1,5,4,1,5,0
5ece86b2f46b2b34fc85e508,1,1,1,1,1,1,1,0
5ece86e6f46b2b34fc8f4476,1,3,1,3,1,1,3,0
5ece86f8f46b2b34fc929da7,1,1,1,1,1,1,1,0
5ece872ff46b2b34fc9b97c4,1,1,1,1,1,1,1,0
5ece87a2f46b2b34fcacd229,4,3,3,3,4,0,7,0
5ece87c4f46b2b34fcb18563,1,1,1,1,1,1,1,0
5ece87ecf46b2b34fcb7bc71,2,2,2,2,2,2,2,0
5ece8810f46b2b34fcbcceb9,4,4,4,4,4,4,4,0
5ece88def46b2b34fcdc7275,1,1,1,1,1,1,1,0
5ece8946f46b2b34fcead6c8,1,1,1,1,1,1,1,0
5ece89bef46b2b34fcf6d28f,2,4,2,4,4,0,6,0
5ece89fef46b2b34fcfcdcd8,4,4,4,4,1,4,4,0
5ece8a56f46b2b34fc05a82e,4,4,4,4,4,4,4,0
5ece8ab1f46b2b34fc0e78bc,1,1,1,1,4,1,1,0
5ece9a23f46b2b34fc1c921f,2,2,2,2,2,2,2,0
5ece9a8ff46b2b34fc274238,1,4,1,4,4,0,5,0
5ece9ac0f46b2b34fc2c7d96,3,4,3,4,4,0,7,0
5ece9c23f46b2b34fc510e4a,2,2,2,2,4,2,2,0
5ece9d09f46b2b34fc696cd1,4,2,2,2,4,0,6,0
5ece9f16f46b2b34fc9de98d,4,4,4,4,4,4,4,0
5ece9f25f46b2b34fc9f82d5,1,1,1,1,1,1,1,0
5ece9fadf46b2b34fcad6a77,1,1,1,1,1,1,1,0
5ecea065f46b2b34fcbf92f3,4,4,4,4,4,4,4,0
5ecea128f46b2b34fcc86daa,1,1,1,1,1,1,1,0
5ecea132f46b2b34fcca5d49,1,1,1,1,2,1,1,0
5ecea5c0f46b2b34fc04a873,4,4,3,4,4,0,7,0
5ecea63ff46b2b34fc19eb95,4,4,4,4,1,4,4,0
5ecea683f46b2b34fc24d621,4,4,4,4,4,4,4,0
5ecea6c9f46b2b34fc2f4647,4,4,4,4,4,4,4,0
5ecea6dff46b2b34fc32f190,1,3,1,3,4,1,3,0
5ecea6edf46b2b34fc354d06,2,4,4,4,2,0,6,0
5ecea6f8f46b2b34fc371972,4,2,4,2,2,0,6,0
5ecea7cbf46b2b34fc56b282,4,4,4,4,4,4,4,0
5ecea83cf46b2b34fc67efef,4,4,4,4,4,4,4,0
5ecea85af46b2b34fc6b4420,2,2,2,2,4,2,2,0
5ecea890f46b2b34fc7251b5,1,1,1,1,1,1,1,0
5ecea8c6f46b2b34fc7aa103,1,1,1,1,1,1,1,0
5ecea8e2f46b2b34fc7ed9b3,4,4,4,4,4,4,4,0
5ecea8f7f46b2b34fc81c86f,1,1,1,1,4,1,1,0
5ecea91af46b2b34fc8552cc,1,1,1,1,1,1,1,0
5ecea92af46b2b34fc8707de,1,1,1,1,1,1,1,0
5eceaa3cf46b2b34fca3418f,3,3,3,3,3,3,3,0
5ecf0d824d3150ef57db246d,1,1,1,1,1,1,1,0
5ecf0dbe4d3150ef57e12234,1,1,1,1,1,1,1,0
5ecf0dc54d3150ef57e1c8ef,2,2,4,2,2,0,6,0
5ecf0e584d3150ef57f10c58,1,1,1,1,1,1,1,0
5ecf0eca4d3150ef57fd20d3,1,2,1,2,1,0,3,0
5ecf0ee34d3150ef57ffc3f0,4,2,4,2,4,0,6,0
5ecf0fa54d3150ef571498bf,2,4,2,4,4,0,6,0
5ecf10154d3150ef57204ac6,1,1,1,1,1,1,1,0
5ecf10ae4d3150ef57305bf1,4,4,4,4,4,4,4,0
5ecf11354d3150ef573ebf98,1,1,1,1,1,1,1,0
5ecf11864d3150ef57475754,4,4,4,4,2,4,4,0
5ecf33bb4d315037d5d902a7,4,4,4,4,4,4,4,0
5ecf33ea4d315037d5e07158,4,4,4,4,4,4,4,0
5ecf35064d315037d5e4055e,1,1,1,1,4,1,1,0
5ecf35204d315037d5e95e33,1,1,1,1,4,1,1,0
5ecf353e4d315037d5eed3f2,2,4,4,4,4,0,6,0
5ecf35eb4d315037d503d132,4,4,4,4,4,4,4,0
5ecf35f94d315037d5061e75,1,1,1,1,1,1,1,0
5ecf3ccc4d315037d521c1a3,1,1,1,1,2,1,1,0
5ecf3cd14d315037d5224d22,2,2,4,2,1,0,6,0
5ecf3ea44d315037d525435e,1,1,1,1,1,1,1,0
5ecf3ef14d315037d52e5139,4,4,4,4,4,4,4,0
