question,result,truth
5cf83bb544578a0664d97b15,4,4
5cf83bb844578a0664d9edaa,3,4
5cf83c1644578a0664e8deb3,1,1
5cf83c7d44578a0664f7f106,1,4
5cf83d1744578a06640e7d49,2,2
5cf83d7344578a06641ce311,4,4
5cf83e3a44578a06643abd43,4,4
5cf83e4c44578a06643d8f55,4,4
5cf83edc44578a066450c95a,2,2
5cf83eea44578a06645258e5,1,1
5cf83eee44578a066452af2e,1,1
5cf83f7044578a06645e4aa2,2,4
5cf83f8044578a06645fc7d7,2,1
5cf83fb144578a066464277c,2,4
5cf83fc344578a066465cc1d,2,2
5cf8464744578a06647f6403,1,1
5cf8467144578a066484dfb2,4,4
5cf847b344578a0664ac1323,2,2
5cf8482b44578a0664b862fc,1,2
5cf8487a44578a0664c07d2c,1,2
5cf848d944578a0664cb0390,4,4
5cf8490b44578a0664d01768,4,4
5cf8495c44578a0664d89556,4,4
5cf8499244578a0664ddee24,2,1
5cf84a1b44578a0664ebdae2,1,1
5cf84a5444578a0664f1d29d,1,1
5cf84a5c44578a0664f2aae5,2,2
5cf84ab044578a0664fb2b82,4,2
5cf84ae444578a066400b5d6,2,4
5cf84afb44578a0664020875,1,4
5cf84b8844578a06640fe5ad,2,2
5cf84c0444578a066418a729,1,2
5cf84cac44578a06642a229c,4,4
5cf84d3644578a0664336d93,4,4
5cf84dc344578a06643ec2ff,2,2
5cf84df044578a066444c323,1,2
5cf84e0644578a06644807cf,5,2
5cf84e0a44578a0664488a00,4,4
5cf84e4344578a06644e6769,4,4
5cf84e8d44578a0664572741,1,1
5cf84ea744578a06645a4d4d,1,1
5cf84eb044578a06645b7e9c,4,4
5cf84f0144578a0664657180,1,1
5cf84f1944578a066468f15c,1,1
5cf84f5c44578a066471c556,2,1
5cf84f8f44578a0664792b75,1,1
5cf84f9144578a066479837a,4,4
5cf84ff044578a0664871673,1,1
5cf8505144578a06649555ad,4,4
5cf8507d44578a06649bd395,1,1
5cf8509d44578a06649f6169,4,4
5cf850c544578a0664a33bc9,1,1
5cf8517e44578a0664b31bd3,1,4
5cf852f644578a0664d4dc06,4,4
5cf8544744578a0664ef2fe5,1,1
5cf8549944578a0664f5819a,4,4
5cf854a144578a0664f5ffca,2,2
5cf854c444578a0664f85ab8,2,1
5cf854c844578a0664f8a2c0,4,4
5cf854d744578a0664f99e81,4,2
5cf8551044578a0664fd6230,2,2
5cf8552344578a0664fea506,4,4
5cf8571d44578a06641a1977,4,4
5cf8581b44578a06642d5e8a,2,2
5cf8582844578a06642e1489,4,4
5cf8583e44578a06643002dc,2,2
5cf8593944578a066442948c,4,2
5cf8594244578a0664436df5,1,1
5cf859cb44578a06644e0375,2,1
5cf85a3344578a066455740d,1,1
5cf85ae944578a066463280a,2,2
5cf85afa44578a0664644ac9,4,2
5cf85b0a44578a066465c43d,1,1
5cf85b7e44578a06646dd57b,4,4
5cf85be644578a0664758a8d,1,1
5cf85c8744578a06648129bd,4,1
5cf85d0444578a06648a7fa3,1,1
5cf85d5144578a0664907372,5,1
5cf85d9e44578a0664958845,1,2
5cf85db644578a0664975368,1,4
5cf85dce44578a06649984a8,2,4
5cf85e0244578a06649e1449,1,1
5cf85e1d44578a0664a1f8bd,1,2
5cf85e2c44578a0664a44199,1,1
5cf85e4b44578a0664a8d2cd,1,1
5cf85e8144578a0664b037f9,1,1
5cf85e8f44578a0664b25552,2,2
5cf85ec244578a0664b9d273,1,1
5cf85f2b44578a0664c7f229,1,1
5cf85f3d44578a0664ca4dc7,1,2
5cf85ffe44578a0664e0dfc4,4,4
5cf8600844578a0664e1feee,1,1
5cf8600844578a0664e202a2,1,1
5cf8617144578a0664099136,4,4
5cf8622d44578a06642294e4,4,2
5cf8626844578a0664297152,1,2
5cf8629f44578a066431154b,4,4
5cf862ec44578a066439c4e8,2,2
5cf8638744578a06644a01a4,4,4
5cf8687044578a06645b0dfe,1,2
5cf8689744578a06645b19c2,5,2
5cf86b5944578a0664650671,1,1
5cf86bbb44578a0664685168,4,4
5cf86c2844578a06646fa03a,3,4
5cf86c3a44578a066471a262,4,3
5cf86c8544578a066474792e,2,2
5cf86c8544578a0664747e83,1,1
5cf86d4f44578a06647b80ab,1,1
5cf86df644578a0664845d81,2,1
5cf86e3344578a0664893cee,1,4
5cf86e5444578a06648d2a98,4,4
5cf86ead44578a0664962e62,4,4
5cf86eec44578a06649df6e5,1,1
5cf86ef944578a06649f8bfa,5,1
5cf86f7244578a0664ae40a1,2,2
5cf86fcf44578a0664b90566,1,1
5cf8718644578a0664cdb051,5,4
5cf871e244578a0664d6ec60,1,1
5cf871f444578a0664d8a577,5,4
5cf8721d44578a0664dc87ed,1,2
5cf8722044578a0664dcc8b7,1,1
5cf8722b44578a0664de4961,2,1
5cf8723a44578a0664e027ec,1,2
5cf8726244578a0664e54769,5,4
5cf8727944578a0664e7ff0c,1,2
5cf872cc44578a0664ee4685,4,4
5cf873db44578a06640576af,4,2
5cf8745944578a0664152c32,2,2
5cf8751d44578a066425382a,4,4
5cf8755c44578a06642bb8eb,2,2
5cf8757044578a06642e31d4,2,1
5cf8757944578a06642f6efe,1,2
5cf875d444578a06643af9fe,4,2
5cf8763244578a06644691bc,4,4
5cf8768144578a06645050b5,1,1
5cf8773344578a0664595309,2,2
5cf877a644578a06645dd390,1,1
5cf877fa44578a066465b277,1,1
5cf8783b44578a06646d6db7,4,4
5cf8788f44578a0664770f90,4,4
5cf878cb44578a06647ae3c0,4,2
5cf8793b44578a066483f27e,2,2
5cf8796444578a066485d730,1,1
5cf8798044578a0664880c6e,1,1
5cf8799944578a066488fd1a,2,1
5cf8799944578a0664890619,1,1
5cf879d744578a06648d3c97,1,1
5cf87a4c44578a066493302f,1,1
5cf87a6644578a066494c8ed,1,1
5cf87adf44578a06649c7c83,4,3
5cf87af444578a06649e4a07,1,2
5cf87bfa44578a0664aa74b5,2,1
5cf9264244578a0664bb0570,2,2
5cf9271d44578a0664bfd0bc,4,4
5cf9276744578a0664c53d83,1,1
5cf928b344578a0664db0598,4,4
5cf9290f44578a0664debd3a,4,4
5cf929a944578a0664e50415,1,1
5cf92a3b44578a0664eda722,4,1
5cf92b3b44578a0664f6902f,1,1
5cf92c2644578a066400020f,4,4
5cf92ca144578a066405b2bc,4,4
5cf92d4944578a06640e2249,1,1
5cf92e1944578a0664172c29,4,4
5cf92e1b44578a06641763df,4,4
5cf92f5344578a066428cd12,4,2
5cf92f8144578a06642c903e,1,1
5cf92f8544578a06642cf324,3,4
5cf9300344578a066433db05,2,1
5cf9300344578a066433db3c,1,1
5cf9302e44578a06643517f9,2,2
5cf9307244578a066438700e,5,1
5cf9326544578a06645c50b9,1,1
5cf9327444578a06645d743b,4,4
5cf932ae44578a066461bb41,4,4
5cf932e844578a0664661de2,2,4
5cf9652b44578a066469b574,1,1
5cf9658144578a0664727dec,5,2
5cf965ad44578a06647389c4,4,4
5cf965ca44578a06647442ef,4,2
5cf965f244578a0664771aa1,3,4
5cf965f444578a0664775d7a,4,4
5cf965fe44578a0664782b4c,3,3
5cf9661944578a066479fa6c,4,4
5cf9680c44578a066494d1df,2,2
5cf9682a44578a0664982910,4,1
5cf968b344578a0664a2bff0,1,4
5cf969b144578a0664a8a7aa,1,1
5cf969dc44578a0664abd5b8,5,2
5cf96a5a44578a0664ba5159,4,4
5cf96aaa44578a0664c431d3,1,2
5cf96b6644578a0664c7f1be,3,3
5cf96c2744578a0664cca54b,1,2
5cf96cb044578a0664ceb9ff,4,2
5cf96d3444578a0664d2e34b,3,2
5cf9701944578a0664ddfada,3,4
5cf9731c44578a0664fcd77b,4,4
5cf9732344578a0664fda290,5,4
5cf974ac44578a06640593f7,1,1
5cf974b444578a06640671a0,1,1
5cf974b744578a066406d58a,1,1
5cf9774c44578a066411b901,4,4
5cf979bc44578a066431b6a5,1,1
5cf97a5a44578a0664379963,4,4
5cf97aa244578a06643a02b8,4,4
5cf97b4f44578a06643e799d,1,1
5cf97cc444578a066452341b,4,4
5cf97cfb44578a066454b39b,1,2
5cf980e244578a06647a464b,1,1
5cf980e344578a06647a6b9d,1,2
5cf9813444578a066484af50,2,2
5cf9814144578a0664862716,2,2
5cf9817744578a06648c8978,1,1
5cf982cf44578a06649a45d5,1,1
5cf982db44578a06649acef5,4,4
5cf9836844578a06649da103,5,4
5cf983c044578a0664a16ffb,2,2
5cf983c644578a0664a24d83,2,1
5cf9863a44578a0664acac9f,2,2
5cf986ba44578a0664b320a9,2,1
5cf986e444578a0664b482a8,4,4
5cf9878044578a0664bcf827,1,1
5cf987a944578a0664c1fce6,1,1
5cf987e244578a0664c65d0f,1,1
5cf9880b44578a0664c9405f,5,4
5cf9881544578a0664c9e060,1,1
5cf9882644578a0664cc0bd1,4,4
5cf9888e44578a0664d6e693,4,4
5cf988f344578a0664dca327,4,2
5cf9890444578a0664ddfd4e,4,4
5cf98a4c44578a0664e9de93,5,4
5cf98a7044578a0664ec15dd,4,4
5cf98a8c44578a0664ef0bc8,1,1
5cf98b8a44578a0664f72dd0,1,1
5cf98b9344578a0664f7b606,3,4
5cf98c4344578a0664027fa2,2,4
5cf98d0044578a066414b179,4,1
5cf98df844578a0664252701,1,1
5cf98e0544578a0664263697,3,3
5cf98fff44578a066443629a,2,2
5cf9901b44578a066445d286,1,4
5cf9922a44578a06645ce0fa,4,4
5cf9924b44578a06645f24fe,1,4
5cf9927344578a06646177b7,4,2
5cf9929a44578a066462c3c3,4,3
5cf9940244578a066472f006,1,4
5cf995c744578a06647c2e03,1,1
5cf9963444578a06647f03f3,1,1
5cf9968e44578a066481e70f,3,4
5cf9970b44578a0664837a5e,2,1
5cf99bf544578a0664a06a33,1,1
5cf99d1544578a0664b00e72,2,2
5cf99d3244578a0664b2efa0,5,4
5cf99d4344578a0664b4f558,2,2
5cf99d7244578a0664b81910,1,1
5cf99d7d44578a0664b8a38d,3,2
5cf99dd944578a0664bbeeda,1,1
5cf99ef444578a0664c88915,1,1
5cf99f6c44578a0664cfdd91,4,4
5cf99fbe44578a0664d44df2,2,1
5cf99fff44578a0664d84024,3,4
5cf9a1d844578a0664efa835,1,1
5cf9a1e444578a0664f0c180,2,4
5cf9a2f844578a066403b6ce,3,4
5cf9a32244578a066405e204,4,4
5cf9a32544578a06640630a3,1,1
5cf9a37d44578a06640b24c7,4,4
5cf9a49b44578a066410cb51,3,4
5cf9a4a244578a066411096a,1,1
5cf9a5a144578a06641984d9,2,2
5cf9a5aa44578a06641a7a34,1,1
5cf9a70b44578a0664287833,4,4
5cf9a80b44578a066438101d,1,1
5cf9aa9344578a06644ec1c9,4,4
5cf9aaad44578a06644ffb07,4,2
5cf9aad144578a0664522df1,1,2
5cf9ab6444578a0664565837,4,4
5cf9ae4c44578a06646b3c9e,4,4
5cf9b05f44578a066477dad4,1,1
5cf9b23b44578a066482a709,1,2
5cf9b33b44578a06648b9430,1,1
5cf9b67e44578a0664a4b104,4,4
5cf9b72f44578a0664aaf9e5,5,4
5cf9b83544578a0664b51b12,1,1
5cf9b8d644578a0664bff0f8,3,2
5cf9ba5344578a0664ccd054,1,1
5cf9bab844578a0664cf9d89,1,1
5cf9bd4a44578a0664e25300,1,1
5cf9bdc744578a0664e4df26,1,1
5cf9bf1144578a0664ef084b,3,1
5cf9bfb944578a0664f4609e,4,4
5cf9c10144578a0664fc8d35,5,4
5cf9c19244578a06640030d9,3,2
5cf9c1cb44578a066401f1be,4,4
5cf9c1f744578a066403b1e7,1,1
5cf9c29f44578a06640595e5,4,4
5cf9c55b44578a06641fb7e3,4,4
5cf9c63444578a066427423c,2,2
5cf9c72544578a066435d398,4,4
5cf9c7a744578a06643d9d83,2,4
5cf9c7d944578a06643fa059,2,2
5cf9c84044578a066446b5cc,1,1
5cf9c92a44578a06644c9d17,4,4
5cf9cb8244578a06646c09aa,4,4
5cf9cbe344578a0664750bb8,4,4
5cf9cbf444578a0664768952,5,1
5cf9cc0144578a066477d557,2,1
5cf9ccbf44578a06647ee1fe,1,2
5cf9cd9c44578a06648a9587,1,1
5cf9ce5144578a0664905de5,1,1
5cf9cea744578a066494da78,3,3
5cf9cf5044578a06649805ce,4,4
5cf9cf8644578a0664995738,1,1
5cf9d06244578a0664a0fcf2,1,2
5cf9d0ca44578a0664a326e0,4,4
5cf9d1c144578a0664ab3c26,3,4
5cf9d25744578a0664ae0e15,4,4
5cf9d2f644578a0664b09a63,3,4
5cf9d30044578a0664b0fdf5,2,2
5cf9d37e44578a0664b65f42,4,4
5cf9d38544578a0664b69db3,3,4
5cfd419144578a0664b9b168,2,1
5cfd423044578a0664ba3332,4,4
5cfd463344578a0664c4ac6f,4,4
5cfd4a4544578a0664d9c56a,4,4
5cfd4b6a44578a0664e324b2,4,4
5cfd4c2644578a0664ec4ccc,1,1
5cfd4c3a44578a0664ed7696,1,1
5cfd4c6144578a0664f04237,4,2
5cfd4c6244578a0664f04f2c,5,1
5cfd4c8044578a0664f297d0,2,2
5cfd4d1f44578a0664f95c57,4,4
5cfd4e5644578a0664007b7f,1,2
5cfd4f6c44578a06640696ed,4,4
5cfd51bb44578a06640e0cd6,4,4
5cfd537e44578a066421d47e,4,4
5cfd538a44578a06642228a8,4,4
5cfd554144578a066426518a,5,4
5cfd584e44578a06643c6f8e,4,2
5cfd588244578a06643e9893,4,4
5cfd593944578a06644402dd,5,4
5cfd5b1144578a0664485317,1,1
5cfd5b2544578a06644a308c,1,1
5cfd5bc744578a0664512adb,1,2
5cfd5cca44578a06645a10ed,2,1
5cfd5e8e44578a066467af80,4,4
5cfd5fe944578a066474ccbd,4,4
5cfd610d44578a06647c3d6b,2,4
5cfd616d44578a066480b089,4,2
5cfd617e44578a0664811b7f,2,4
5cfd618244578a0664815aca,2,2
5cfd627244578a06648a47d0,1,1
5cfd655344578a06649dae2b,5,4
5cfd655a44578a06649e2ed8,2,1
5cfd65cd44578a0664a47f8b,1,1
5cfd65d644578a0664a4dfb3,2,4
5cfd65f144578a0664a7561a,4,4
5cfd678944578a0664b2f2ba,4,4
5cfd679144578a0664b3c2d0,4,4
5cfd67c944578a0664b78765,4,4
5cfd69aa44578a0664c676b3,1,1
5cfd6cf344578a0664de0bb1,4,4
5cff002744578a0664e915c5,4,4
5cff030644578a0664f3caa6,1,1
5cff046944578a0664f9ba6e,4,4
5cff04d444578a0664fb864c,4,4
5cff051d44578a0664fcbf89,4,4
5cff06c044578a0664031704,4,4
5d0995cd44578a00e05888bd,3,1
5d0996f744578a00e05ccf8a,4,4
5d0998f544578a00e068d992,4,4
5d099a9b44578a00e0789932,2,4
5d099d2744578a00e08b4bee,1,1
5d099fca44578a00e0942c39,2,2
5d09a0f044578a00e0997cae,1,1
5d09a16b44578a00e09cc3a4,1,1
5d09a26a44578a00e0a7446f,4,4
5d09aa2244578a00e0cd2588,2,2
5d09aa6444578a00e0cf206a,2,2
5d09aa7a44578a00e0d05d8c,1,1
5d09aaa544578a00e0d28dd4,4,4
5d09ab5f44578a00e0d8f40c,1,4
5d09ab9f44578a00e0dafa8c,4,4
5d09ae8544578a00e0f7bca8,4,4
5d09ae9e44578a00e0fa847b,4,4
5d09aea644578a00e0fb0c4c,2,2
5d09af2144578a00e004fc9b,1,1
5d09b03d44578a00e0148c74,1,2
5d09b10d44578a00e027d55b,1,2
5d09b12244578a00e02a5702,2,2
5d09b13d44578a00e02d68e7,2,4
5d09b1f344578a00e041d806,2,2
5d09b1f544578a00e0422170,1,1
5d09b22544578a00e046f872,2,2
5d09b35644578a00e06222bc,4,3
5d09b38e44578a00e068062f,2,2
5d09b3aa44578a00e06af371,1,1
5d09b3cd44578a00e06ecb43,2,1
5d09b43c44578a00e07783ee,2,2
5d09b46944578a00e07ae3c2,1,1
5d09b61644578a00e08ddc9a,2,4
5d09ba5b44578a00e0a2f98b,2,2
5d09bb1944578a00e0abfdda,1,1
5d09bb5f44578a00e0b1abb7,1,1
5d09bb9244578a00e0b4cf55,1,1
5d09be9c44578a00e0dc92d3,1,1
5d09bed144578a00e0dfe987,4,4
5d09bf0544578a00e0e29989,2,2
5d09c05144578a00e0eac59e,1,1
5d09c1f044578a00e0f3f77b,1,1
5d09c31044578a00e0fd8b2c,2,1
5d09c4e944578a00e011aef2,1,1
5d09c82d44578a00e0262159,4,4
5d09cf6544578a00e05eac87,2,4
5d09d09544578a00e0669c37,2,2
5d09d15344578a00e06da562,2,2
5d09d37444578a00e0789141,3,3
5d09d39d44578a00e07af70d,4,4
5d09d51144578a00e0817448,3,4
5d09d51344578a00e0819841,4,4
5d09d66244578a00e0865c88,1,1
5d09d95544578a00e09f4366,4,1
5d09dc0944578a00e0c0cb7d,1,1
5d09dc1744578a00e0c1ee7e,1,1
5d09ddd844578a00e0d0a90c,4,4
5d09de7d44578a00e0d892a2,4,4
5d09de8144578a00e0d91cff,4,4
5d09df8044578a00e0e36a72,1,1
5d09dfa544578a00e0e650eb,4,4
5d09e00444578a00e0ee1dd5,4,2
5d09e0b044578a00e0f676d2,1,1
5d09e2ed44578a00e007af10,2,1
5d09e32444578a00e00d03cd,4,2
5d09e48144578a00e0171622,1,4
5d09e4bb44578a00e0189523,2,2
5d09e57e44578a00e01f7cbf,4,4
5d09e65f44578a00e0220cff,1,1
5d09e84e44578a00e03fdee5,4,4
5d09e96744578a00e04ac80f,4,4
5d09eab244578a00e04f2a55,1,1
5d09eaf444578a00e0512ecc,2,2
5d09eb1a44578a00e0533126,1,1
5d09ed4f44578a00e05ad0b6,1,1
5d09eddf44578a00e0603cbf,3,4
5d09ef4844578a00e06990e5,2,2
5d09f0b144578a00e070523f,3,3
5d09f0b144578a00e0706810,1,1
5d09f17744578a00e07bd64d,4,4
5d09f21b44578a00e0809d52,2,2
5d09f27344578a00e0820278,4,2
5d09f28444578a00e08311d2,4,4
5d09f28544578a00e0832cac,2,2
5d09f2ff44578a00e0885899,4,4
5d09faca44578a00e0ae3f05,3,4
5d09fb8f44578a00e0b1f94a,4,4
5d09fc8444578a00e0bc8751,1,1
5d09fce544578a00e0bfe4de,4,4
5d09fe5744578a00e0c9af40,4,4
5d0a060044578a00e0121ad2,2,2
5d0a062d44578a00e013b93f,4,4
5d0a063444578a00e0146bca,1,2
5d0a06eb44578a00e0244128,2,2
5d0a07db44578a00e02fb9cb,4,4
5d0a085f44578a00e03812c0,1,1
5d0a0a8e44578a00e04fe3a4,4,4
5d0a0ac944578a00e0528f93,1,1
5d0a0ad344578a00e052cce5,2,2
5d0a0ad444578a00e052dc04,1,1
5d0a0bb544578a00e060dc98,4,4
5d0a0cc344578a00e0712cbc,4,4
5d0a0d6d44578a00e0817dbd,4,4
5d0a0dce44578a00e089f288,4,2
5d0a0ddf44578a00e08a97c0,2,2
5d0a0e4844578a00e08f2731,4,4
5d0a0e7a44578a00e09106fd,1,1
5d0a0fe844578a00e096245c,4,4
5d0a114944578a00e09e34a1,2,2
5d0d6fd544578a0ea45b8f0a,1,1
5d0d761f44578a0ea46217c9,1,2
5d0d779044578a0ea468dc30,1,1
5d0d783444578a0ea47085b5,4,4
5d0d78dd44578a0ea47c6695,4,4
5d0d790644578a0ea47f0d6e,1,2
5d0d797944578a0ea48683b5,1,1
5d0d7f3544578a0ea4a5608f,1,1
5d0d7f4544578a0ea4a5c372,1,2
5d0d804e44578a0ea4ac8682,1,1
5d0d830544578a0ea4ba1642,2,2
5d0d836c44578a0ea4c1a91c,1,1
5d0d836f44578a0ea4c212f5,3,1
5d0d838b44578a0ea4c493f4,2,1
5d0d86da44578a0ea4cd9f9d,1,2
5d0d899744578a0ea4e6c54d,2,2
5d0d8af444578a0ea4006a2f,1,1
5d0d8b3044578a0ea4036847,1,4
5d0d8c2a44578a0ea40ec414,1,1
5d0d8c3344578a0ea40ef21c,2,2
5d0d8d4944578a0ea423e878,1,1
5d0d8e4844578a0ea430e38a,2,4
5d0d8f5044578a0ea4488cef,2,4
5d0d8f6644578a0ea44b4952,4,4
5d0d8fa744578a0ea453e880,2,2
5d0d905044578a0ea464d8ca,3,4
5d0d907144578a0ea4680121,1,1
5d0d908644578a0ea46abad1,1,4
5d0d909444578a0ea46b3d6f,4,4
5d0d90c144578a0ea4706d84,3,4
5d0d90c244578a0ea4709547,1,1
5d0d90c644578a0ea470de64,1,4
5d0d912a44578a0ea47b9028,1,4
5d0d91ad44578a0ea4883dd3,1,1
5d0d91b244578a0ea488ef53,1,1
5d0d920344578a0ea490a8a4,1,1
5d0d920544578a0ea490e260,1,2
5d0d922544578a0ea495635a,3,4
5d0d926644578a0ea49afc79,4,4
5d0d92bc44578a0ea4a42db8,2,1
5d0d931744578a0ea4abf32c,4,4
5d0d934144578a0ea4af858a,1,1
5d0d941744578a0ea4c66027,1,1
5d0d942944578a0ea4c8f940,1,1
5d0d95c844578a0ea4dc316f,4,4
5d0d967d44578a0ea4e0b122,3,4
5d0d970044578a0ea4ed1b9c,4,4
5d0d977744578a0ea4f56cb0,1,2
5d0d978b44578a0ea4f7a374,2,2
5d0d97d344578a0ea4ffbb4a,1,2
5d0d98ab44578a0ea41496e8,1,1
5d0d9a4244578a0ea4317ddd,4,4
5d0d9aea44578a0ea4417fc4,1,2
5d0d9b4144578a0ea44abd17,1,4
5d0d9b9444578a0ea455c2ce,3,4
5d0d9bad44578a0ea45929d1,4,4
5d0d9dd644578a0ea466d646,5,4
5d0d9ee944578a0ea46f8ea1,1,1
5d0da02444578a0ea47e362f,2,2
5d0da0e444578a0ea481ef38,4,4
5d0da17a44578a0ea4857e27,4,4
5d0da41444578a0ea49b6586,1,2
5d0da41744578a0ea49b94ce,2,2
5d0da43244578a0ea49d81c8,1,4
5d0da44244578a0ea49ea751,4,4
5d0da55b44578a0ea4ab8b97,3,4
5d0da56444578a0ea4ac287c,1,2
5d0da66944578a0ea4b9963b,3,4
5d0da6cb44578a0ea4c0c60e,1,1
5d0da6e644578a0ea4c2c942,1,1
5d0da72144578a0ea4c729c2,4,2
5d0da9a944578a0ea4f048ba,1,2
5d0da9b944578a0ea4f1b1a4,2,2
5d0daa6544578a0ea4f7a150,1,1
5d0daa7d44578a0ea4f8e2bf,1,4
5d0daaca44578a0ea4fa530f,1,1
5d0dab6f44578a0ea4ffb009,1,2
5d0dac7a44578a0ea40fb5c7,4,4
5d0dacc644578a0ea415242e,1,1
5d0dad6744578a0ea41e4890,1,1
5d0dae4e44578a0ea4252639,4,4
5d0daf4a44578a0ea433fe3f,1,2
5d0db0a744578a0ea44bc3ed,1,1
5d0db0df44578a0ea4509d91,1,1
5d0db11944578a0ea455d4c7,4,4
5d0db16244578a0ea45c80d1,2,2
5d0db17b44578a0ea45e5033,4,4
5d0db1a144578a0ea461837d,4,4
5d0db1f944578a0ea468f2c2,4,4
5d0db1fe44578a0ea4697145,1,2
5d0db31944578a0ea47f9f67,1,1
5d0db32244578a0ea4808801,4,4
5d0db35744578a0ea484d385,5,4
5d0db3d144578a0ea48dfca8,4,4
5d0db40a44578a0ea4929164,2,2
5d0db5be44578a0ea4af3cbb,1,1
5d0db5dd44578a0ea4b1c19b,2,2
5d0db69744578a0ea4c10c53,1,1
5d0db6b044578a0ea4c34177,1,1
5d0db76e44578a0ea4c9e112,1,1
5d0db79044578a0ea4cb18e2,4,4
5d0db7c644578a0ea4cd11bd,1,1
5d0db84e44578a0ea4d7a961,1,2
5d0db86b44578a0ea4d9ff91,1,2
5d0db9c044578a0ea4ed0807,2,2
5d0dba1544578a0ea4f33e9e,1,4
5d0dbbfd44578a0ea407031c,1,4
5d0dbc0644578a0ea407a350,1,1
5d0dbcb544578a0ea412e16a,1,1
5d0dbe1444578a0ea4223cdd,5,4
5d0dbe8244578a0ea42733a7,3,4
5d0dbec344578a0ea42f57ec,1,2
5d0dbed744578a0ea431c258,4,4
5d0dbf6b44578a0ea43f5fe3,1,2
5d0dbf9744578a0ea443e740,4,4
5d0dbfef44578a0ea44f00eb,2,4
5d0dc0a444578a0ea4639cc8,1,2
5d0dc0b944578a0ea466301f,1,2
5d0dc12a44578a0ea46dd429,2,2
5d0dc26844578a0ea4822f53,4,4
5d0dc2e244578a0ea48b5b7d,2,2
5d0dc2f344578a0ea48d8fb1,1,2
5d0dc34344578a0ea49670cd,1,1
5d0dc36544578a0ea49ab7cc,4,4
5d0dc39b44578a0ea49eea24,2,4
5d0dc3ec44578a0ea4a5c4d9,4,4
5d0dc41a44578a0ea4a9b0c0,1,1
5d0dc51244578a0ea4bfdb52,1,1
5d0dc52a44578a0ea4c25ef5,4,4
5d0dc56744578a0ea4c947d7,1,1
5d0dc5ac44578a0ea4cf27b2,2,2
5d0dc62444578a0ea4da9d8a,2,1
5d0dc6c444578a0ea4ead4f8,4,4
5d0dc6eb44578a0ea4eec9b0,1,1
5d0dc71344578a0ea4f2449d,1,1
5d0dc85944578a0ea404e5f6,4,4
5d0dc91944578a0ea41ac7d0,1,1
5d0dc99644578a0ea429d0e2,4,4
5d0dc99c44578a0ea42a89d7,1,1
5d0dca0644578a0ea434bdce,5,4
5d0dca4b44578a0ea43b9dc4,1,1
5d0dcbec44578a0ea45be6d3,4,4
5d0dcc5e44578a0ea4665f28,4,4
5d0dcca944578a0ea46ed65a,1,2
5d0dcd8244578a0ea477bc3c,4,4
5d0dcebd44578a0ea48dd2f7,4,4
5d0dcf5144578a0ea49781e4,4,4
5d0dcfbb44578a0ea4a26512,1,1
5d0dcfdd44578a0ea4a4ffea,1,1
5d0dd07044578a0ea4b4f71c,4,4
5d0dd08744578a0ea4b70670,4,4
5d0dd0df44578a0ea4c19852,3,4
5d0dd0e344578a0ea4c20d2a,2,2
5d0dd11144578a0ea4c76bc5,1,1
5d0dd18644578a0ea4d72c80,2,2
5d0dd19744578a0ea4d97176,4,4
5d0dd19944578a0ea4d9d31c,1,1
5d0dd24c44578a0ea4ea659e,2,2
5d0dd29444578a0ea4f3e299,1,1
5d0dd33844578a0ea409c819,1,1
5d0dd35b44578a0ea40e536d,1,4
5d0dd3f744578a0ea41f5f6c,4,4
5d0dd5b444578a0ea4512cbd,1,1
5d0dd66444578a0ea467305e,1,2
5d0dd69d44578a0ea46d6beb,1,4
5d0dd6d944578a0ea4750504,1,1
5d0dd6dc44578a0ea4756fa7,4,1
5d0dd6e144578a0ea47626e4,1,1
5d0dd72f44578a0ea47bfddd,2,4
5d0dd76644578a0ea48386e8,4,4
5d0dd76b44578a0ea4844926,1,1
5d0dd7d644578a0ea48bbd50,1,1
5d0dd83f44578a0ea493d460,1,2
5d0dd8db44578a0ea4a1c459,4,4
5d0dd97d44578a0ea4b32082,4,4
5d0dda7044578a0ea4ce85bd,5,4
5d0dda9144578a0ea4d2aed8,1,2
5d0ddac944578a0ea4da1c32,1,1
5d0ddb5e44578a0ea4dfea08,1,2
5d0ddbba44578a0ea4e7d295,1,4
5d0ddc0944578a0ea4eccf5b,2,2
5d0ddc3744578a0ea4f2ead6,2,2
5d0ddc3f44578a0ea4f412c6,1,1
5d0ddc8544578a0ea4f987cb,4,4
5d0ddd2844578a0ea40a7239,1,2
5d0ddd7444578a0ea414c4f8,1,2
5d0dddb744578a0ea41cdc72,1,4
5d0dddef44578a0ea42419d7,4,4
5d0ddefa44578a0ea4426d72,4,4
5d0ddf3b44578a0ea44757b4,1,4
5d0ddfa844578a0ea44a5c6f,1,1
5d0de08f44578a0ea451f1b2,1,2
5d0de0f644578a0ea459d727,2,2
5d0de10744578a0ea45c1154,1,1
5d0de16a44578a0ea461912d,4,4
5d0de4c044578a0ea471889f,1,4
5d0de57044578a0ea48676ee,3,3
5d0de65744578a0ea4890445,1,1
5d0de68a44578a0ea48f19a7,5,4
5d0de78d44578a0ea497a20e,1,1
5d0de7cf44578a0ea49f9d98,1,2
5d0de7d944578a0ea4a0fd07,1,1
5d0de8dd44578a0ea4b7cd98,4,4
5d0de98644578a0ea4be2bd7,1,1
5d0dea1244578a0ea4c81b6a,4,4
5d0dea4c44578a0ea4ccfd51,4,4
5d0dea7444578a0ea4d065e8,1,2
5d0deab744578a0ea4d39f59,4,4
5d0dec4444578a0ea4f51488,4,2
5d0dec4f44578a0ea4f69988,1,1
5d0dec8b44578a0ea4fe5fbd,1,1
5d0deccb44578a0ea4054e8c,1,1
5d0ded4144578a0ea4156aec,1,1
5d0dedb144578a0ea41facb3,1,1
5d0def1a44578a0ea4455dcc,2,4
5d0deff144578a0ea45d626a,3,4
5d0df03144578a0ea46594c1,2,2
5d0df08944578a0ea470eac4,4,4
5d0df0c644578a0ea478c173,1,1
5d0df14344578a0ea489a5f9,1,1
5d0df28744578a0ea4a06625,1,2
5d0df3ff44578a0ea4b24dba,1,1
5d0df4bc44578a0ea4c7f36e,1,1
5d0df59b44578a0ea4dc885a,1,1
5d0df59c44578a0ea4dcabc0,4,2
5d0df5c444578a0ea4e16589,1,4
5d0df66c44578a0ea4f7c855,1,1
5d0df68b44578a0ea4fbe334,4,2
5d0df6bd44578a0ea402a522,2,2
5d0df70f44578a0ea40dbccd,2,2
5d0df72a44578a0ea410fee9,1,4
5d0df72f44578a0ea4119c16,4,4
5d0df76444578a0ea418af29,1,1
5d0df77844578a0ea41b7901,4,4
5d0df79544578a0ea41f06fb,1,1
5d0df7a444578a0ea420b8e4,1,1
5d0df7d844578a0ea4273227,3,3
5d0df80d44578a0ea42da45c,2,2
5d0df81444578a0ea42e7afa,1,4
5d0df86644578a0ea43821d5,1,1
5d0df88844578a0ea43c66f8,4,4
5d0df8b444578a0ea441f260,1,1
5d0dfa2644578a0ea458196e,2,2
5d0dfa3544578a0ea45993cc,4,4
5d0dfa9c44578a0ea460bbd9,2,4
5d0dfabf44578a0ea46452a6,1,1
5d0dfbb744578a0ea4710866,1,1
5d0dfbc244578a0ea471fbb4,4,2
5d0dfd2144578a0ea47eea98,1,1
5d0dfd3144578a0ea47fc38a,4,1
5d0dfd3144578a0ea47fcac7,1,1
5d0dfd9c44578a0ea48239d8,3,3
5d0dfdbe44578a0ea4850af0,1,1
5d0dfdfa44578a0ea48acd4f,1,1
5d0dfef944578a0ea495e458,2,2
5d0dff4d44578a0ea4989c89,4,4
5d0ea0be44578a148055bfe1,3,4
5d0ea1cf44578a14805da8d7,4,4
5d0ea21744578a14805fd8cc,2,2
5d0ea32f44578a148068d9c6,4,4
5d0ea39244578a14806bf7e5,1,1
5d0ea4c644578a14807580cb,1,4
5d0ea4fd44578a148077055e,1,1
5d0ea58d44578a14807bef9f,2,2
5d0ea62644578a1480847418,1,1
5d0ea65344578a148087083b,1,2
5d0ea69344578a14808aa8ce,1,2
5d0ea6ad44578a14808c1cfd,1,1
5d0ea6d344578a14808e5471,1,1
5d0ea7dd44578a14809d8164,4,4
5d0ea80844578a14809ff413,2,2
5d0ea80b44578a1480a01642,2,2
5d0ea92844578a1480b0778e,3,4
5d0ea95044578a1480b2be91,1,1
5d0ea9c244578a1480b91c79,4,4
5d0eaae144578a1480c69f00,1,1
5d0eabdb44578a1480d58440,4,4
5d0eac4044578a1480dbdcc1,2,2
5d0eac7944578a1480df98c9,4,4
5d0eada544578a1480f15830,3,4
5d0eadbd44578a1480f2faa1,1,1
5d0eae9d44578a1480ff38d4,1,1
5d0eaf3f44578a14800996a8,1,1
5d0eaf5644578a14800b1d6a,1,2
5d0eb09244578a14802125f1,3,3
5d0eb1c044578a148031d063,1,1
5d0eb1d444578a148032f9b7,2,4
5d0eb24844578a1480382713,1,2
5d0eb2b544578a14803acd3e,1,1
5d0eb4ac44578a148056e80e,1,5
5d0eb57944578a14806700dd,1,1
5d0eb5d544578a14806e7a1a,3,2
5d0eb62a44578a1480763ce3,2,2
5d0eb6c044578a148082aad9,4,4
5d0eb6e244578a1480861253,1,2
5d0eb6f144578a148087715d,2,1
5d0eb7ca44578a148095fac8,1,1
5d0eb7eb44578a148099e4b4,2,2
5d0eb80744578a14809c2e8f,1,1
5d0eb88a44578a1480a8ea84,1,1
5d0eb88e44578a1480a97ef3,1,2
5d0eb8a344578a1480aba423,2,4
5d0eb8e044578a1480ae674d,2,2
5d0eb90344578a1480b17dd0,4,4
5d0eb90644578a1480b1e82c,1,1
5d0eb90a44578a1480b26634,2,2
5d0eba4d44578a1480d2b9ca,1,1
5d0ebcab44578a1480f7ccb1,4,4
5d0ebcd144578a1480fbde12,4,2
5d0ebcef44578a1480fe4fb8,4,4
5d0ebd1744578a1480028531,1,1
5d0ebd4444578a148005bc7d,1,1
5d0ebd9444578a14800ce4f1,4,2
5d0ebdbd44578a148010dd29,2,1
5d0ebde744578a148015de38,1,4
5d0ebe0444578a14801849be,4,4
5d0ebebb44578a148026bd08,1,2
5d0ebede44578a14802ac647,2,4
5d0ebf3a44578a1480320cd1,2,4
5d0ebf6344578a14803326bf,3,4
5d0ec01344578a14804387f3,1,1
5d0ec01644578a148043d006,1,1
5d0ec04d44578a1480493ddb,1,4
5d0ec0af44578a1480519ab7,2,2
5d0ec0bb44578a1480525c26,1,1
5d0ec0fb44578a148059426f,2,2
5d0ec17444578a148064b084,2,2
5d0ec1c044578a148068551a,4,4
5d0ec1ee44578a14806bc9b2,4,4
5d0ec1fa44578a14806c190e,2,4
5d0ec21344578a14806e3b89,1,1
5d0ec24544578a14807317b9,2,2
5d0ec2e844578a14807fb54c,4,4
5d0ec33c44578a1480861d69,2,2
5d0ec36644578a148089fb12,2,2
5d0ec38444578a14808cce44,4,4
5d0ec3ab44578a148090a972,1,1
5d0ec42a44578a148095f8d5,1,1
5d0ec5bb44578a14809c94c9,4,4
5d0ec61344578a1480a2b3ab,1,1
5d0ec67644578a1480ab0340,4,4
5d0ec69144578a1480adc0a6,1,4
5d0ec6f844578a1480b68a33,4,4
5d0ec73e44578a1480bd59e6,4,4
5d0ec79844578a1480c634c3,1,1
5d0ec81344578a1480d21127,4,4
5d0ec81f44578a1480d34005,2,2
5d0ec93144578a1480e6d568,1,1
5d0ec94744578a1480e79a80,4,4
5d0ec98344578a1480ea59be,1,1
5d0ec99644578a1480ec3658,1,1
5d0ec99844578a1480ec6dbe,5,4
5d0ec9a944578a1480ee10cd,1,1
5d0ec9b544578a1480ef58a5,1,2
5d0ecaff44578a14800e32e0,1,1
5d0ecb1e44578a148010f78f,2,2
5d0ecb3844578a1480138e1d,1,2
5d0ecbc444578a1480196bb7,3,4
5d0ecc8944578a14802a7d63,4,4
5d0ecca844578a14802dcd34,4,4
5d0eccc744578a148030344b,2,4
5d0ecd1644578a148038bc30,1,4
5d0ecd3644578a14803c9d33,4,4
5d0ecd7644578a1480450a6e,1,2
5d0ecd8344578a14804695ef,1,1
5d0ecd9144578a1480487a26,1,1
5d0ece5644578a14804bdb1f,1,1
5d0ecee844578a1480512672,1,1
5d0ecf7f44578a14805683d5,4,4
5d0ed06e44578a1480608497,4,4
5d0ed0e344578a14806cc6ce,2,2
5d0ed0f144578a14806e5c4a,1,1
5d0ed2a844578a148081f032,4,4
5d0ed2bd44578a148084a9b8,1,1
5d0ed30244578a14808bb978,1,1
5d0ed39a44578a148090c711,4,4
5d0ed54344578a14809a7fd6,2,1
5d0ed63744578a1480ad1ac5,2,1
5d0ed6a544578a1480b68e4e,1,1
5d0ed6b744578a1480b8c1d5,1,1
5d0ed70d44578a1480be25a5,2,2
5d0ed71844578a1480bf6d87,1,1
5d0ed72444578a1480c0f825,1,2
5d0ed7ad44578a1480cfff53,4,4
5d0ed7d944578a1480d391d9,4,4
5d0ed7f644578a1480d6496e,3,4
5d0ed8f544578a1480e5800f,2,2
5d0ed90e44578a1480e790cd,1,1
5d0ed93844578a1480ec635e,4,4
5d0ed93a44578a1480ec92aa,2,2
5d0eda5e44578a148001a581,2,1
5d0eda8544578a1480068982,1,1
5d0edaa344578a14800a36c9,2,2
5d0edb8844578a148019fb25,2,2
5d0edbbd44578a14801ba55d,4,4
5d0edc5044578a14801daf12,1,1
5d0edda044578a14803723d6,1,1
5d0eddb244578a148039099d,1,1
5d0edde044578a14803ddb0b,2,2
5d0ede5c44578a148040d4fc,1,2
5d0ede5c44578a148040d9ef,1,1
5d0eded044578a148048a9e2,2,2
5d0edf0444578a14804d0790,2,4
5d0edf2044578a14804fd8d6,1,1
5d0edf3844578a148052adab,1,2
5d0edf5444578a148053e5a1,1,2
5d0edf8744578a148057fbb6,1,1
5d0edfad44578a14805960f7,2,4
5d0edfc244578a14805b822a,4,4
5d0ee01044578a1480647c06,4,4
5d0ee04a44578a14806a6578,1,1
5d0ee0fa44578a148078308d,4,4
5d0ee27d44578a1480992315,3,4
5d0ee28444578a14809a2042,1,4
5d0ee2b144578a14809ff32e,2,2
5d0ee3f444578a1480ae7855,4,4
5d0ee49b44578a1480be9a96,2,2
5d0ee4e844578a1480c78bb7,2,4
5d0ee4fa44578a1480c9cf03,2,2
5d0ee55344578a1480d25672,1,1
5d0ee56544578a1480d48a51,5,4
5d0ee59444578a1480da125e,4,4
5d0ee5f044578a1480e37613,4,2
5d0ee5f744578a1480e45a5c,4,4
5d0ee66e44578a1480efcd11,1,1
5d0ee7e944578a1480f85c71,2,4
5d0ee91244578a1480066357,1,1
5d0ee95344578a14800af0bc,1,1
5d0ee9d644578a1480153492,1,4
5d0ee9ee44578a1480181104,2,2
5d0eea5c44578a14801c7fca,1,1
5d0eeabd44578a14801e36fd,4,2
5d0eeaea44578a148022ce96,4,4
5d0eebaa44578a1480371718,1,1
5d0eebf544578a1480408006,2,2
5d0ef20944578a1480607c53,4,2
5d0ef27544578a14806cf4f1,1,1
5d0ef2d144578a1480751c53,1,1
5d0ef2e644578a148077aee6,4,4
5d0ef2fc44578a14807a9199,4,4
5d0ef37044578a1480883e01,2,2
5d0ef39e44578a14808e05d3,1,2
5d0ef3c344578a148092317d,2,1
5d0ef3f544578a1480989ecc,1,1
5d0ef53144578a1480baa854,1,4
5d0ef54344578a1480bcb95e,1,1
5d0ef67344578a1480de2711,2,2
5d0ef6d244578a1480e845a6,1,2
5d0ef74444578a1480f333b7,4,4
5d0ef75244578a1480f4efc2,1,1
5d0ef75244578a1480f4fe2b,1,1
5d0ef7c544578a1480fee221,2,1
5d0ef7ea44578a148002bede,2,1
5d0ef83d44578a14800c4bd5,1,1
5d0ef85644578a14800f0873,2,4
5d0ef85c44578a14800fbc55,1,1
5d0ef8b244578a1480181a64,1,1
5d0ef8cd44578a14801b7d1b,1,4
5d0ef8e044578a14801ddc86,1,1
5d0ef96f44578a14802b1c1d,2,2
5d0ef9fa44578a148037177f,4,4
5d0efccd44578a1480579895,4,4
5d0efd5144578a148063cdc6,1,1
5d0efdb144578a14806b461f,2,4
5d0efe2b44578a1480708542,1,2
5d0efe7b44578a1480785732,1,1
5d0efe9d44578a14807b2e0a,4,4
5d0efed744578a14808033b0,1,1
5d0efeda44578a148080a0d3,1,1
5d0eff1344578a148085a649,5,1
5d0eff1e44578a148086e42d,1,1
5d0efff744578a14809bb51a,1,1
5d0f006444578a1480a7ac79,1,1
5d0f014444578a1480b92f75,2,2
5d0f023744578a1480cc15e6,2,1
5d0faf6244578a1480da4d42,4,4
5d0faf7344578a1480db349d,1,1
5d0fafd244578a1480df18bd,1,1
5d0fafe344578a1480e03990,4,4
5d0fb03b44578a1480e55f56,1,2
5d0fb07e44578a1480e955c5,4,4
5d0fb0de44578a1480ef32f5,2,2
5d0fb0fc44578a1480f09226,1,1
5d0fb16644578a1480f860fc,3,4
5d0fb22b44578a1480fb63c1,4,4
5d0fb27844578a1480fe2d8d,4,4
5d0fb44544578a14800c52a6,4,4
5d0fb4ab44578a1480111c38,4,2
5d0fb4f444578a148014fd6b,1,1
5d0fb52044578a148018025c,4,3
5d0fb55744578a14801bda21,4,4
5d0fb59f44578a148020cac4,1,1
5d0fb59f44578a148020d0fe,1,1
5d0fb5bf44578a148023105c,1,1
5d0fb5df44578a1480255079,1,1
5d0fb5f444578a148026df15,2,1
5d0fbae444578a148038731b,2,4
5d0fccaa44578a1e144a14f0,4,4
5d0fcea444578a1e144fb8a5,5,2
5d0fcf1d44578a1e1451c90e,1,1
5d0fcf4744578a1e1452afcc,1,1
5d0fcf5444578a1e14532edd,1,1
5d0fd0cb44578a1e145fce12,4,4
5d0fd17a44578a1e1463982a,1,1
5d0fd20e44578a1e146cb67a,4,4
5d0fd21144578a1e146cf70c,3,3
5d0fd2ab44578a1e14786f59,1,2
5d0fd2f044578a1e147d1f7f,4,2
5d0fefa844578a0ddc2e363d,4,4
5d0ff02e44578a0ddc2fbaae,4,4
5d0ff12244578a0ddc321592,1,2
5d0ff22744578a0ddc34cc13,2,1
5d0ff49644578a0ddc44fc94,3,1
5d0ff79044578a0ddc6476c0,1,1
5d0ff7c844578a0ddc675cd8,1,4
5d0ff86e44578a0ddc70b9f0,2,4
5d0ff8c244578a0ddc74a3a0,4,4
5d0ff8cd44578a0ddc752a44,1,1
5d0ff8ed44578a0ddc76634f,4,2
5d0ffa0444578a0ddc82f731,1,1
5d0ffa6144578a0ddc87bdcd,4,4
5d101e9044578a0ddc92c197,1,1
5d101ea744578a0ddc92f2a3,4,4
5d10224844578a0ddc9d44cb,1,1
5d1022e244578a0ddca0db3f,4,4
5d10241144578a0ddca75bb0,4,4
5d10249944578a0ddcab522e,1,4
5d1024c544578a0ddcacaa16,1,4
5d1024ec44578a0ddcadaeae,4,4
5d1024ed44578a0ddcadaf83,1,1
5d10250344578a0ddcae3ba9,4,4
5d10252c44578a0ddcaf49a0,4,2
5d10259244578a0ddcb1ecfd,1,1
5d10261344578a0ddcb4b4ed,1,1
5d10261544578a0ddcb4bed4,1,1
5d10277c44578a0ddcbe34fc,2,2
5d102cd744578a0ddcd54395,4,2
5d102e6344578a0ddcdcf3fa,1,1
5d102e6e44578a0ddcdd4747,1,1
5d102f3444578a0ddce134ed,1,4
5d1031e144578a0ddcef0945,1,1
5d1031fb44578a0ddcef9748,1,1
5d10345344578a0ddcfca2d3,1,1
5d10363244578a0ddc0ae2cc,2,2
5d1037ce44578a0ddc195dbe,1,2
5d10398044578a0ddc292f9e,4,4
5d103a3144578a0ddc2f2a5a,4,2
5d103a3a44578a0ddc2f79b4,4,2
5d103a6544578a0ddc311658,4,4
5d103a9244578a0ddc329177,2,2
5d103b0644578a0ddc365e32,1,1
5d103bd944578a0ddc3ce44f,1,1
5d103ced44578a0ddc4541eb,4,4
5d103daa44578a0ddc4b207c,4,2
5d103dbb44578a0ddc4b9f1f,1,1
5d103e2b44578a0ddc4f0e13,4,4
5d103f4444578a0ddc576776,1,4
5d103fd444578a0ddc5b85c3,1,1
5d10407844578a0ddc611a39,1,1
5d10419e44578a0ddc6ec47c,1,1
5d10426744578a0ddc7989b5,1,1
5d10438b44578a0ddc8ccfcd,4,4
5d1043a244578a0ddc8df1df,1,1
5d1043f544578a0ddc93a153,4,4
5d10445344578a0ddc99f768,4,2
5d1044fe44578a0ddca7024e,4,2
5d10451744578a0ddca91083,4,4
5d10454744578a0ddcace8e3,4,2
5d10474544578a0ddccb8608,4,4
5d10475144578a0ddccc3bcc,1,1
5d1047f444578a0ddcd3b2b8,1,1
5d10494844578a0ddce7da31,1,1
5d1186b244578a0ddc037bb6,5,4
5d118a0344578a0ddc1b8cfb,3,3
5d118a6d44578a0ddc1f30b1,2,2
5d118a8b44578a0ddc200a08,1,1
5d118b1144578a0ddc2415d8,1,1
5d118b8a44578a0ddc27aba0,1,1
5d118d2d44578a0ddc38222a,1,1
5d118d4044578a0ddc3a352f,1,1
5d118de044578a0ddc44e3a8,4,4
5d118e5144578a0ddc4c9e5c,4,4
5d118e7244578a0ddc4fed38,4,4
5d118eed44578a0ddc5d6452,2,2
5d118f4d44578a0ddc68e753,2,4
5d118f9c44578a0ddc6fe74d,4,4
5d11911d44578a0ddc80f650,1,4
5d11915e44578a0ddc864154,2,2
5d11918044578a0ddc88f681,3,1
5d1191b344578a0ddc8c70db,1,1
5d1191e444578a0ddc8da355,1,1
5d11937a44578a0ddc9e2bd7,1,1
5d11939c44578a0ddca0adf0,4,4
5d1194a544578a0ddcaaa34a,4,4
5d12ae6d44578a0ddcbe7dd6,1,1
5d12af5944578a0ddcc93fde,4,4
5d12b1be44578a0ddcf2fe07,1,1
5d12b1c444578a0ddcf32cf7,4,4
5d12b2cb44578a0ddc09a68f,2,2
5d12b33744578a0ddc12e98a,2,1
5d12b34a44578a0ddc147baa,5,4
5d12b34e44578a0ddc14a2ad,1,1
5d12b45144578a0ddc1fab7e,2,2
5d17a6f744578a14a8387995,2,4
5d17a72a44578a14a83be1c2,1,1
5d17a83444578a14a849691f,2,4
5d17ac8f44578a14a8686804,1,1
5d17ac9344578a14a868b318,3,3
5d17bc2444578a14a873e823,4,4
5d17bcb844578a14a878b0e1,2,2
5d17c07344578a14a8ab9517,1,1
5d17c11b44578a14a8ba8be0,1,1
5d17c13f44578a14a8bfe461,2,2
5d17c15144578a14a8c28d40,1,4
5d17c18044578a14a8c955ec,4,4
5d17c1e144578a14a8d8319f,1,1
5d17c1fb44578a14a8dc26ef,1,1
5d17c24644578a14a8e47624,1,1
5d17c28744578a14a8eb35be,4,4
5d17c28c44578a14a8ebaab9,1,1
5d17c2e244578a14a8f488c3,2,1
5d17c35144578a14a8ffd4ff,2,4
5d17c3a044578a14a807b8ae,2,2
5d17c3a944578a14a808a738,1,1
5d17c40e44578a14a8131172,4,2
5d17ca9944578a14a822b74a,1,1
5d17ca9b44578a14a822e81d,4,4
5d17cab244578a14a824fd78,1,4
5d17cae144578a14a82b3c4d,1,2
5d17caee44578a14a82d4202,2,2
5d17caf244578a14a82dbdff,2,2
5d17cb6244578a14a83e400a,1,1
5d17cbbf44578a14a84bf617,1,1
5d17cbf744578a14a8545472,2,2
5d1934cf44578a14a85db4be,1,4
5d19357644578a14a86ee26c,1,2
5d1935a244578a14a873700a,1,1
5d1935be44578a14a8766af9,1,1
5d1935db44578a14a8796814,1,1
5d1935e944578a14a87ad64e,1,2
5d19365144578a14a8857f68,1,1
5d19366c44578a14a8883f7b,4,2
5d19368d44578a14a88bb79f,2,1
5d19369c44578a14a88d3b4d,2,2
5d19369d44578a14a88d4f37,1,1
5d211d2444578a14a8a493be,1,1
5d211e3244578a14a8b11b72,3,4
5d211f7f44578a14a8c052e5,1,1
5d21207144578a14a8cf2f41,1,1
5d21216344578a14a8dd6297,2,2
5d21217344578a14a8de0e7a,4,4
5d2121c144578a14a8e21c1a,1,1
5d21220f44578a14a8e6405b,1,4
5d21221a44578a14a8e6ba61,4,4
5d21226e44578a14a8eaab73,1,1
5d21230344578a14a8f16d1d,2,4
5d21238844578a14a8f74110,1,1
5d21241144578a14a8fea59a,1,1
5d21257e44578a14a81413d1,1,1
5d212bff44578a14a85b1c2d,1,1
5d212c0d44578a14a85bec48,4,4
5d212cec44578a14a8626c65,4,2
5d212d7044578a14a86bb38f,1,1
5d212d9f44578a14a8701cca,2,2
5d212e1e44578a14a87bee9c,1,2
5d212e4344578a14a87f7cda,1,1
5d212e5c44578a14a8818389,4,4
5d212f9f44578a14a890d212,3,4
5d212ff444578a14a8926558,3,3
5d2130a244578a14a899df57,2,2
5d2130d544578a14a89bc507,4,4
5d21318244578a14a8a00680,1,1
5d2131ca44578a14a8a48d13,1,1
5d21361b44578a14a8c42ba8,2,2
5d21362144578a14a8c44e6f,1,1
5d21363844578a14a8c4ecfa,1,1
5d21368c44578a14a8c70efc,2,2
5d21369244578a14a8c737b1,1,1
5d21371d44578a14a8cea80a,2,2
5d21372a44578a14a8cfa283,2,2
5d21375044578a14a8d1d693,2,2
5d2138a044578a14a8e02d2d,2,1
5d21397644578a14a8ec61f2,4,4
5d2139a744578a14a8eebd01,1,1
5d213a7c44578a14a800a378,2,1
5d213a8244578a14a80124c8,1,1
5d213a9b44578a14a8032878,1,4
5d213b6c44578a14a80efd6d,2,1
5d213c4244578a14a81a136b,1,1
5d213c6a44578a14a81d5647,2,2
5d21405b44578a14a8257708,4,4
5d21413244578a14a82c39f7,1,1
5d21418844578a14a82f0699,4,4
5d21419344578a14a82f6d05,3,4
5d21419d44578a14a82fb6b2,1,4
5d21424b44578a14a8340f33,1,1
5d214a6544578a14a84a7713,2,2
5d21571044578a14a8609acc,1,1
5d21580244578a14a864ab76,2,1
5d21587344578a14a8651048,1,1
5d21588144578a14a86529c4,1,1
5d2159d444578a14a86778a4,1,1
5d215b9944578a14a870cdea,1,1
5d215b9f44578a14a870fd6d,1,1
5d215c6b44578a14a873d7d9,4,2
5d215f4b44578a14a88ad461,1,1
5d2161cb44578a14a89b5160,1,1
5d2162a344578a14a8a6702f,1,2
5d21632444578a14a8b0b5c9,2,1
5d2163b044578a14a8b80b41,1,1
5d2163c644578a14a8b95f96,1,1
5d2163d544578a14a8ba46ad,4,4
5d2164a144578a14a8c6dc8a,2,2
5d21668344578a14a8e18ce4,4,4
5d2166f244578a14a8ec90aa,1,4
5d21675844578a14a8f27872,1,1
5d21685544578a14a8fa424f,1,1
5d21692344578a14a807b8f3,4,4
5d21695944578a14a80911b6,2,2
5d2169e244578a14a80fa445,4,4
5d216aec44578a14a81b3cfc,1,1
5d216b6c44578a14a82284d7,1,1
5d216b9244578a14a825a2c5,2,2
5d216c4a44578a14a82c4195,1,1
5d216c6d44578a14a82ec54c,1,1
5d216c8844578a14a8306a51,1,1
5d22279f44578a14a844f080,1,1
5d2229aa44578a14a857804d,2,2
5d2229c644578a14a8596626,2,2
5d2229d644578a14a85a7c60,3,4
5d222ac644578a14a86633ac,4,4
5d222ad744578a14a8675cef,1,1
5d222ad944578a14a8678be0,1,1
5d222b0e44578a14a86a7e38,1,1
5d22317a44578a14a87c14af,2,2
5d2231d444578a14a8831ba6,3,4
5d22321c44578a14a888fccb,2,2
5d22325544578a14a88ee135,1,2
5d22328344578a14a893bb5c,1,1
5d22329344578a14a8955c97,2,2
5d22344e44578a14a8a1c97b,1,4
5d22346444578a14a8a3dcc9,1,1
5d2bafe244578a0d740fde99,2,4
5d2bb9ed44578a0d741d6da4,1,1
5d2bbab944578a0d74277654,1,1
5d2bbd0344578a0d7443675e,4,2
5d2bbdad44578a0d744b1390,1,1
5d2bbe0344578a0d744f685c,1,1
5d2bbef844578a0d745ab560,1,2
5d2bbf1244578a0d745be1f2,2,2
5d2bbfb044578a0d74636cab,1,1
5d2bc02244578a0d74686c27,2,4
5d2bc05244578a0d746ad15b,4,4
5d2bc06244578a0d746ba61d,1,1
5d2bc09244578a0d746f20f5,4,4
5d2bc42244578a0d747a380a,4,4
5d2bc85444578a0d748fecce,1,1
5d2bc86044578a0d74907608,1,1
5d2bc88d44578a0d7492daab,1,1
5d2bc90d44578a0d74998c4e,2,2
5d2bc9a244578a0d74a0744d,1,2
5d2bc9df44578a0d74a38769,1,1
5d2f883244578a0d74a49fa6,1,4
5d2f88cb44578a0d74acc287,1,2
5d2f88f044578a0d74af6964,4,4
5d2f88fd44578a0d74b004e8,1,2
5d2f895544578a0d74b6d4a4,2,1
5d2f8a3044578a0d74c7441b,4,4
5d2f8a3f44578a0d74c8bf80,4,4
5d2f8aaa44578a0d74d1f961,4,4
5d2f8aab44578a0d74d20de3,4,4
5d2f8ad744578a0d74d5f326,2,2
5d2f8b4f44578a0d74ddb963,2,2
5d2f8b5144578a0d74ddfa60,4,4
5d2f8b9944578a0d74e690ac,3,4
5d2f8bc944578a0d74ebb057,4,4
5d2f8ca244578a0d74004c56,4,4
5d2f8d0c44578a0d7409515b,1,2
5d2f8d1644578a0d740a7a51,3,4
5d2f8d5144578a0d74105431,4,2
5d2f8d5d44578a0d7411c2f1,1,1
5d2f8da544578a0d74197146,4,4
5d2f8e3e44578a0d742105c9,1,1
5d2f8e6f44578a0d74259741,4,4
5d2f8eb844578a0d7428a24f,4,4
5d2f8f5544578a0d7430645e,4,4
5d2f8f5744578a0d7430901e,2,2
5d2f8f5e44578a0d74318483,1,1
5d2f8fc844578a0d743cd181,4,4
5d2f8fdd44578a0d743fa5f4,4,4
5d2f903c44578a0d744867bf,4,2
5d2f90e044578a0d7451c49d,4,4
5d2f91a144578a0d7464c290,4,4
5d2f91ee44578a0d746919f3,4,4
5d2f923544578a0d746aa13c,1,1
5d2f929e44578a0d746e0355,1,2
5d2f937644578a0d747f2d19,2,2
5d2f93ae44578a0d7482e5a4,2,1
5d2f93ff44578a0d74879d2e,2,2
5d2f949644578a0d749151a1,2,1
5d2f954644578a0d74971e27,1,1
5d2f961444578a0d74a61143,3,4
5d34b7da44578a153c7afbe6,4,4
5d34b86b44578a153c803521,1,1
5d34b9a744578a153c8d55ac,1,1
5d34b9d844578a153c904e70,4,4
5d34ba5e44578a153c978e61,2,2
5d34bac244578a153c9d3f2f,1,1
5d34bbea44578a153cace752,4,4
5d34bca044578a153cb92fa2,1,1
5d34bd4e44578a153cc4bb2d,5,4
5d34bd5d44578a153cc5ad16,2,2
5d34bee844578a153ce05f53,1,1
5d34bf3344578a153ce5c82b,2,2
5d34bf9644578a153cec3227,2,2
5d34c10244578a153cf8c860,2,2
5d34c15444578a153cf9e277,1,1
5d34c32044578a153c1785b6,4,4
5d34c34c44578a153c1aef89,4,4
5d34c36744578a153c1ce67d,1,1
5d34c39b44578a153c203de6,4,4
5d34c3bf44578a153c22dbb2,1,2
5d34c3f144578a153c266ef4,1,1
5d34c49744578a153c32d654,1,1
5d34d7fe44578a153c5f671d,2,2
5d34d87144578a153c6b48d9,1,4
5d34d94244578a153c802258,4,4
5d34d94f44578a153c816f3d,4,4
5d34d95044578a153c818d43,2,2
5d34d9b144578a153c8b25b0,2,2
5d34dadf44578a153ca9f71b,1,1
5d34db0a44578a153cae5c33,2,2
5d34db3244578a153cb239e9,1,2
5d34db7d44578a153cb9dd72,1,1
5d34dc0a44578a153cc829b7,3,2
5d34dc9c44578a153cd75336,2,2
5d34dce244578a153cde790e,1,2
5d34dce844578a153cdf2513,2,2
5d34dcfe44578a153ce17c74,4,4
5d34ddc144578a153cf5536d,1,1
5d34ddc744578a153cf5f41f,1,1
5d3ca4ae44578a153cfeec0b,2,2
5d3ca52d44578a153c02c41f,1,1
5d3ca80044578a153c2282d0,4,4
5d3ca83c44578a153c251430,2,2
5d3ca8d744578a153c2b5e14,2,2
5d3caa1944578a153c394817,4,4
5d3cac9d44578a153c573b48,1,1
5d3cad6144578a153c60ede2,2,1
5d3cae3c44578a153c6d2bd1,4,4
5d3cae5f44578a153c6f4e93,2,1
5d3caedb44578a153c76f87f,1,1
5d3caf2744578a153c7b7624,1,1
5d3cb28a44578a153caad292,2,4
5d3cb29b44578a153cabb1f3,2,2
5d3cb36744578a153cb70e94,2,4
5d3cb3b944578a153cbc6b4c,2,2
5d3cb4ef44578a153cd0a036,4,4
5d3cb55e44578a153cd81ae3,1,2
5d3cb5e644578a153ce11106,4,4
5d3cb5ef44578a153ce1b35d,4,4
5d3cb66944578a153ceb28bc,2,1
5d3cb6a544578a153cef837f,4,4
5d3cb6ef44578a153cf474cb,4,4
5d3cb73b44578a153cfdbe45,4,4
5d3cb75144578a153c0106b2,1,1
5d3cb77644578a153c06e549,2,2
5d3cb79144578a153c0aee89,1,1
5d3cb7b244578a153c0fe808,1,2
5d3cb7cd44578a153c134562,2,2
5d3cb7e444578a153c15eecc,4,4
5d3cb8ba44578a153c2ab605,2,2
5d3cc8ee44578a153c390294,2,2
5d3cc97b44578a153c46110d,2,2
5d3cc98d44578a153c47d461,1,1
5d3cc9f444578a153c51caac,1,1
5d47acfe44578a1f48003c81,4,4
5d47ae7f44578a1f480f16d2,4,4
5d47af2544578a1f4815738b,1,1
5d47af5644578a1f48187389,1,1
5d47afd644578a1f4822a83c,5,3
5d47b04144578a1f482dc218,1,1
5d47b15d44578a1f483b51c0,1,2
5d47b19f44578a1f484049cc,3,2
5d47b1f744578a1f4845cd1e,1,1
5d47b22944578a1f484a1fc9,3,2
5d47b39a44578a1f48621ee7,1,1
5d47b3aa44578a1f48631acd,1,1
5d47b41744578a1f48664081,1,1
5d47b41e44578a1f4866c048,4,4
5d47b5dd44578a1f48811ea3,1,1
5d47b73b44578a1f489d0d79,1,1
5d47b7da44578a1f48b0fba2,4,4
5d47b85144578a1f48b9fa3f,4,4
5d47b8d844578a1f48c4e2c8,3,4
5d47b9ba44578a1f48ccb0a5,1,1
5d47b9f244578a1f48d07e4e,3,4
5d47ba3644578a1f48d6e7c1,3,1
5d47bb5144578a1f48eddf34,3,1
5d47bbf144578a1f48fbc460,4,4
5d47bc1b44578a1f4800bc99,3,4
5d47bc2344578a1f4801b4bd,4,4
5d47bcd044578a1f480dfdd2,1,1
5d47bcd244578a1f480e1899,1,1
5d47bdb844578a1f481aeb19,1,2
5d47bee344578a1f482e367d,1,1
5d47bef244578a1f482e5917,1,1
5d47bf7b44578a1f483242a3,3,4
5d47c1c844578a1f484eab1c,3,2
5d47c1c944578a1f484ec82b,3,4
5d47c47b44578a1f4866d896,4,4
5d52e23744578a1f487e8767,4,4
5d52e3b344578a1f48878d42,3,4
5d52e64944578a1f4891f116,3,2
5d52e7a344578a1f48b2780f,1,1
5d52e80744578a1f48b5419f,1,1
5d52e84244578a1f48b65639,1,2
5d52e8af44578a1f48bd6c62,4,4
5d52ea1944578a1f48d18269,1,1
5d52eb8f44578a1f48e2f8f4,3,2
5d52eddd44578a1f48e8df64,1,1
5d52fbb144578a1f48f59bbb,3,2
5d52ff9044578a1f4803d175,1,1
5d52ffb644578a1f480522e7,1,1
5d52ffd544578a1f48069d45,1,1
5d53005744578a1f480c7ea4,1,1
5d53013444578a1f481a475a,1,1
5d54489e44578a1f48257d6a,4,4
5d544b5f44578a1f483a1bd7,1,1
5d544d6544578a1f484674d3,1,2
5d544e5c44578a1f484ac2d9,3,2
5d544ea244578a1f484f6516,3,2
5d544ed044578a1f4854b465,4,4
5d5455cd44578a1f4886f400,3,2
5d54561144578a1f488dee07,3,2
5d5456a044578a1f4892f260,1,1
5d5456be44578a1f48937384,1,1
5d54592444578a1f48a312a8,1,1
5d54592b44578a1f48a3e1d4,3,2
5d54593544578a1f48a5306a,3,4
5d54599e44578a1f48b022a9,3,2
5d5459f644578a1f48b62a34,1,1
5d545b3d44578a1f48ce9910,3,4
5d545b4944578a1f48cf36b9,3,4
5d5478a244578a1f48dde20e,3,2
5d5478cb44578a1f48e2d842,4,4
5d5478e644578a1f48e62a72,1,1
5d54793a44578a1f48edf33d,4,4
5d58c3bf44578a1f482506c7,1,1
5d58c65044578a1f4834c706,4,4
5d58c66944578a1f4836d485,1,1
5d58c89444578a1f48453704,1,1
5d58c8f044578a1f484b234c,1,1
5d58cabc44578a1f4859dba9,2,4
5d58cc7644578a1f485e66f7,4,4
5d5a140c44578a1f486794a8,1,1
5d5a19c244578a1f487c8ff2,4,4
5d5a1a3744578a1f48813b17,1,1
5d5a1b1644578a1f488d393c,3,4
5d5a1b2d44578a1f488f661b,3,2
5d5a1cbb44578a1f4894a268,3,4
5d5a206544578a1f489fcd9e,4,4
5d5a209944578a1f48a35253,4,4
5d5a223f44578a1f48ac117e,1,2
5d5a228144578a1f48b01b2f,1,1
5d5a264f44578a1f48cb4926,1,1
5d5a2e5244578a1f48da6edd,4,2
5d5a37cc44578a1f48e9ef42,3,4
5d6da9d544578a1f4831e1d3,1,1
5d6daa0044578a1f48339c7c,1,1
5d6daad544578a1f483c2051,5,4
5d6dab9544578a1f483f25a3,3,4
5d6dacf644578a1f48476537,4,4
5d6dafc944578a1f4857d4c9,3,2
5d6db0bb44578a1f485b610d,1,1
5d6db7dc44578a1f486b730d,3,4
5d6db9eb44578a1f4870f27b,2,4
5d6dbdb344578a1f487a9d10,1,1
5d6dc1bb44578a1f4888e069,4,4
5d6dc2f644578a1f488ec6b8,3,4
5d6dc4b144578a1f4899127d,3,2
5d6dc57644578a1f489ba8c9,4,4
5d6dcaa944578a1f48bb60c5,3,2
5d6dcab544578a1f48bbcb30,3,4
5d6dccb244578a1f48c26ba8,3,2
5d6dd11b44578a1f48cbbcb6,4,4
5d6dd21144578a1f48cd264d,4,4
5d6dd6dd44578a1f48d700f1,4,1
5d6dd97044578a1f48dbb676,3,4
5d6ddca244578a1f48e31581,3,2
5d6ddf5a44578a1f48ea2d86,3,2
5d6de45e44578a1f48f5f512,4,4
5d6df00b44578a1f481848aa,3,2
5d6df00c44578a1f481851e0,1,1
5d6df18944578a1f4821a6d5,3,4
5d6df21644578a1f4825ea34,1,1
5d6df64244578a1f482d5d00,1,1
5d6df9a944578a1f483435b5,1,1
5d6dfbd644578a1f4839bd3b,3,4
5d6e056544578a1f4848ccf4,1,1
5d6e082a44578a1f4851ac68,1,1
5d6e08d244578a1f4852db14,1,1
5d6e09eb44578a1f48560087,3,2
5d6e137144578a1f4866486e,4,4
5d6e1cb344578a1f48739478,1,1
5d6e1e0444578a1f4874d8d9,1,1
5d6e202144578a1f487730ed,3,4
5d6e232944578a1f4880c4c0,1,1
5d6e2a5d44578a1f488cb0cd,4,4
5d6e2a6544578a1f488ccbad,1,1
5d6e2a6644578a1f488cd8ed,3,1
5d6e2a6644578a1f488ce9ab,4,4
5d6e389844578a1f48b01f51,4,4
5d6e390d44578a1f48b09f9a,4,4
5d6e3d7344578a1f48bba5fc,4,4
5d6e3db544578a1f48bc127e,3,2
5d6e428244578a1f48c5ffdd,4,4
5d6e45f844578a1f48ce3116,3,2
5d6e464344578a1f48cee31a,1,1
5d6e493044578a1f48d320cb,1,1
5d6e60f444578a1f48faae8c,3,1
5d6e635b44578a1f48ff5565,3,2
5d6e66f044578a1f48080a85,3,2
5d6e679f44578a1f480c400d,4,4
5d6e67f144578a1f480e18a5,3,1
5d6e699444578a1f481296bb,4,4
5d6e735744578a1f4820d873,1,1
5d6e8c7644578a1f484cf91d,3,2
5d6e8ca044578a1f484d5ba3,1,1
5d758fd644578a1f48956c7f,1,1
5d75920744578a1f489ac1a2,1,1
5d75956644578a1f48adad95,4,4
5d75964b44578a1f48afd34a,1,2
5d75967644578a1f48b26ee9,3,2
5d75973444578a1f48b61af6,4,4
5d75982e44578a1f48ba4b85,4,4
5d7598be44578a1f48bc4f09,4,2
5d759c7d44578a1f48d5d471,4,4
5d759d4f44578a1f48db1687,4,4
5d75c8b744578a1f48f51ece,1,1
5d75cf7a44578a1f4812b144,5,4
5d75d03044578a1f48145963,1,1
5d75d74b44578a1f482a01fb,4,4
5d75d75344578a1f482abdb9,1,1
5d75d77244578a1f482c47a7,1,1
5d7c293044578a1f4849675b,3,2
5d7c2ada44578a1f484c99f8,3,2
5d7c2b5744578a1f48508211,1,1
5d7c2ba044578a1f485591f1,1,1
5d7c2bbc44578a1f485978a8,4,4
5d7c2fcd44578a1f48717c39,3,4
5d7c329144578a1f48770a80,3,4
5d7c32b644578a1f487894a7,3,2
5d7c32ba44578a1f4879175b,3,2
5d7c3c9f44578a1f488b8271,1,2
5d7c3d7944578a1f48914931,4,1
5d7c3eb344578a1f48a23047,4,4
5d7c410444578a1f48b03fd5,3,2
5d7c42a144578a1f48b2461a,1,2
5d7c433044578a1f48b58bfe,4,4
5d7c433b44578a1f48b5c94f,4,4
5d7c4b5344578a1f48d12722,4,4
5d7c4b5344578a1f48d129ce,4,1
5d7c4ef144578a1f48df2d4f,4,3
5d7c53cd44578a1f48fb9bc6,4,4
5d7c544444578a1f480153da,5,1
5d7c54b444578a1f48065843,2,3
5d7c567e44578a1f48125a8c,4,4
5d7c573b44578a1f48146bfc,1,1
5d7c585e44578a1f48225b9f,1,1
5d7c586444578a1f4822d422,4,4
5d7c58cf44578a1f48275c7c,4,4
5d7c5a3f44578a1f482e58ac,3,2
5d7c5f4044578a1f48482fac,3,2
5d7c636a44578a1f485313ac,3,2
5d7c63dd44578a1f4855bddc,4,4
5d7c643844578a1f485902d0,4,4
5d7c670c44578a1f4869cc08,3,4
5d7c67d444578a1f486b7f15,1,1
5d7c6ac744578a1f48724011,4,4
5d7c6add44578a1f48741bd6,4,4
5d7c6b9344578a1f4878055a,3,2
5d7c6c4044578a1f487a74b9,4,4
5d7c6fe444578a1f488b8eb1,3,2
5d7c718c44578a1f488cd87f,3,2
5d7c733944578a1f4890a062,1,1
5d8fb2ed44578a1f48abb6f9,1,1
5d8fb51f44578a1f48ad59ff,3,1
5d8fb79444578a1f48b65576,4,4
5d8fbad144578a1f48bec63b,1,2
5d8fc48244578a1f48d39248,3,2
5d8fc95c44578a1f48e91789,4,4
5d8fc9c444578a1f48efbd25,4,4
5d8fcf2144578a1f48ff9883,1,1
5d8fd1b944578a1f48086ec8,1,1
5d8fd50244578a1f480fe3da,4,4
5d8fd70944578a1f4811dfb1,1,4
5d8fd71844578a1f48120213,3,2
5d8fdbe844578a1f4814cff2,3,4
5d8fdcbd44578a1f48155b10,1,1
5d8fe98e44578a1f482252dc,4,2
5d9004e244578a1f4840f761,1,1
5d900dd944578a1f48516282,4,2
5d900dd944578a1f4851734c,4,2
5d9016c044578a1f48641d55,4,4
5d9018bc44578a1f48660f86,4,4
5d9018ea44578a1f48662377,3,1
5d901c8f44578a1f486ca9c5,1,1
5d90285644578a1f488440da,3,2
5d9029b044578a1f48862402,3,1
5d902e1e44578a1f488d67cb,4,4
5d90323d44578a1f489167e2,1,1
5d9034e544578a1f4896d38a,1,1
5d903ed644578a1f48a0c13a,3,2
5d903f5444578a1f48a21426,4,4
5d90449544578a1f48a941c2,1,1
5d904d5244578a1f48b35b16,1,1
5d90541c44578a1f48bb436e,3,4
5d90579944578a1f48c0eb95,3,2
5d906a5a44578a1f48e520cd,4,4
5d907ddc44578a1f4801d7a9,4,4
5d90836b44578a1f480fd409,1,2
5d9083a344578a1f48100d03,3,4
5d908cde44578a1f481cfbd6,4,4
5d90909244578a1f48233a24,4,4
5d90a50544578a1f484ddf0d,1,1
5d90ac3744578a1f485530d6,1,1
5d90d7aa44578a1f489d2f82,4,4
5d90d89144578a1f489e93a7,3,4
5d911fd644578a1f48a64fa9,4,4
5d91202f44578a1f48a81ea6,3,2
5d91224344578a1f48adc37c,1,1
5d9128bc44578a1f48b43d22,4,4
5d91315844578a1f48c1170d,3,4
5d91370944578a1f48cdafc2,1,1
5d913cd944578a1f48d98746,1,2
5d913f2c44578a1f48de61d5,3,1
5d9142d244578a1f48e1eb03,4,2
5d9142db44578a1f48e22345,3,2
5d91527344578a1f48f34cdc,2,4
5d915a8644578a1f48fbc77a,4,4
5d915bb844578a1f48fda5bf,4,4
5d915e6744578a1f4800f0d8,4,4
5d91606344578a1f48037b1c,4,2
5d916f5944578a1f48155094,1,1
5d916f5944578a1f4815543c,1,1
5d91770844578a1f481d9c3c,1,4
5d9177b744578a1f481ef06a,1,1
5d917f9744578a1f4827395e,4,4
5d91873a44578a1f482fcada,4,4
5d918a5344578a1f48372d09,3,2
5d918b7244578a1f4838c22b,1,1
5d918fc344578a1f484150e7,3,4
5d9193e944578a1f48462457,1,1
5d91965444578a1f4848ca69,3,4
5d91a5d644578a1f4861d774,3,2
5d91b23d44578a1f486dd287,4,4
5d91b45d44578a1f486fe269,1,1
5d91ba0c44578a1f4877d151,1,4
5d91baec44578a1f487a0e0f,1,1
5d91bdf944578a1f487f406a,3,4
5d91c1de44578a1f488794d2,3,3
5d91ccaf44578a1f4898631c,1,1
5d91ccc344578a1f48988447,1,1
5d91cd2344578a1f48996194,3,1
5d992dd044578a1f48a42a9e,4,2
5d9933d444578a1f48a7ec84,4,4
5d99366b44578a1f48b0c41e,1,4
5d9936c944578a1f48b2b513,4,4
5d993a6244578a1f48c4da29,5,2
5d993cb144578a1f48cdf9c9,1,1
5d993de344578a1f48d35363,4,4
5d99533e44578a1f48d92987,1,2
5d99589e44578a1f48f34964,3,2
5d9958d644578a1f48f3fdff,3,1
5d99591344578a1f48f94a78,4,4
5d9959e244578a1f48faefa9,4,4
5d9959e644578a1f48fb76b4,1,2
5d995c4644578a1f48057b32,4,4
5d995dc244578a1f480afa52,3,2
5d99610d44578a1f4811cbc9,1,1
5d9965aa44578a1f481918ad,4,4
5d9965ff44578a1f481c421d,2,2
5d99662344578a1f481e78d4,1,1
5d996ad144578a1f48399421,3,4
5d996c7a44578a1f4843753a,3,1
5d996e3444578a1f484ed18b,1,1
5d996fe544578a1f4858730c,1,1
5d99735944578a1f485fac2f,4,4
5d9977db44578a1f4869fd20,4,4
5d9979df44578a1f487d8442,1,1
5d997a2a44578a1f48813c29,1,1
5d997a9444578a1f488abc46,1,1
5d997fa644578a1f48a31a76,3,2
5d997fce44578a1f48a5225d,4,4
5d99801544578a1f48aaef5e,3,2
5d998b5944578a1f48d8a37f,4,4
5d9a4e8e44578a1f48e11d2f,3,4
5d9a4fe144578a1f48ebb9b0,3,2
5d9a509344578a1f48ef6595,4,4
5d9a521a44578a1f48fd3ae4,1,1
5d9a563344578a1f48128db4,3,2
5d9f6b2e44578a1f481f0471,1,2
5d9f727744578a1f4827bb2e,4,4
5d9f75c544578a1f48394187,4,4
5d9f761844578a1f483d4390,4,4
5d9f772944578a1f4841c825,3,1
5d9f775e44578a1f4843929c,3,4
5d9f79c044578a1f484b2b06,4,4
5d9f7aa144578a1f48513a77,4,2
5d9f7aa444578a1f4851866c,1,1
5d9f7e5944578a1f486f345a,3,2
5d9f7ee944578a1f4871a71a,5,4
5d9f82b744578a1f4887f4da,4,4
5d9f8b0e44578a1f489bed08,4,1
5d9f8b1d44578a1f489cc27d,4,4
5d9f8ca844578a1f48a9f86f,3,4
5d9f8cc744578a1f48ac06dc,4,4
5d9f8f1844578a1f48b6f770,4,4
5da21f3344578a1f48d21157,4,4
5da221b644578a1f48dd5b50,3,2
5da221c344578a1f48de0a3c,4,4
5da221c944578a1f48de6dc6,4,2
5da2253d44578a1f48e64e1f,3,4
5da22b2b44578a1f48f75644,4,4
5da22b4144578a1f48f7ce3e,4,4
5da22d5144578a1f48faca96,4,4
5da2302b44578a1f48018210,4,4
5da2313244578a1f480dd197,1,1
5da2328844578a1f4813c7f3,4,4
5da233f644578a1f48165aaf,4,4
5da2343044578a1f4816885e,4,4
5da2378f44578a1f481f9ed0,4,4
5da237f144578a1f48217f33,3,4
5da23af044578a1f4828b111,1,1
5da23af244578a1f4828b512,3,2
5da23c2d44578a1f482cf344,3,2
5da23c4344578a1f482dd91b,4,4
5da23d1d44578a1f48305d69,4,4
5da23db144578a1f4832cb7c,1,1
5da23f0844578a1f483927ec,1,1
5da2400844578a1f48428071,1,1
5da2412f44578a1f48474955,4,4
5da2422044578a1f484d49fb,1,2
5da2426844578a1f4853681a,1,2
5da2429f44578a1f4855859a,4,2
5da2457444578a1f4864086c,3,2
5da2467a44578a1f486c708d,3,1
5da2468f44578a1f486e669d,4,2
5da2471444578a1f48716326,1,1
5da2479f44578a1f4875c145,4,4
5da2493844578a1f487e2967,4,4
5da2495d44578a1f48810766,1,1
5da24a8c44578a1f488be2bd,4,2
5da24b8844578a1f4890be76,3,2
5da24bb344578a1f48922fab,1,1
5dab5eed44578a097c7ce13b,4,4
5dab5f3244578a097c7d9824,3,4
5dab5f6f44578a097c7e4f0c,2,2
5dab5f7a44578a097c7e5e16,4,4
5dab61fa44578a097c8f0c80,2,2
5dab626944578a097c94b01c,2,1
5dab63b144578a097ca1f3c1,4,4
5dab7c7244578a097c0bee60,1,1
5dab7c7844578a097c0c575b,1,1
5dab7cb544578a097c0f8b70,1,1
5dab7d9f44578a097c210416,2,2
5dab7e2144578a097c248605,1,2
5dab7e7444578a097c297b47,4,4
5dab7f3b44578a097c30a5dc,2,4
5dab802e44578a097c3f0e25,1,1
5dab803a44578a097c3fdf76,2,2
5dab804a44578a097c41251c,2,2
5dab80af44578a097c46a277,1,1
5dab80e544578a097c4a7c7b,1,1
5dab810544578a097c4c7d97,1,1
5dabbda644578a1a24b67ee3,2,2
5dabbde544578a1a24bb7518,4,4
5dabbe2044578a1a24bf235c,2,2
5dabbec744578a1a24cb9278,1,1
5dabbecf44578a1a24cc59e6,4,4
5dabc07c44578a1a24e8d70a,4,4
5dabc08544578a1a24e94ced,2,2
5dabc0a444578a1a24eb782e,1,1
5dabcc0144578a1a242dd988,4,4
5dabcc7244578a1a243423c2,2,2
5dabcd0844578a1a2438ca17,4,4
5dabcd2244578a1a243afc24,4,4
5dabcda944578a1a2441f1d6,1,1
5dabcdeb44578a1a2445361e,2,1
5dabcdfd44578a1a2446ea70,4,4
5dabd0aa44578a1a246e1e0d,4,4
5dabd0d544578a1a246f7030,4,4
5dabd0d944578a1a246fcc3b,2,2
5de2a5b744578a1a2477cbdb,4,4
5de2a7c044578a1a247c6623,1,2
5de2a94544578a1a2482e88e,2,2
5de2ad4f44578a1a24902021,4,4
5de2ae6844578a1a2495ad46,1,1
5de2b05744578a1a249b2000,1,1
5de2b0da44578a1a249ddae1,1,1
5de2b41a44578a1a24a3a108,2,2
5de2b56044578a1a24a7ff05,4,4
5de2b86044578a1a24af2d49,1,1
5de2bd8644578a1a24baa1ec,1,1
5de2c17844578a1a24c0ab0e,1,1
5de2c4dd44578a1a24c5d3c3,2,2
5de2d06244578a1a24d31699,3,3
5de2eb3144578a1a24f91962,4,4
5de2edff44578a1a24022571,4,4
5de2ef1d44578a1a24058812,2,3
5de3108544578a1a2407b691,4,2
5de312d344578a1a240ac781,2,2
5de3164544578a1a241111ae,4,4
5de3165e44578a1a2411812c,1,1
5de320e844578a1a24253cb2,2,2
5de323d944578a1a2429c74e,1,1
5de32b6c44578a1a2432bb26,1,1
5de3307144578a1a24396879,2,2
5de334db44578a1a243c909f,1,1
5de341e244578a1a244865fc,2,2
5de342c244578a1a2449d694,2,2
5de345e544578a1a244dead4,4,4
5de34a7644578a1a2457adfc,5,2
5de34f9d44578a1a245f52f4,1,2
5de3502a44578a1a24612e4c,4,4
5de3526844578a1a246368fe,4,4
5de3541844578a1a246522de,2,2
5de35c2c44578a1a246de130,1,1
5de3621b44578a1a2473e787,2,4
5de3674844578a1a247a10dc,1,1
5de36c3e44578a1a247fe9b3,2,2
5de36cda44578a1a24814ea3,4,4
5de36ea344578a1a2482c541,2,2
5de37c4944578a1a248ed23d,4,4
5de3831f44578a1a249640cc,4,4
5de38e9644578a1a24a34aa0,2,2
5de38eac44578a1a24a3a5aa,2,2
5de3935944578a1a24a95bcd,1,1
5de39d7444578a1a24b5ecf7,4,4
5de3a12144578a1a24b9abf8,4,4
5de3b4f144578a1a24d0335d,2,2
5de3b54c44578a1a24d0e155,4,4
5de3b5ce44578a1a24d147cf,1,1
5de3b7c744578a1a24d2f556,4,4
5de3bc2144578a1a24d6e7d0,4,4
5de3bfd844578a1a24dc1af3,2,2
5de3e52444578a1a24fa5c80,2,2
5de3ecb544578a1a24002b96,2,2
5de3f88644578a1a2407d81f,1,1
5de4028d44578a15c823a62a,2,2
5de4032044578a15c833129d,2,2
5de4034244578a15c836d5aa,2,2
5de4038944578a15c83ebd4e,2,4
5de403f444578a15c84a6487,4,4
5de4042044578a15c84de7bd,1,1
5de404cd44578a15c852c002,4,4
5de4053844578a15c855cd3e,2,2
5de4055a44578a15c856caa4,3,4
5de406d644578a15c8617c04,2,4
5de4076c44578a15c865aed9,2,2
5de407c444578a15c868d9cc,1,1
5de407f944578a15c86bb7b0,2,4
5de409b744578a15c8860bb3,2,2
5de409e244578a15c888818c,4,4
5de40a8c44578a15c892a127,2,2
5de40ac444578a15c89618b5,2,2
5de40af944578a15c8990406,2,2
5de40bba44578a15c8a45ad7,1,1
5de40bf444578a15c8a7d35e,4,4
5de40c0d44578a15c8a975ef,2,2
5de40c3544578a15c8abe405,2,2
5de40cec44578a15c8b721a3,1,1
5de40d2244578a15c8ba6e24,3,2
5de40d2d44578a15c8bafbfa,1,1
5de40dd144578a15c8c55cee,1,1
5de40e2844578a15c8ca670c,2,2
5de40e3844578a15c8cb4619,2,2
5de40ede44578a15c8d4c3e8,1,2
5de40ef644578a15c8d62db2,4,4
5de40f6644578a15c8dc8969,1,1
5de4106744578a15c8eb7c83,4,4
5de410fa44578a15c8f42bb6,2,2
5de4110144578a15c8f4ba07,1,1
5de4113a44578a15c8f833ea,2,2
5de4118244578a15c8fc8547,2,2
5de4124e44578a15c8075e9e,3,4
5de412a044578a15c80b71b6,4,4
5de4130444578a15c8104a76,4,4
5de4139444578a15c816f777,2,2
5de4140a44578a15c81c857f,4,4
5de4161c44578a15c83658d1,2,2
5de4173344578a15c8422ee9,1,1
5de417b844578a15c846f0bb,1,1
5de418f544578a15c854bc4d,2,2
5de418fc44578a15c8551bf7,1,2
5de4199b44578a15c865d7df,1,1
5de419aa44578a15c8677a9e,4,4
5de419c044578a15c869e816,4,4
5de419f144578a15c86f55be,1,1
5de41ac244578a15c87875be,4,4
5de41bee44578a15c883c7b4,2,2
5de41cf344578a15c898e697,1,1
5de41d0644578a15c899f347,4,4
5de41e2e44578a15c8aa27e8,2,2
5de4202144578a15c8bfbc63,3,3
5de420d344578a15c8c6ff76,4,4
5de420fa44578a15c8c92032,2,1
5de4214b44578a15c8cdc7fb,1,4
5de4225c44578a15c8ddd68f,2,2
5de4226c44578a15c8de7e34,4,4
5de422ab44578a15c8e28437,1,1
5de423ef44578a15c8f569b9,4,4
5de4241e44578a15c8f7f112,4,4
5de4249a44578a15c8fe76a7,1,1
5de424b944578a15c800537b,1,1
5de4257944578a15c8080054,2,2
5de425a444578a15c80a5634,5,1
5de425ac44578a15c80ac40e,4,4
5de426ff44578a15c81c46d7,1,1
5de4277444578a15c8229f50,2,2
5de4278c44578a15c823d18a,1,1
5de4285144578a15c82def9e,1,1
5de4286344578a15c82ef7f1,1,1
5de4290644578a15c83ab48e,1,1
5de42bae44578a15c86a5025,4,2
5de42bb444578a15c86afa48,2,2
5de42bb644578a15c86b2ac7,1,2
5de42bd644578a15c86e5bf8,4,4
5de42cb144578a15c881ef96,1,1
5de42d2544578a15c88d1a40,1,2
5de42e1844578a15c89eb9b2,4,4
5de42e5744578a15c8a323d7,1,4
5de42e7844578a15c8a67827,1,1
5de42f3644578a15c8b90468,2,2
5de42fa444578a15c8c3d603,4,4
5de42ff044578a15c8cae038,4,4
5de4305544578a15c8d533ee,4,4
5de4305a44578a15c8d5b908,2,2
5de4306c44578a15c8d65a7e,2,1
5de4311544578a15c8e5d8dc,2,4
5de4312c44578a15c8e739c9,2,2
5de431aa44578a15c8f3d7f8,2,4
5de431ea44578a15c8fa4fb0,1,1
5de4320544578a15c8fd1a9b,1,1
5de4323044578a15c80158d3,2,2
5de4328044578a15c80a0d7b,4,4
5de432b644578a15c80ffa2b,1,1
5de4330244578a15c8198620,2,2
5de4332c44578a15c81da99c,2,2
5de4338d44578a15c8291ed9,1,1
5de4343f44578a15c83102c8,4,4
5de4345a44578a15c834228e,2,2
5de434b544578a15c83f0df5,4,4
5de434bc44578a15c84010d4,2,2
5de434bd44578a15c8402bb8,4,4
5de434f344578a15c846a4d9,4,4
5de4354344578a15c84fe0f6,2,2
5de435a644578a15c858bcc9,2,2
5de4360244578a15c862cfeb,2,4
5de4361844578a15c86536c1,4,4
5de4362944578a15c867368a,4,4
5de436a244578a15c8745bd4,2,2
5de436d444578a15c879fb76,4,4
5de436fc44578a15c87dad3c,1,1
5de4372544578a15c880a1bb,1,1
5de43bc744578a15c89129e8,1,1
5de43c7b44578a15c8962216,1,1
5de43ca144578a15c8989a39,1,1
5de43cf344578a15c89de7df,2,2
5de43d4544578a15c8a3fa9f,2,2
5de43d5e44578a15c8a5ed07,2,2
5de43dff44578a15c8b3add0,4,4
5de43ef244578a15c8c5d0f6,2,2
5de43f2844578a15c8cb2147,4,4
5de4419444578a15c8ee7696,1,1
5de4419544578a15c8ee8e39,2,2
5de4426144578a15c8fa5314,2,2
5de4426b44578a15c8fb5209,4,4
5de443ff44578a15c80365bc,1,1
5de4445c44578a15c807bb12,4,4
5de4459c44578a15c81d5fd8,4,4
5de4474744578a15c837cb39,2,2
5de447ce44578a15c84353a4,2,1
5de4481b44578a15c849dcbf,2,4
5de4481f44578a15c84a4fb8,2,2
5de4484044578a15c84dcb68,2,2
5de4487344578a15c8523937,4,2
5de448c244578a15c85a7369,2,1
5de448da44578a15c85cafac,4,4
5de4494644578a15c86356a5,2,4
5de449b944578a15c869f3ba,2,2
5de449e244578a15c86dae15,2,2
5de44a0044578a15c86fbd23,4,4
5de44aac44578a15c87f207e,2,2
5de44b3844578a15c88c68b2,1,1
5de44b3944578a15c88c7e51,2,2
5de44d4844578a15c8ad898d,4,4
5de44d7a44578a15c8b2592f,4,3
5de44e6544578a15c8c281fc,2,2
5de44e7344578a15c8c3784d,2,2
5de4506844578a15c8ce1068,2,2
5de450ce44578a15c8d59b2e,1,3
5de4515344578a15c8dec992,4,4
5de4515544578a15c8deee38,1,1
5de452a244578a15c8f6fda0,1,1
5de452b844578a15c8f82954,2,2
5de4531544578a15c8fed505,1,1
5de4541c44578a15c8105c6a,2,2
5de455ca44578a15c82badbc,2,2
5de455ce44578a15c82c010d,1,2
5de455ce44578a15c82c01f4,2,2
5de457d044578a15c84d1719,2,2
5de4581e44578a15c84f073a,2,2
5de4582a44578a15c8500a01,2,4
5de4587644578a15c8555c40,2,2
5de4588244578a15c8565785,4,4
5de4598d44578a15c862b1d1,2,2
5de45a3844578a15c86b8e38,4,4
5de45c0444578a15c888cdfc,1,1
5de45c3244578a15c88cdf2c,2,2
5de45c5844578a15c88eaeed,1,1
5de45d2e44578a15c89f306f,2,2
5de45d8044578a15c8a594c0,2,2
5de46ba344578a15c8b9fb3c,2,2
5de46c3044578a15c8c6efe6,2,4
5de46c9244578a15c8d03f0a,1,1
5de70e6044578a15c8ee0cb3,2,2
5de70edb44578a15c8fa6601,4,2
5de70f6744578a15c80702ca,4,4
5de7101a44578a15c814bca2,1,1
5de7128744578a15c81d6970,1,1
5de712d444578a15c81ff63c,3,4
5de713b344578a15c823cea7,1,1
5de713bc44578a15c8245a7e,1,1
5de7150344578a15c83bcda5,2,2
5de7150744578a15c83c1b05,4,4
5de7150844578a15c83c35f5,2,2
5de7150c44578a15c83c9b55,2,2
5de7150e44578a15c83ce1fb,2,2
5de715af44578a15c84ca252,4,4
5de7182044578a15c8592db9,1,1
5de718be44578a15c863b1f1,2,1
5e3893ef44578a09485f796e,1,1
5e38941f44578a094861cdd5,1,1
5e3894a344578a094867cc6b,1,1
5e38950644578a09486c3c95,1,1
5e38966844578a09487c3d72,4,4
5e38967a44578a09487d37a1,4,3
5e38971344578a0948844985,1,1
5e3898ac44578a094896df57,2,2
5e38991244578a09489ba02b,1,1
5e38993944578a09489d90a3,1,2
5e38995a44578a09489ef207,1,1
5e38997044578a09489ffc5c,2,1
5e389a9f44578a0948adcfde,1,1
5e389ac144578a0948af4633,2,2
5e389adc44578a0948b04499,2,2
5e389b0f44578a0948b25824,2,3
5e389b5e44578a0948b57f0a,3,1
5e389be444578a0948baa1e3,3,3
5e389c0144578a0948bbe947,2,1
5e389d7944578a0948cacd30,2,1
5e389daa44578a0948ccfc12,2,1
5e389de844578a0948cf1df6,1,1
5e38a49c44578a0948f734ba,4,4
5e38a55144578a0948ffecc5,2,2
5e38a61844578a0948073e6b,4,4
5e38a7ae44578a0948197c07,1,1
5e38a81c44578a09481eaf91,2,2
5e38a88044578a09482328ac,3,3
5e38a8a444578a094824ca39,1,1
5e38a9f444578a09483a2458,1,1
5e38aa3444578a09483f2a5d,1,1
5e38aa6f44578a094843c8f1,4,1
5e38aaa444578a094847f8f9,1,1
5e38ab0044578a094851b434,4,4
5e38abae44578a09486a6194,1,1
5e38abc644578a09486db120,2,2
5e38abf244578a0948739f77,4,4
5e38ac0b44578a0948774791,4,4
5e38ac2c44578a09487bd37d,4,4
5e38ac2f44578a09487c4320,2,2
5e38ac7544578a094884e4ad,1,1
5e38ac7a44578a0948856ef6,2,4
5e38acd544578a09488def7c,4,4
5e38aced44578a09489046e6,2,2
5e3da5ac44578a0948a36e44,4,2
5e3da5bb44578a0948a407d5,1,1
5e3da5d244578a0948a4ea8c,4,4
5e3da61444578a0948a7cfb5,4,4
5e3da66244578a0948ab39ee,2,2
5e3da7dd44578a0948ba0c95,2,4
5e3da7eb44578a0948babb9a,2,4
5e3da8a944578a0948c33e50,1,1
5e3da8af44578a0948c39017,1,1
5e3da8dc44578a0948c5866a,1,1
5e3da90b44578a0948c79e3f,1,1
5e3da92544578a0948c8c12e,1,1
5e3da93b44578a0948c9c738,2,4
5e3dab7e44578a0948e2548f,1,1
5e3dacde44578a0948ef4337,1,1
5e3dad3044578a0948f23cea,1,1
5e3dad3d44578a0948f2adfc,2,2
5e3dad9544578a0948f60ce2,1,1
5e3dadad44578a0948f71a49,2,2
5e3dadd844578a0948f8ff59,1,1
5e3dae3b44578a0948fd3648,1,1
5e3dae5144578a0948fe1153,1,1
5e3dae5644578a0948fe3aad,2,2
5e3daf2e44578a094807ac6f,2,2
5e3dafb844578a09480cf492,1,1
5e3db0a144578a094815d740,4,4
5e3db16c44578a09481d1d0b,2,2
5e3db2bc44578a09482ad194,2,2
5e3db36844578a094831df73,2,2
5e3db38b44578a0948336fcf,2,2
5e3db75344578a09485d0873,1,1
5e3db8c744578a09486cf772,1,1
5e3db99844578a094874b914,4,4
5e3db9c944578a094876981e,1,1
5e3dba6444578a09487c5398,2,2
5e3dbab344578a09487f3852,1,1
5e3dbb6a44578a094885c018,4,1
5e3dbbb544578a094888888f,4,4
5e3dbeb544578a0948a2b633,4,4
5e3dbf3744578a0948a75a11,1,1
5e3dbff344578a0948b0791c,2,2
5e3dc05a44578a0948b638d8,4,1
5e3dc09844578a0948b9545c,1,1
5e3dc14144578a0948c220c1,1,1
5e3dc21544578a0948cd9132,4,4
5e3dc2b844578a0948dd4f4f,4,4
5e3de13b44578a0948eb1abb,2,2
5e3de89944578a094804d360,1,1
5e3de8f644578a0948063291,4,4
5e3de9ee44578a09480b5690,1,1
5e3dea2d44578a09480c9ba2,1,1
5e3dea7a44578a09480e4f09,2,2
5e3debd544578a0948156afe,1,1
5e3ded9f44578a094820c8bf,1,1
5e3dedce44578a09482309da,2,2
5e3dee3f44578a0948282926,1,1
5e3deeb044578a09482c4d5b,4,4
5e3deee044578a09482e562c,2,2
5e3df1e344578a094836c760,4,4
5e3df52744578a09483d9b12,4,4
5e3df91044578a0948482793,1,1
5e3df9cf44578a094849b1c7,1,1
5e3e005744578a09485e3184,2,2
5e3e00d444578a0948610b24,4,4
5e3e04e144578a09487a081d,1,1
5e3e052244578a09487cbbf9,1,1
5e3e061d44578a0948867985,2,1
5e3e073144578a094891cae3,1,1
5e3e097244578a0948aa9028,4,4
5e3e099a44578a0948abb215,4,4
5e3e09e244578a0948ae41ec,1,1
5e3e09e844578a0948aea436,1,1
5e3e0c7544578a0948d4d057,4,4
5e3e0cbd44578a0948decee9,1,1
5e3e0e2c44578a0948ea763b,1,1
5e3e0e6544578a0948ec6c29,2,2
5e3e0eac44578a0948f3a74c,1,1
5e3e0f9144578a0948fdd010,4,2
5e3e0fc344578a094802ae48,2,2
5e3e106244578a09481085ae,1,1
5e3e107144578a094811726a,2,4
5e3e10f844578a09481b69b6,1,1
5e4aea4b44578a09482f2c59,1,1
5e4aea8444578a09482f8cbd,2,2
5e4aee1844578a0948378e1c,2,4
5e4af30944578a0948452b47,1,3
5e4af66944578a09484e8f8a,2,2
5e4afa1344578a09485dc820,2,4
5e4afc4d44578a0948679e74,1,1
5e4afd6e44578a09486cd406,4,4
5e4afe8144578a0948715c52,1,1
5e4b00cc44578a094878c289,1,1
5e4b01a644578a09487fd3ca,1,1
5e4b025e44578a094882ccbe,1,1
5e4b031244578a094888dc91,4,4
5e4b060a44578a094897e5b6,2,2
5e4b06fa44578a09489f2deb,1,1
5e4b091644578a0948a7173f,2,1
5e4b092b44578a0948a798c6,2,2
5e4b093744578a0948a7e221,2,2
5e4b0a8344578a0948b01230,2,2
5e4b0d2a44578a0948bda813,2,2
5e4b0e1644578a0948c22479,4,4
5e4b153a44578a0948dfae7b,1,1
5e4b161b44578a0948e4df76,2,2
5e4b18c144578a0948f49607,1,1
5e4b192f44578a0948f7164a,2,2
5e4b1c7144578a0948023e66,2,2
5e4b1f6544578a0948131df9,4,4
5e4b1f8f44578a09481422d0,1,1
5e4b21f344578a0948231ece,2,4
5e4b238c44578a09482d53be,4,4
5e4b2dc144578a09484ddc68,2,2
5e4b38eb44578a094862c536,4,4
5e4b3b6744578a094867ef83,2,2
5e4b3d2f44578a09486b8578,2,2
5e4b3f1144578a09486f1651,2,2
5e4b419244578a094873f3e0,2,2
5e4b42f544578a094878fc00,2,2
5e4b43da44578a09487c14dc,4,4
5e4b460744578a094884682b,2,4
5e4b476644578a09488a30cb,1,1
5e4b48dd44578a094894e708,1,1
5e4b501544578a0948a8c1d0,2,2
5e4b50db44578a0948aabef0,1,1
5e4b55dc44578a0948bd3196,4,4
5e4b5b0644578a0948c95022,1,4
5e4b5d8944578a0948d1b407,2,2
5e4b5de044578a0948d2ff30,2,2
5e4b602144578a0948da0cee,4,2
5e4b63c744578a0948e933f0,2,2
5e4b6cdd44578a09481bfd21,1,1
5e4b76c344578a0948538090,4,4
5e4b7a3b44578a0948734f9f,1,1
5e4b7a4d44578a09487433c9,2,2
5e4b7bec44578a094888b610,2,4
5e4b7d0744578a0948917c60,4,2
5e4b7e3644578a094898c304,1,1
5e4b834744578a0948b368f8,2,2
5e4b83be44578a0948b60404,1,1
5e4b841d44578a0948baa489,4,4
5e4b859444578a0948c5ea5f,1,1
5e4b86aa44578a0948d06f3f,1,2
5e4b86f244578a0948d429e1,5,2
5e4b87fa44578a0948dd8e76,4,4
5e4b887144578a0948dff766,1,1
5e4b88bf44578a0948e27ce9,1,1
5e4b89be44578a0948e61ec2,4,4
5e4b8a2b44578a0948e9510b,4,4
5e4b8ad044578a0948ed79e7,4,4
5e4b8e2644578a0948fe821d,2,1
5e4b8e6744578a0948005791,1,1
5e4b8eac44578a094801665d,4,1
5e4b91f944578a0948098d78,2,4
5e4b936e44578a09480da64a,4,4
5e4b952b44578a09481d1928,2,2
5e4b96d844578a09482afe62,4,1
5e4b96f244578a09482be975,4,4
5e4b990b44578a09483c0578,4,4
5e4b996244578a09483e9982,1,1
5e4b9aee44578a094847d4fe,4,4
5e4b9b6844578a09484d2a34,1,1
5e4b9c3744578a09485720fd,4,4
5e4b9dfd44578a094868f9ba,2,1
5e4b9e9a44578a0948715839,4,1
5e4ba1bf44578a094890d85c,1,1
5e4ba1fc44578a0948940f23,2,4
5e4ba4e944578a0948ac8927,4,4
5e4ba5fc44578a0948b5cd11,2,2
5e4ba7b044578a0948c21ba4,1,1
5e4ba9d844578a0948d330d3,4,4
5e4baa5d44578a0948d9187b,4,4
5e4baa7044578a0948da3b04,2,2
5e4bab4044578a0948e0c793,2,2
5e4bad2144578a0948f1ab95,2,2
5e4bae3744578a0948f6444f,4,4
5e4baf9644578a094801d586,1,1
5e4bafe844578a094806cb34,4,4
5e4bb14044578a09480ff11e,4,4
5e4bb34e44578a09481c264a,4,4
5e4bb5d044578a094833575f,2,2
5e4bb80544578a0948476bb5,1,1
5e4bb82244578a094848cd6b,1,1
5e4bb84444578a09484a818e,4,4
5e4bb85644578a09484b5647,1,1
5e4bb86344578a09484beeee,4,4
5e4bbdc044578a0948612dde,1,2
5e4bbde844578a094862a0e2,1,1
5e4bbde844578a094862b7c1,4,4
5e4bbe1044578a09486656dd,4,4
5e4bbe2444578a094867bf0f,2,1
5e4bbe6444578a09486bcfa0,1,1
5e4bbf5844578a0948746ec4,1,1
5e4bc1d844578a09487d3d5e,1,1
5e4bc30644578a0948854caa,4,2
5e4bc52744578a0948994935,1,1
5e4bc53444578a09489a1c84,2,2
5e4bc57f44578a09489e8dca,4,4
5e4bc6ab44578a0948acbed2,2,2
5e4bc6ba44578a0948ad9f08,1,1
5e4bca2944578a0948bf179c,4,4
5e4bcc1644578a0948c492f4,1,1
5e4bccd344578a0948c85964,1,1
5e4bcce544578a0948c96df0,2,2
5e4bd70d44578a0948f224a3,2,2
5e4bd88144578a0948020356,1,1
5e4bdc1244578a094819a631,4,4
5e4bdd2b44578a0948218b54,4,4
5e4bde3f44578a094831501a,2,2
5e4bdea444578a094837f6cc,4,4
5e4bdebe44578a09483a06aa,2,2
5e4bdf7d44578a09484147e2,4,4
5e4be05c44578a094845197a,4,4
5e4be0c844578a09484a6537,4,4
5e4be0c844578a09484a6d4e,4,2
5e4be0ff44578a09484cc00f,2,2
5e4be12544578a09484e56e7,1,1
5e4be12b44578a09484ea44d,2,2
5e4be18c44578a0948565020,2,2
5e4be43344578a09486750c7,1,4
5e4be48844578a094869f1ba,2,2
5e4be4e744578a09486b2df8,1,1
5e4be57b44578a09486de3b8,4,4
5e4be5e744578a094870d2c1,4,1
5e4be6b544578a094874a821,2,2
5e4be74344578a09487a3b21,1,1
5e4be82344578a094886268e,1,2
5e4bfc3c44578a094892c11b,4,4
5e4bfdb744578a09489702de,4,4
5e4c006144578a09489d37df,2,2
5e4c049c44578a0948ab1cae,1,1
5e4c058144578a0948b1cf2c,2,4
5e4c063744578a0948b66fba,1,1
5e4c0e9c44578a0948d2d61a,4,4
5e4c0fad44578a0948d6bd45,1,1
5e4c17db44578a0948f594c9,4,4
5e4c187044578a0948fbd274,4,2
5e4c1bcc44578a09480d03f5,1,1
5e4c1c2544578a0948113820,2,4
5e4c1d5944578a09481f2759,1,1
5e4c1dff44578a09482618d7,2,2
5e4c1e0044578a09482623c3,2,2
5e4c1e8844578a094831094e,2,2
5e4c1f8d44578a09483de1c9,2,2
5e4c224544578a09484b6578,4,4
5e4c22eb44578a0948503e00,2,2
5e4c23d844578a09485436cf,1,1
5e4c27ff44578a09485e6a86,2,2
5e4c283f44578a094862094f,1,1
5e4c284044578a0948622078,2,2
5e4c291244578a094869a5ca,2,1
5e4c2b0f44578a0948720456,1,1
5e4c2c3044578a0948782378,4,4
5e4c2c6a44578a09487c374b,1,1
5e4c2eb544578a094888d3e7,4,4
5e4c2ecc44578a094889dbd6,4,4
5e4c2ed144578a09488a3b7a,4,4
5e4c2ee044578a09488be850,4,4
5e4c32d344578a0948b3d027,4,3
5e4c34e044578a0948bdf742,2,2
5e4c354e44578a0948c38fa8,1,1
5e4c35f144578a0948c7ba68,2,2
5e4c360744578a0948c90f8a,1,1
5e4c361744578a0948c97054,1,1
5e4c39aa44578a0948e2d47d,1,1
5e50a60344578a0948fa5e8f,2,2
5e50a79544578a094802df74,4,4
5e50af4444578a09482759b2,1,1
5e50b44444578a0948394f13,2,2
5e50b4a844578a09483af1b8,2,2
5e50baba44578a09484ef9b5,4,4
5e50bd8244578a094854eaf6,1,1
5e50bfd944578a0948588e80,4,4
5e50c30f44578a0948616e21,2,1
5e50c3ed44578a0948653496,2,4
5e50c41844578a0948668613,4,4
5e50c5a144578a09486dd196,2,4
5e50cb4144578a0948744de7,2,2
5e50cf4c44578a094882cca2,1,1
5e50d10944578a094888b145,4,4
5e50d4a244578a0948953e2c,4,1
5e50d4a444578a0948955780,4,4
5e50d69544578a0948998377,4,1
5e50d84244578a09489a5156,2,2
5e50dc2744578a0948a84c43,4,2
5e50dc6e44578a0948a9c6b4,1,2
5e50dc7344578a0948aa0d2e,1,1
5e50ddd844578a0948ad0b19,4,4
5e50e38844578a0948bed3f9,1,1
5e50e46444578a0948c6aba6,1,1
5e50e4ea44578a0948c83295,2,2
5e50e5ed44578a0948cde9e2,1,1
5e50eb7844578a0948ece0f3,4,2
5e50ec3744578a0948f21668,2,4
5e50edf044578a0948fd606f,1,1
5e50edfe44578a0948fe2660,2,4
5e50f05b44578a0948146446,2,4
5e50f0b744578a094816b81d,4,2
5e50f1ba44578a09481f98de,2,1
5e50f21344578a09482267de,1,1
5e50f57a44578a09483509b5,4,4
5e50f60844578a09483bc033,4,2
5e50f8cc44578a0948526640,4,4
5e50f8e744578a09485375c4,1,2
5e50f8f144578a094853f287,1,1
5e5100bb44578a0948780a3f,2,2
5e51011344578a09487b5106,2,2
5e51015b44578a09487e6e3b,4,4
5e51035f44578a09488d9a65,1,1
5e51041e44578a094893c805,4,4
5e51046a44578a0948958731,1,1
5e51064644578a09489b7246,2,4
5e510a4244578a0948ad1f14,3,3
5e510aa344578a0948ae5a5d,2,2
5e510feb44578a0948c180b7,1,2
5e51144044578a0948d44c24,4,4
5e51144e44578a0948d4b911,1,1
5e51146a44578a0948d57bf4,2,1
5e51157844578a0948dacad7,4,4
5e5115bb44578a0948dc6647,2,2
5e5117d344578a0948e5e155,2,2
5e51180144578a0948e73c43,1,1
5e5118f944578a0948f01c95,1,1
5e51193b44578a0948f406fd,4,4
5e51193f44578a0948f454ea,1,2
5e5119e444578a0948fb64f9,2,2
5e511b1144578a0948094fc6,4,4
5e511b4444578a09480a7d51,2,2
5e511b5d44578a09480acabc,2,2
5e511c9844578a0948140dcb,1,1
5e511d0844578a094816c195,4,4
5e511d1c44578a09481798c5,4,4
5e511d6444578a09481ada82,1,1
5e511db744578a09481c76f7,2,2
5e511df144578a09481f0072,1,1
5e5120a244578a0948370a4a,4,2
5e5120b344578a09483795fb,2,3
5e5187be44578a0948546c54,4,4
5e518b1e44578a0948593a5e,1,1
5e5194be44578a094868a526,4,4
5e5199c844578a0948739419,1,2
5e519a4744578a094875ed34,1,2
5e519ade44578a094876b72d,1,2
5e519b5744578a094878d62e,4,4
5e519c5344578a09487c9559,1,1
5e519edc44578a094887d9b4,4,4
5e519f4a44578a094889a276,4,4
5e51a22944578a09489123e7,2,3
5e51a3b544578a094897dfe2,1,1
5e51a3d144578a0948984ffc,4,4
5e51a66444578a0948a14a38,4,2
5e51a6dd44578a0948a5c17e,2,2
5e51a85544578a0948ad12a3,4,4
5e51a96a44578a0948b482c4,2,2
5e51b17c44578a0948d3ef89,1,1
5e51b18044578a0948d4294c,1,1
5e51b1a144578a0948d5cb4a,2,2
5e51b7a844578a0948f46157,2,2
5e51b94e44578a094800b77e,4,4
5e51bccb44578a094826f8b6,1,1
5e51bccc44578a0948270e4e,3,3
5e51bd6344578a09482ce98f,5,4
5e51c0b144578a094843e234,2,4
5e51c1d244578a09484ae2f6,4,4
5e51c28144578a09484f205e,2,4
5e51c2cb44578a0948544c42,4,4
5e51c30c44578a09485885cf,4,4
5e51c3dc44578a09485bcd52,4,4
5e51c41344578a09485ca096,1,2
5e51c52344578a0948623653,4,4
5e51c59144578a094867dadd,4,2
5e51c8f844578a0948821fbb,2,2
5e51cce444578a0948912f16,4,4
5e51cea744578a094898ea92,2,2
5e51d11844578a0948a24706,1,1
5e51d12a44578a0948a2b4f2,1,1
5e51d17744578a0948a685b7,2,2
5e51d22544578a0948b045f6,1,2
5e51d28e44578a0948b324af,3,2
5e51d3a844578a0948c050ce,1,1
5e51d60d44578a0948cfbd8f,1,1
5e51d87a44578a0948e82b4d,1,1
5e51d89144578a0948e9a909,4,4
5e51de7944578a09480a177b,2,2
5e51deac44578a09480cea7e,1,1
5e51df7544578a094819a2cb,1,1
5e51e02544578a09481bb064,4,4
5e51e08f44578a09481d8164,2,2
5e51e0cb44578a09481fff5b,4,4
5e51e3da44578a0948328996,4,3
5e51e49344578a0948363025,1,1
5e51e4cc44578a0948396195,1,1
5e51e59b44578a0948429fbb,1,1
5e51e9b844578a094854aef5,2,2
5e51ebfb44578a094868f849,4,4
5e51ee3a44578a09487a78d8,1,2
5e51eeb244578a0948809d61,2,2
5e51ef5b44578a09488854eb,1,1
5e51efb844578a09488b00cd,1,1
5e51f04f44578a09488fd199,2,2
5e51f0e644578a09489ab38d,1,1
5e51ff0decb9ab1534da34d6,4,4
5e52000fecb9ab1534eee073,1,1
5e520048ecb9ab1534f10243,1,1
5e52007eecb9ab1534f2e6c3,2,2
5e5200a3ecb9ab1534f4476e,2,1
5e520108ecb9ab1534f88a2c,4,2
5e520127ecb9ab1534fa0c53,1,2
5e52016cecb9ab15340126bf,2,2
5e52019becb9ab153405dfd9,2,4
5e520201ecb9ab153410673e,1,1
5e52044eecb9ab1534589896,2,1
5e520450ecb9ab153458be94,4,4
5e5205a1ecb9ab15347c63c1,2,2
5e5205e3ecb9ab153482dd75,2,4
5e520685ecb9ab153496baaa,4,1
5e520691ecb9ab15349800a0,2,2
5ebf7c12388f6a36d44a58d6,2,2
5ebf7c4f388f6a36d4508144,1,1
5ebf7c89388f6a36d456b42b,2,2
5ebf7c8b388f6a36d4570e51,1,1
5ebf7cc8388f6a36d45d298b,4,2
5ebf7d41388f6a36d469342a,2,2
5ebf7e92388f6a36d48be3ad,2,2
5ebf7f91388f6a36d4a5da03,4,4
5ebf817a388f6a36d4d5fe4b,1,1
5ebf81c8388f6a36d4de0e9e,2,2
5ebf81c9388f6a36d4de2451,1,2
5ebf8234388f6a36d4e92112,2,4
5ebf8240388f6a36d4ea2aae,4,4
5ebf8282388f6a36d4f05a22,3,4
5ebf8288388f6a36d4f0f79a,3,4
5ebf835b388f6a36d405b869,3,4
5ebf8383388f6a36d40992e3,2,2
5ebf83a0388f6a36d40c604c,4,4
5ebf83c7388f6a36d41173de,4,4
5ebf843a388f6a36d41ea875,2,4
5ebf845c388f6a36d4221107,4,3
5ebf84be388f6a36d42a185d,2,2
5ebf8602388f6a36d43cc872,1,1
5ebf86c4388f6a36d44f27c0,1,1
5ebf86da388f6a36d4501509,1,1
5ebf86f8388f6a36d452f569,1,1
5ebf8772388f6a36d459b334,4,4
5ebf886e388f6a36d46c9dd4,1,1
5ebf896a388f6a36d47f0d8c,2,2
5ebf89b4388f6a36d48818fb,4,4
5ebf89b8388f6a36d488af19,2,2
5ebf89bd388f6a36d489a0ba,2,2
5ebf89c7388f6a36d48b0033,2,4
5ebf89e1388f6a36d48d4391,1,1
5ebf89ef388f6a36d48ebeca,1,1
5ebf8a1d388f6a36d494b71e,1,1
5ebf8a1d388f6a36d494bb08,4,4
5ebf8a44388f6a36d49b9f5d,1,1
5ebf8a61388f6a36d4a0bb07,2,2
5ebf8a74388f6a36d4a3a1fc,4,4
5ebf8a87388f6a36d4a6b6ef,2,2
5ebf8a92388f6a36d4a8aeea,4,3
5ebf8add388f6a36d4b4329f,1,1
5ebf8b1f388f6a36d4bd4ac4,2,2
5ebf8b2a388f6a36d4be45b1,3,3
5ebf8b58388f6a36d4c5c744,4,4
5ebf8b6d388f6a36d4c90af3,4,4
5ebf8b72388f6a36d4c9f1c7,2,2
5ebf8c4b388f6a36d4e62962,2,2
5ebf8c4e388f6a36d4e675c4,2,2
5ebf8c50388f6a36d4e6a5c3,4,2
5ebf8d77388f6a36d40911ef,1,1
5ebf8ddb388f6a36d4154a2c,2,2
5ebf8e6d388f6a36d4290e0b,1,1
5ebf9455388f6a36d466a215,2,4
5ebf9464388f6a36d4682acd,1,1
5ebf946e388f6a36d4692dcd,4,4
5ebf946e388f6a36d4693c65,2,2
5ec03943388f6a36d42f93d2,2,1
5ec03a1e388f6a36d435b6b6,2,4
5ec03a33388f6a36d4366599,4,4
5ec03a99388f6a36d438d49b,1,1
5ec03ade388f6a36d43d03ce,2,2
5ec03b6d388f6a36d448a3b1,1,1
5ec03bf8388f6a36d451c4fa,4,4
5ec03bfc388f6a36d452100f,1,1
5ec03c21388f6a36d45438e6,2,2
5ec03c9d388f6a36d45ea121,4,4
5ec03cb4388f6a36d460959f,1,1
5ec03cdf388f6a36d463ddac,1,1
5ec03d3e388f6a36d46cb44d,4,4
5ec03f0f388f6a36d47da40b,1,1
5ec04070388f6a36d48961d6,2,2
5ec04199388f6a36d493ba8b,1,1
5ec041e0388f6a36d49704b1,2,2
5ec041e3388f6a36d4974296,1,1
5ec041f7388f6a36d498a0fb,2,2
5ec042ea388f6a36d4abdb6f,1,1
5ec042f6388f6a36d4ad2327,2,1
5ec04463388f6a36d4c73f88,4,4
5ec04562388f6a36d4e4374e,4,4
5ec0456a388f6a36d4e4fdee,4,4
5ec045b5388f6a36d4ec2217,4,4
5ec045c1388f6a36d4ed7f07,4,4
5ec045eb388f6a36d4f1e121,1,1
5ec0ecc1388f6a36d4fc95c9,5,2
5ec0ecfb388f6a36d401ee17,1,1
5ec0ed2c388f6a36d406b1be,4,4
5ec0ed7c388f6a36d410852e,4,4
5ec0ee6f388f6a36d42bc75a,2,2
5ec0ee87388f6a36d42fe1da,1,1
5ec0ee97388f6a36d43136ea,2,2
5ec0eebe388f6a36d435a14a,1,1
5ec0eec1388f6a36d435e9a0,4,4
5ec0ef32388f6a36d444eb3a,1,1
5ec0ef4c388f6a36d448c066,2,2
5ec0ef8e388f6a36d4504834,2,2
5ec0ef8f388f6a36d450622f,1,1
5ec0f071388f6a36d46cad8b,4,4
5ec0f0a3388f6a36d4750dec,2,1
5ec0f0b6388f6a36d4784cab,2,2
5ec0f0c1388f6a36d47a15f7,1,1
5ec0f13c388f6a36d4864560,2,2
5ec0f177388f6a36d48f3f87,1,1
5ec0f188388f6a36d4925145,2,2
5ec0f219388f6a36d4a872a1,1,1
5ec0f234388f6a36d4ad4709,1,1
5ec0f278388f6a36d4b6c380,4,4
5ec0f290388f6a36d4b970fc,2,1
5ec0f316388f6a36d4c7a698,2,4
5ec0f389388f6a36d4d22fb7,1,1
5ec168ca388f6a36d4de029b,4,4
5ec169ee388f6a36d4f11e27,4,4
5ec16a78388f6a36d4fb86cb,1,1
5ec16ab1388f6a36d4ff8c90,1,1
5ec16abc388f6a36d4005cf3,5,4
5ec16b2b388f6a36d40722b1,2,4
5ec16b8a388f6a36d40daba8,1,2
5ec16b96388f6a36d40e5a90,2,2
5ec16bc7388f6a36d4122ed2,4,4
5ec16c1b388f6a36d418a0aa,2,2
5ec16c2a388f6a36d419a43c,2,1
5ec16c31388f6a36d41a3502,1,1
5ec16d72388f6a36d436e934,2,2
5ec16d75388f6a36d43739dc,1,1
5ec16db8388f6a36d43daa6d,1,1
5ec16dfa388f6a36d4447db2,4,4
5ec16e0d388f6a36d4467d9a,1,1
5ec16e26388f6a36d4491a38,2,2
5ec16eac388f6a36d456f6f2,1,1
5ec16f1b388f6a36d4622f4a,4,4
5ec16f29388f6a36d4639b09,4,4
5ec16f76388f6a36d46b4050,2,2
5ec1739a388f6a36d478d262,2,4
5ec173d1388f6a36d47d41c4,4,4
5ec174c7388f6a36d4948f04,2,2
5ec174e0388f6a36d49721b4,4,4
5ec17542388f6a36d4a1144c,2,2
5ec17557388f6a36d4a34c69,1,1
5ec17984388f6a36d4a7c80e,1,1
5ec180a2388f6a36d4bbd6bb,4,4
5ec180cc388f6a36d4bed2a2,2,2
5ec196e9388f6a36d4d2781b,4,4
5ec19718388f6a36d4d650df,1,1
5ec197b3388f6a36d4e1e68a,1,2
5ec1b3ae388f6a36d4f15e1f,1,1
5ec1b41f388f6a36d4f907fc,5,4
5ec1b43d388f6a36d4fab0d6,2,2
5ec1b448388f6a36d4fb669c,2,2
5ec1b47f388f6a36d4ffa09b,1,1
5ec1b4b1388f6a36d4035183,2,2
5ec1b515388f6a36d40a28da,4,4
5ec1b60d388f6a36d41bb69b,4,2
5ec1b6dc388f6a36d42295ad,1,1
5ec1b740388f6a36d42b128e,1,1
5ec1b78c388f6a36d43054d6,1,1
5ec1b793388f6a36d430d766,1,1
5ec1b79f388f6a36d431b6e9,5,4
5ec1b8f1388f6a36d4468478,1,1
5ec1c076388f6a36d4551e27,1,1
5ec1c0ca388f6a36d45a6973,1,1
5ec1c121388f6a36d4607acb,2,4
5ec1c26f388f6a36d4787fd9,2,2
5ec1c2b9388f6a36d47df430,2,4
5ec1c334388f6a36d486e3fd,2,4
5ec1ca9d388f6a36d491220b,2,2
5ec1cac6388f6a36d493d948,1,1
5ec1eb91388f6a36d49b11e9,2,2
5ec1eb9f388f6a36d49cf1a2,4,4
5ec1ebde388f6a36d4a1314f,2,1
5ec1ec3c388f6a36d4a86e7b,4,4
5ec1ed1b388f6a36d4bd418a,1,2
5ec1edb3388f6a36d4c90976,1,2
5ec1ee40388f6a36d4d4eba1,4,4
5ec1eed2388f6a36d4ddcc56,4,4
5ec2b709388f6a36d4ebba87,2,4
5ec2b8bc388f6a36d40488b9,1,2
5ec2b8e1388f6a36d4074259,1,1
5ec2b8fb388f6a36d409ad05,1,1
5ec2b93c388f6a36d40efae8,1,1
5ec2c9e1388f6a36d438e80d,4,4
5ec2c9eb388f6a36d4395c60,1,1
5ec2ca22388f6a36d43b1d80,1,1
5ec2cbb8388f6a36d448ffa4,1,1
5ec2cc83388f6a36d44fdb33,2,2
5ec2cdc5388f6a36d45a7b4e,1,2
5ec2d07b388f6a36d4725961,2,2
5ec2d0b8388f6a36d4752ceb,2,2
5ec2d13c388f6a36d47b93d6,1,1
5ec2d140388f6a36d47bc710,1,1
5ec2d176388f6a36d47e74d2,2,2
5ec2d302388f6a36d48dca87,2,4
5ec2d41e388f6a36d495e926,4,4
5ec2d4e8388f6a36d49c60a7,1,1
5ec2d62d388f6a36d4ac7e8c,2,2
5ec2d6b4388f6a36d4b25d48,4,4
5ec2d6f2388f6a36d4b5c159,2,2
5ec2d710388f6a36d4b7641a,2,2
5ec2d8c9388f6a36d4ca6099,2,1
5ec38a6b388f6a36d4da6891,2,2
5ec38b41388f6a36d4e7e98b,3,4
5ec38c75388f6a36d409ce61,2,4
5ec38cf8388f6a36d417ade3,1,4
5ec38d50388f6a36d422ed1b,1,1
5ec38da9388f6a36d42cca52,1,1
5ec38dec388f6a36d4334f62,2,2
5ec38f08388f6a36d44e4276,2,2
5ec38fa5388f6a36d46345b0,1,1
5ec38fc1388f6a36d4666c5b,1,1
5ec39096388f6a36d4811bca,1,1
5ec390e5388f6a36d48c6eaf,4,4
5ec3915d388f6a36d4993e25,4,2
5ec3921d388f6a36d4ae5058,1,1
5ec39280388f6a36d4b7dbf7,1,1
5ec392b3388f6a36d4bd4057,1,1
5ec39305388f6a36d4c9acae,1,1
5ec394f2388f6a36d4007180,2,2
5ec39562388f6a36d4117c93,2,2
5ec395a5388f6a36d41afc8b,4,4
5ec3981d388f6a36d448b613,2,2
5ec398cf388f6a36d4606fd9,1,1
5ec3995d388f6a36d4702cf2,2,2
5ec399f9388f6a36d48019e3,1,1
5ec39a64388f6a36d489160c,3,4
5ec39ac8388f6a36d497d1ed,2,2
5ec39b3f388f6a36d4a93821,2,4
5ec39b51388f6a36d4ac0795,2,2
5ec39b54388f6a36d4ac7c09,2,2
5ec39b5f388f6a36d4ae4001,1,1
5ec39ba2388f6a36d4b8296b,1,1
5ec39c16388f6a36d4c71b03,2,2
5ec39c40388f6a36d4cb57d0,2,2
5ec39e7b388f6a36d4026ff0,1,2
5ec39e8e388f6a36d40424fd,1,1
5ec3a343388f6a36d41c3886,4,4
5ec3a3d6388f6a36d42cb136,2,4
5ec3a484388f6a36d44223ef,1,1
5ec3a49d388f6a36d4453b5d,1,4
5ec3a4b7388f6a36d4489082,2,2
5ec3a50c388f6a36d45024ca,2,4
5ec3a51c388f6a36d451c2bc,2,4
5ec3a697388f6a36d474a89f,4,4
5ec3a6d6388f6a36d4770cf6,1,4
5ec3a9ab388f6a36d4a2a9a9,1,1
5ec3a9f4388f6a36d4a98f62,4,4
5ec3aa09388f6a36d4abdc26,2,2
5ec3aa97388f6a36d4bd5128,2,2
5ec3ab2f388f6a36d4d216f9,4,4
5ec3ab3b388f6a36d4d35a0d,1,1
5ec3ab70388f6a36d4d9e903,2,2
5ec3ab81388f6a36d4dc51b2,4,4
5ec3abb5388f6a36d4e4aaea,4,4
5ec3abcc388f6a36d4e78788,2,2
5ec3acce388f6a36d4009a98,4,4
5ec3acda388f6a36d40197b8,2,2
5ec3ad19388f6a36d409117b,1,1
5ec3ad62388f6a36d4116a50,1,1
5ec3ad7b388f6a36d414d739,2,2
5ec3adaa388f6a36d41ad171,1,1
5ec3ae23388f6a36d4239ab7,1,1
5ec3ae96388f6a36d42e1c4d,4,4
5ec3aeab388f6a36d4312cb8,1,1
5ec3aef8388f6a36d436ea4c,2,2
5ec3af34388f6a36d43a742b,2,1
5ec3af45388f6a36d43b8133,4,4
5ec3b014388f6a36d44bed1b,2,2
5ec3b141388f6a36d46f6023,2,2
5ec3b217388f6a36d48f528a,1,1
5ec3b25e388f6a36d4995719,1,1
5ec3b286388f6a36d49f68c2,2,2
5ec3b2dc388f6a36d4a7e30d,1,1
5ec3b60f388f6a36d4fbfd59,5,4
5ec3b651388f6a36d4055d36,4,4
5ec3b660388f6a36d407394a,2,4
5ec3b68d388f6a36d40c633c,1,1
5ec3b6b2388f6a36d40f091f,2,2
5ec3b6e8388f6a36d4148c35,1,1
5ec3b70e388f6a36d4187b42,4,4
5ec3b711388f6a36d418c23d,4,4
5ec3b74f388f6a36d41db08e,2,2
5ec3b769388f6a36d42051eb,1,2
5ec3b79f388f6a36d425d2b5,1,1
5ec3b7dc388f6a36d42b79c1,4,4
5ec5c2b32e44261eda10da4d,2,1
5ec5c2cc2e44261eda128cf5,2,2
5ec5ead82e44261eda3468ed,1,1
5ec691222e44261eda4bd2c0,2,2
5ec691622e44261eda54dae6,3,3
5ec691762e44261eda5795e8,1,1
5ec691b12e44261eda5dda28,1,1
5ec692072e44261eda69c5ac,4,2
5ec692822e44261eda7c40b1,1,1
5ec6929b2e44261eda7fa935,2,1
5ec694532e44261eda880ccc,4,4
5ec694592e44261eda889e77,1,2
5ec694612e44261eda899a24,2,2
5ecb13ab2e44261edaad7e02,1,2
5ecb14a32e44261edac56bf8,2,2
5ecb14ad2e44261edac5fa50,2,2
5ecb14d52e44261edac83ff3,1,1
5ecb153a2e44261edad2bb42,2,2
5ecb15e52e44261edadef09b,1,1
5ecb16122e44261edae38a8c,1,4
5ecb16fe2e44261edaf20e17,1,1
5ecb17122e44261edaf33d37,2,2
5ecb17502e44261edaf5e96f,4,4
5ecb17692e44261edaf6ae7a,1,1
5ecb182a2e44261eda0206fb,1,1
5ecb18352e44261eda0333a5,1,1
5ecb18412e44261eda045b04,1,1
5ecb184e2e44261eda05eed2,1,1
5ecb18592e44261eda0702f4,1,1
5ecb18a42e44261eda0ec005,4,4
5ecb19292e44261eda1e179f,2,4
5ecb19422e44261eda20d2db,1,1
5ecb198b2e44261eda2631a9,1,1
5ecb1adf2e44261eda3801c5,2,1
5ecb1b732e44261eda4916bd,2,2
5ecb1bc42e44261eda4f8d55,4,4
5ecb1c772e44261eda627e5e,1,1
5ecb1caf2e44261eda685726,1,1
5ecb1d3d2e44261eda78cefc,4,4
5ecb1d772e44261eda7fc40b,2,2
5ecb1d9d2e44261eda844a69,1,1
5ecb1f832e44261edaa8422c,4,4
5ecb221e2e44261edaca1212,2,4
5ecb36c12e44261edafeba99,2,2
5ecb37d22e44261eda0ad3d9,2,2
5ecb382b2e44261eda116404,2,1
5ecb38a82e44261eda19ad0c,4,4
5ecb38ab2e44261eda19e1f9,4,4
5ecb38b22e44261eda1a6107,1,1
5ecb39452e44261eda26fca9,2,1
5ecb39f92e44261eda3e7dbc,2,2
5ecb3a1e2e44261eda446c3a,5,4
5ecb3a1e2e44261eda4482c2,1,1
5ecb3a2e2e44261eda474ade,1,1
5ecb3a722e44261eda506ac9,4,4
5ecb3b0a2e44261eda600b93,4,4
5ecb48d32e44261eda7ef51b,2,2
5ecb4a732e44261eda940188,4,1
5ecb4a912e44261eda97e19f,1,1
5ecb4a972e44261eda9898d8,2,2
5ecb4ad12e44261eda9ea75a,4,4
5ecb4b302e44261edaab5e0a,2,1
5ecb4b952e44261edab96540,1,1
5ecb4bfa2e44261edac8852f,2,2
5ecb4c332e44261edad20c77,1,1
5ecb4c5d2e44261edad9cae5,2,2
5ecb542f2e44261edaf5b5a9,4,4
5ecb55832e44261eda09de5f,1,1
5ecb55902e44261eda0b40a6,1,1
5ecb560a2e44261eda19265c,1,1
5ecb57a82e44261eda3b1204,2,2
5ecb57aa2e44261eda3b369c,2,2
5ecb57c82e44261eda3e720f,4,3
5ecb57d12e44261eda3f9e9a,4,4
5ecb58062e44261eda46f9da,2,2
5ecb580c2e44261eda478830,2,4
5ecb581e2e44261eda4a1086,2,2
5ecb58552e44261eda504462,1,2
5ecb59b42e44261eda775172,4,4
5ecb5a112e44261eda8567b1,1,2
5ecb5a942e44261eda95accf,1,2
5ecb5b132e44261edaa50523,1,1
5ecb5b432e44261edaabc33e,2,2
5ecb5b522e44261edaadc975,2,4
5ecb5b7f2e44261edab4ae26,4,4
5ecb5bc22e44261edabf84d9,4,4
5ecb5bf82e44261edac811a7,1,1
5ecb5c6a2e44261edad228d2,4,4
5ecb5cba2e44261edad837a3,4,4
5ecb5cc02e44261edad8d202,1,2
5ecb5d1c2e44261edae2bae5,1,4
5ecb5d512e44261edaea27d8,2,2
5ecb5d612e44261edaecaa99,2,2
5ecb5d7c2e44261edaf0bea6,3,2
5ecb5d872e44261edaf28496,2,2
5ecb5d9c2e44261edaf5f487,1,1
5ecb5db82e44261edaf9a2d4,2,2
5ecc4f03b4700f2ddce2ec17,4,4
5ecc4f30b4700f2ddcea7100,2,2
5ecc4f37b4700f2ddceb7222,1,1
5ecc4f45b4700f2ddced99c2,2,2
5ecc4f4db4700f2ddceeea7a,4,4
5ecc4f60b4700f2ddcf19e13,1,1
5ecc4f6eb4700f2ddcf41254,1,1
5ecc4ffcb4700f2ddc0ae802,1,1
5ecc5090b4700f2ddc236d57,1,1
5ecc50c4b4700f2ddc2b4446,1,1
5ecc5184b4700f2ddc48be17,1,1
5ecc5195b4700f2ddc4bab13,2,2
5ecc5205b4700f2ddc5eb725,2,1
5ecc5258b4700f2ddc6c0cf2,1,1
5ecc5276b4700f2ddc719d2e,4,4
5ecc52a0b4700f2ddc77b6c2,4,4
5ecc52a9b4700f2ddc7885cf,4,4
5ecc52b8b4700f2ddc7af1ab,2,2
5ecc52bbb4700f2ddc7b7b2a,4,4
5ecc52c3b4700f2ddc7ced69,1,1
5ecc52fdb4700f2ddc84e802,1,1
5ecc5352b4700f2ddc93acef,2,2
5ecc536cb4700f2ddc989fc3,2,4
5ecc53b7b4700f2ddca56193,4,4
5ecc53bfb4700f2ddca6d300,2,2
5ecc53e5b4700f2ddcaa41b9,2,2
5ecc54e2b4700f2ddcac2e29,1,1
5ecc5814b4700f2ddcaf15ec,4,4
5ecc5d32b4700f2ddcb26fb8,2,2
5ecc77a2b4700f2ddcc4cad2,2,2
5ecc77e6b4700f2ddccb19fb,2,1
5ecc782ab4700f2ddcd1f935,4,4
5ecc78ddb4700f2ddce4e36d,4,4
5ecc78e3b4700f2ddce591d3,1,1
5ecc78e3b4700f2ddce59451,1,1
5ecc7a05b4700f2ddc033573,2,2
5ecc7a09b4700f2ddc03a7b9,1,1
5ecd28bdb4700f2ddc1bffd0,2,2
5ecd292db4700f2ddc277925,2,2
5ecd41bcb4700f6cb3213459,1,1
5ecd41fcb4700f6cb327d619,2,2
5ecd4202b4700f6cb3287906,1,1
5ecd42a4b4700f6cb338ed01,4,4
5ece81bef46b2b34fcdc74e5,4,4
5ece81c7f46b2b34fcddfe5b,4,4
5ece820ff46b2b34fcea6573,2,2
5ece8223f46b2b34fcee13c7,2,4
5ece824bf46b2b34fcf56535,1,2
5ece825cf46b2b34fcf8afc6,2,1
5ece8271f46b2b34fcfc9f2f,1,1
5ece8273f46b2b34fcfcf13e,2,2
5ece829df46b2b34fc049c74,2,2
5ece8301f46b2b34fc15aaba,4,2
5ece831bf46b2b34fc1a41b8,2,2
5ece8328f46b2b34fc1c8ea5,1,1
5ece8343f46b2b34fc218aae,2,2
5ece836ff46b2b34fc292af7,1,1
5ece8400f46b2b34fc434086,1,1
5ece8419f46b2b34fc47785a,1,1
5ece8458f46b2b34fc531aaf,2,2
5ece84c7f46b2b34fc65db04,1,1
5ece84dcf46b2b34fc696ba7,2,4
5ece865df46b2b34fc799010,2,2
5ece8779f46b2b34fca76f7d,4,4
5ece87d5f46b2b34fcb4331c,2,2
5ece888cf46b2b34fcd00ffd,2,4
5ece8893f46b2b34fcd0efab,2,2
5ece88f5f46b2b34fce011e8,1,1
5ece88fcf46b2b34fce10869,5,4
5ece8912f46b2b34fce455d0,1,1
5ece8a3df46b2b34fc032fb0,2,2
5ece8acaf46b2b34fc1112c5,1,1
5ece8afcf46b2b34fc16344d,4,4
5ece9a12f46b2b34fc1ad9c0,3,3
5ece9a70f46b2b34fc246be7,2,2
5ece9a8af46b2b34fc26c931,4,4
5ece9b01f46b2b34fc332190,2,2
5ece9b2ef46b2b34fc37c007,4,4
5ece9b6ff46b2b34fc3e7086,1,1
5ece9c1ef46b2b34fc508a9e,2,4
5ece9c6af46b2b34fc586fef,1,4
5ece9cbcf46b2b34fc614b5c,4,4
5ece9d40f46b2b34fc6ecb67,2,4
5ece9dfbf46b2b34fc81c2aa,2,2
5ece9e0ef46b2b34fc836257,2,2
5ece9e4af46b2b34fc89563e,2,4
5ece9eb9f46b2b34fc9488de,2,4
5ece9ee5f46b2b34fc98ebaa,4,2
5ece9ee9f46b2b34fc99512a,4,4
5ece9f44f46b2b34fca29899,1,1
5ece9fadf46b2b34fcad6a77,1,1
5ece9fc7f46b2b34fcb0097e,1,1
5ece9ff4f46b2b34fcb4a790,2,2
5ecea01df46b2b34fcb866ee,1,1
5ecea10bf46b2b34fcc1f227,4,4
5ecea23ff46b2b34fcedfb64,2,2
5ecea24ef46b2b34fcef780b,1,1
5ecea28ef46b2b34fcf60e38,2,4
5ecea5bef46b2b34fc0454db,2,2
5ecea5eaf46b2b34fc0bb350,4,4
5ecea635f46b2b34fc1832b1,1,3
5ecea654f46b2b34fc1d49bf,1,1
5ecea678f46b2b34fc22d5c8,2,2
5ecea6bbf46b2b34fc2d07b6,2,2
5ecea6cff46b2b34fc3061cc,2,2
5ecea6dcf46b2b34fc3282a6,2,1
5ecea6f3f46b2b34fc36504c,1,1
5ecea789f46b2b34fc4c3c8f,1,1
5ecea79cf46b2b34fc4f57e7,1,1
5ecea79df46b2b34fc4f7443,1,1
5ecea870f46b2b34fc6e511a,2,2
5ecea8d4f46b2b34fc7cac31,4,4
5ecea977f46b2b34fc8f497f,2,2
5ecea992f46b2b34fc921609,4,4
5ecea9b6f46b2b34fc959947,2,2
5eceaa57f46b2b34fca5f75b,1,1
5eceaa78f46b2b34fca983e6,4,4
5eceaaa0f46b2b34fcadba2d,2,2
5ecf0c614d3150ef57be53db,2,1
5ecf0e4a4d3150ef57ef920c,4,4
5ecf0eca4d3150ef57fd1419,2,2
5ecf0f964d3150ef5712e3c2,2,2
5ecf10104d3150ef571fc409,2,1
5ecf11004d3150ef573923f6,1,1
5ecf11144d3150ef573b3ca3,1,1
5ecf11294d3150ef573d6ef3,2,2
5ecf11904d3150ef57487fcb,2,2
5ecf11a94d3150ef574b25ae,2,2
5ecf122e4d3150ef57597533,4,4
5ecf12504d3150ef575d0a31,1,1
5ecf13154d3150ef5771846e,2,2
5ecf35ae4d315037d5f7a3ac,2,2
5ecf35c64d315037d5fc130c,4,2
5ecf36a34d315037d51e5c67,2,2
5ecf3cd24d315037d5226346,2,2
5ecfc6c44d315037d54ba1a7,2,2
5ecfc7034d315037d5529ca4,1,1
5ecfc7294d315037d55675a7,4,4
5ecfc7464d315037d5595d76,4,4